{"type":"FeatureCollection","features":[{"type":"Feature","id":"cross-river","properties":{"id":"cross-river","name":"Cross River","parentId":null,"level":"state"},"geometry":{"type":"Polygon","coordinates":[[[8.274469595822922,4.854722830920721],[8.24458965745599,4.88692386907162],[8.229649688272522,4.930325268318484],[8.184118353618148,4.965326396743374],[8.142144154483647,4.968126487017365],[8.12578133109223,4.982126938387322],[8.098035674037222,5.04302890184663],[8.099458528245172,5.1067309555799305],[8.069578589878239,5.136131903456838],[8.065310027254391,5.19913393462164],[8.04183293282323,5.234835085615028],[8.016932984184118,5.246735469279491],[7.992744462648982,5.206834182875117],[7.943655992474735,5.245335424142495],[7.923024606459473,5.294337003937342],[7.892433240988565,5.316737726129271],[7.86539901103753,5.314637658423778],[7.841210489502393,5.337738403184205],[7.904527501756132,5.341238516026694],[7.880338980220996,5.3671393510611125],[7.977093066361542,5.354538944828152],[7.986341618713212,5.370639463903602],[7.954327399034355,5.442041765890378],[7.930850304603192,5.477042894315268],[7.908084637276005,5.535844790069083],[7.915198908315752,5.655548649282208],[7.89029895967664,5.6849495971591155],[7.886741824156768,5.700350093666067],[7.911641772795878,5.725550906131988],[7.921601752251522,5.7598520119883805],[7.951481690618456,5.775252508495332],[7.932273158811142,5.822154020584685],[7.959307388762177,5.843154697639619],[7.966421659801922,5.869055532674038],[7.98776447292116,5.885156051749487],[7.986341618713212,5.981759166202184],[8.024047255223865,5.997859685277634],[8.052504339382848,5.985959301613171],[8.047524349655026,5.955858331167765],[8.064598600150417,5.943957947503303],[8.100881382453121,5.96075848914725],[8.113687070324664,5.9383577669553205],[8.167755530226733,5.969158759969224],[8.214709719089056,6.012560159216087],[8.24458965745599,6.018160339764069],[8.258106772431507,5.997859685277634],[8.28656385659049,6.016760294627074],[8.30221525287793,6.108463251100286],[8.33138376414089,6.135064108703203],[8.371223681963468,6.196666094731009],[8.400392193226425,6.216266726648948],[8.41817787082579,6.261068171032807],[8.39185506797873,6.306569637985165],[8.403949328746299,6.366071556307478],[8.445212100776825,6.385672188225416],[8.45659493444042,6.428373564903782],[8.422446433449638,6.4773751446986285],[8.406083610058221,6.485075392952105],[8.418889297929764,6.514476340829011],[8.391143640874756,6.522876611650986],[8.339920889388585,6.575378304288321],[8.294389554734211,6.6789816444259955],[8.320712357581272,6.678281621857497],[8.361263702507824,6.692982095795951],[8.39327792218668,6.742683698159295],[8.440232111049003,6.756684149529251],[8.468689195207986,6.746183811001785],[8.51564338407031,6.760184262371741],[8.578248969220073,6.765084420351226],[8.62093459545855,6.781184939426675],[8.641565981473812,6.818986158125556],[8.601726063651236,6.849787151139459],[8.606706053379058,6.85888744452993],[8.669311638528823,6.870087805625896],[8.703460139519603,6.896688663228812],[8.759662880733597,6.89108848268083],[8.83934271637875,6.869387783057398],[8.923291114647753,6.824586338673539],[8.974513866133924,6.788885187680151],[8.994433825045213,6.754584081823758],[8.970245303510076,6.704182456891917],[8.992299543733289,6.692282073227454],[9.027159471828044,6.650980741686084],[9.070556525170494,6.642580470864109],[9.136007818736157,6.679681666994494],[9.192921987054124,6.694382140932947],[9.255527572203889,6.7181829082618725],[9.300347479754288,6.720282975967367],[9.367933054631875,6.628580019494153],[9.402081555622656,6.60127913932274],[9.432672921093562,6.557177717507377],[9.471089984708192,6.524976679356479],[9.474647120228065,6.499775866890558],[9.458284296836649,6.404572797574857],[9.467532849188318,6.401072684732368],[9.43053863978164,6.324770224766107],[9.363664492008027,6.326170269903103],[9.33307312653712,6.279968780382248],[9.223513352525032,6.150464605210154],[9.071979379378444,6.013960204353083],[8.963131032470331,5.906856751372919],[8.929693958583524,5.900556548256439],[8.867799800537735,5.84595478791361],[8.861396956601963,5.825654133427173],[8.850725550042345,5.722750815857997],[8.880605488409277,5.656948694419203],[8.908351145464287,5.6296478142477895],[8.921868260439803,5.595346708391396],[8.908351145464287,5.559645557398008],[8.879182634201328,5.533044699795092],[8.859974102394014,5.497343548801704],[8.837208435066827,5.3797397572940735],[8.831517018235031,5.330738177499227],[8.84218842479465,5.2957370490743365],[8.824402747195284,5.188633596094173],[8.810174205115793,5.15153239996379],[8.746857192862054,5.0976306621894585],[8.720534390014993,5.057029353216587],[8.716265827391146,5.0297284730451715],[8.668600211424847,4.952025967941916],[8.648680252513559,4.935925448866467],[8.644411689889711,4.908624568695052],[8.618800314146625,4.9051244558525635],[8.604571772067134,4.868723282290677],[8.629471720706245,4.8407223795507655],[8.628048866498297,4.822521792769822],[8.587497521571745,4.8015211157148885],[8.545523322437242,4.802221138283386],[8.528449071941852,4.770020100132487],[8.522046228006081,4.7336189265706015],[8.532006207461725,4.710518181810174],[8.480783455975555,4.688817482186742],[8.454460653128494,4.699317820714209],[8.470112049415937,4.739919129687082],[8.41817787082579,4.725918678317125],[8.396835057706552,4.735018971707597],[8.371935109067442,4.774920258111972],[8.33138376414089,4.804321205988879],[8.30221525287793,4.844222492393254],[8.274469595822922,4.854722830920721]]]}},{"type":"Feature","id":"abuja-federal-capital-territory","properties":{"id":"abuja-federal-capital-territory","name":"Abuja Federal Capital Territory","parentId":null,"level":"state"},"geometry":{"type":"Polygon","coordinates":[[[6.981095120797107,8.443738539608956],[6.940543775870555,8.459139036115907],[6.828138293442569,8.457738990978912],[6.78474124010012,8.457738990978912],[6.779761250372298,8.580242940466029],[6.781184104580246,8.744048221494513],[6.792566938243841,8.839951313378712],[6.783318385892171,8.849051606769184],[6.788298375619993,9.270465193004862],[7.015243621787889,9.269065147867867],[7.219423200628597,9.113660137661354],[7.378782871918906,9.336267314443656],[7.5089740319462575,9.355167923793097],[7.542411105833063,9.387368961943995],[7.614265243334497,9.406269571293436],[7.64699089011733,9.408369638998929],[7.693233651875678,9.349567743245114],[7.723825017346586,9.329267088758677],[7.667622276132592,9.30336625372426],[7.588653867591413,9.129060634168304],[7.594345284423209,8.856051832454163],[7.59149957600731,8.835051155399228],[7.496168344074714,8.654445332726795],[7.4179113626375095,8.569742601938561],[7.3802057261268565,8.521441044712212],[7.365265756943389,8.487839961424317],[7.2706459521147675,8.46473921666389],[7.133340521047671,8.44933872015694],[7.124091968696002,8.422737862554023],[7.08354062376945,8.419237749711534],[7.079983488249576,8.44303851704046],[7.035875007803151,8.43953840419797],[6.981095120797107,8.443738539608956]]]}},{"type":"Feature","id":"ogun","properties":{"id":"ogun","name":"Ogun","parentId":null,"level":"state"},"geometry":{"type":"Polygon","coordinates":[[[4.483274558742304,6.326170269903103],[4.43632036987998,6.3471709469580375],[4.359486242650724,6.368171624012971],[4.368734795002394,6.4381738808627516],[4.353794825818927,6.450774287095712],[4.3125320537884,6.4451741065477295],[4.2847863967333915,6.455674445075196],[4.259886448094281,6.444474083979232],[4.225026519999525,6.473175009287642],[4.205106561088236,6.4717749641506455],[4.169535205889507,6.487175460657598],[4.16384378905771,6.506776092575536],[4.232852218143246,6.546677378979911],[4.240677916286966,6.5718781914458315],[4.222180811583627,6.595678958774757],[4.1780723311372014,6.6040792295967305],[4.101238203907945,6.557877740075876],[4.0720696926449875,6.571178168877334],[4.0542840150456225,6.615279590692696],[4.096258214180123,6.652380786823079],[4.091278224452301,6.679681666994494],[3.982429877544188,6.6824817572684845],[3.9788727420243153,6.692282073227454],[3.9119985942507034,6.681081712131489],[3.8621986969724817,6.6824817572684845],[3.4616652374347847,6.683181779836982],[3.441745278523496,6.662881125350546],[3.4524166850831146,6.641180425727114],[3.3926568083492485,6.638380335453123],[3.3528168905266713,6.652380786823079],[3.3449911923829507,6.671281396172519],[3.2852313156490847,6.686681892679472],[3.272425627777542,6.698582276343934],[3.2382771267867616,6.660781057645053],[3.237565699682787,6.6201797486721805],[3.193457219236362,6.577478371993815],[3.2012829173800825,6.5326769276099546],[3.175671541636997,6.514476340829011],[3.091723143367995,6.499775866890558],[2.954417712300898,6.501875934596051],[2.9537062851969234,6.512376273123518],[2.8854092832153624,6.511676250555021],[2.883986429007413,6.474575054424637],[2.8583750532643277,6.449374241958717],[2.8320522504172674,6.4451741065477295],[2.7936351868026392,6.461974648191676],[2.7374324455886465,6.452874354801205],[2.704706798805815,6.459874580486183],[2.7139553511574848,6.48017523497262],[2.7004382361819674,6.508176137712532],[2.7431238624204433,6.565577988329352],[2.7281838932369764,6.624379884083167],[2.752372414772113,6.669881351035524],[2.7779837905151985,6.6915820506589565],[2.787232342866868,6.7503839464127715],[2.728895320340951,6.772084646036204],[2.723915330613129,6.794485368228133],[2.7417010082124937,6.84348694802298],[2.732452455860824,6.924689565968724],[2.7032839445978656,6.9645908523730995],[2.7032839445978656,6.989091642270522],[2.7374324455886465,7.024092770695413],[2.7495267063562143,7.094095027545192],[2.7445467166283923,7.239699721792736],[2.7338753100687736,7.333502745971441],[2.7281838932369764,7.465807011417526],[2.716801059573383,7.598811299432109],[2.7431238624204433,7.78291723494703],[2.7402781540045447,7.813718227960933],[2.7125324969495357,7.852219469228313],[2.776560936307249,7.904721161865648],[2.7936351868026392,7.9425223805645295],[2.8213808438576486,7.950922651386503],[2.8391665214570136,7.933422087174058],[2.9074635234385746,7.913121432687622],[2.8882549916312605,7.890020687927194],[2.8811407205915147,7.857119627207798],[2.8861207103193367,7.768916783577074],[2.917423502894219,7.75771642248111],[2.920269211310117,7.708014820117766],[2.961531983340644,7.7444159936796515],[2.9814519422519323,7.807418024844454],[2.9850090777718057,7.85011940152282],[3.0113318806188656,7.830518769604881],[3.024848995594383,7.790617483200506],[3.0156004432427133,7.72271529405622],[2.996391911435399,7.697514481590298],[3.000660474059247,7.66181333059691],[2.9907004946036024,7.624712134466527],[2.9729148170042374,7.611411705665069],[3.007063317995018,7.556109922753743],[3.06468891341696,7.519708749191857],[3.0767831741845284,7.4910078238834465],[3.068957476040808,7.475607327376496],[3.082474591016325,7.4392061538146095],[3.155040155621734,7.378304190355301],[3.182785812676743,7.369903919533327],[3.256774231490101,7.363603716416847],[3.3065741287683226,7.313902114053503],[3.3243598063676876,7.315302159190498],[3.3499711821107727,7.362903693848349],[3.3855425373095027,7.401404935115728],[3.3826968288936046,7.43290595069813],[3.395502516765147,7.459506808301046],[3.4460138411473435,7.493807914157438],[3.4666452271626067,7.4714071919655085],[3.459530956122861,7.449706492342076],[3.497948019737489,7.39440470943075],[3.5406336459759644,7.439906176383108],[3.7071075883060196,7.447606424636583],[3.7063961612020453,7.411205251074698],[3.7199132761775626,7.387404483745772],[3.718490421969613,7.301301707820542],[3.7625989024160384,7.300601685252044],[3.7633103295200128,7.2305994284022646],[3.7803845800154035,7.202598525662352],[3.777538871599505,7.180897826038921],[3.794613122094895,7.13959649449755],[3.781807434223352,7.121395907716607],[3.727738974321283,7.096895117819184],[3.731296109841156,7.080794598743735],[3.939032824201738,7.083594689017726],[3.965355627048798,7.109495524052145],[4.005195544871375,7.128396133401585],[4.045746889797927,7.138196449360555],[4.088432516036403,7.13329629138107],[4.1709580600974565,7.170397487511453],[4.1858980292809225,7.085694756723219],[4.197992290048491,7.049293583161333],[4.218623676063753,7.04719351545584],[4.268423573341975,7.088494846997211],[4.298303511708909,7.090594914702704],[4.368734795002394,7.0590938991203025],[4.375849066042139,6.994691822818504],[4.40074901468125,6.980691371448549],[4.424226109112412,7.002392071071981],[4.4889659755741,6.991891732544513],[4.516000205525135,7.022692725558416],[4.57718293646695,7.0233927481269145],[4.609908583249782,7.031092996380391],[4.564377248595408,6.995391845387003],[4.556551550451687,6.958990671825116],[4.557262977555661,6.889688437543834],[4.546591570996043,6.841386880317486],[4.47971742322243,6.803585661618604],[4.422091827800488,6.762284330077234],[4.388654753913682,6.713282750282388],[4.382963337081885,6.634880222610634],[4.426360390424335,6.612479500418704],[4.454106047479345,6.6075793424392195],[4.491100256886024,6.508876160281029],[4.538054445748347,6.60127913932274],[4.567222957011306,6.63628026774763],[4.5864314888186195,6.641180425727114],[4.600660030898112,6.608979387576215],[4.588565770130543,6.5326769276099546],[4.60350573931401,6.490675573500086],[4.564377248595408,6.499075844322061],[4.56010868597156,6.450774287095712],[4.535208737332448,6.408072910417346],[4.598525749586187,6.366071556307478],[4.595680041170289,6.3345705407250765],[4.572202946739128,6.297469344594693],[4.547302998100017,6.3114697959646495],[4.483274558742304,6.326170269903103]]]}},{"type":"Feature","id":"oyo","properties":{"id":"oyo","name":"Oyo","parentId":null,"level":"state"},"geometry":{"type":"Polygon","coordinates":[[[4.088432516036403,7.13329629138107],[4.045746889797927,7.138196449360555],[4.005195544871375,7.128396133401585],[3.965355627048798,7.109495524052145],[3.939032824201738,7.083594689017726],[3.731296109841156,7.080794598743735],[3.727738974321283,7.096895117819184],[3.781807434223352,7.121395907716607],[3.794613122094895,7.13959649449755],[3.777538871599505,7.180897826038921],[3.7803845800154035,7.202598525662352],[3.7633103295200128,7.2305994284022646],[3.7625989024160384,7.300601685252044],[3.718490421969613,7.301301707820542],[3.7199132761775626,7.387404483745772],[3.7063961612020453,7.411205251074698],[3.7071075883060196,7.447606424636583],[3.5406336459759644,7.439906176383108],[3.497948019737489,7.39440470943075],[3.459530956122861,7.449706492342076],[3.4666452271626067,7.4714071919655085],[3.4460138411473435,7.493807914157438],[3.395502516765147,7.459506808301046],[3.3826968288936046,7.43290595069813],[3.3855425373095027,7.401404935115728],[3.3499711821107727,7.362903693848349],[3.3243598063676876,7.315302159190498],[3.3065741287683226,7.313902114053503],[3.256774231490101,7.363603716416847],[3.182785812676743,7.369903919533327],[3.155040155621734,7.378304190355301],[3.082474591016325,7.4392061538146095],[3.068957476040808,7.475607327376496],[3.0767831741845284,7.4910078238834465],[3.06468891341696,7.519708749191857],[3.007063317995018,7.556109922753743],[2.9729148170042374,7.611411705665069],[2.9907004946036024,7.624712134466527],[3.000660474059247,7.66181333059691],[2.996391911435399,7.697514481590298],[3.0156004432427133,7.72271529405622],[3.024848995594383,7.790617483200506],[3.0113318806188656,7.830518769604881],[2.9850090777718057,7.85011940152282],[2.9814519422519323,7.807418024844454],[2.961531983340644,7.7444159936796515],[2.920269211310117,7.708014820117766],[2.917423502894219,7.75771642248111],[2.8861207103193367,7.768916783577074],[2.8811407205915147,7.857119627207798],[2.8882549916312605,7.890020687927194],[2.9074635234385746,7.913121432687622],[2.8391665214570136,7.933422087174058],[2.8213808438576486,7.950922651386503],[2.7936351868026392,7.9425223805645295],[2.776560936307249,7.904721161865648],[2.7125324969495357,7.852219469228313],[2.692612538038247,7.906121207002644],[2.727472466133002,8.108427729298509],[2.753795268980062,8.2071309114567],[2.7281838932369764,8.256832513820044],[2.709686788533637,8.326134748101325],[2.7210696221972306,8.42413790769102],[2.752372414772113,8.4619391263899],[2.7630438213317317,8.51934097700672],[2.7530838418760872,8.535441496082168],[2.7566409773959606,8.575342782486544],[2.8021723120503346,8.610343910911434],[2.920980638414092,8.611743956048429],[3.014177589034764,8.71044713820662],[3.103817404135563,8.750348424610994],[3.163577280869429,8.808450297796313],[3.237565699682787,8.782549462761892],[3.2816741801292117,8.804250162385326],[3.3876768186214266,8.842751403652704],[3.5249822496885237,8.928854179577934],[3.599682095605856,8.956855082317846],[3.5954135329820085,8.999556458996212],[3.6174677732052207,9.003056571838702],[3.691456192018579,8.99675636872222],[3.720624703281537,9.01635700064016],[3.743390370608724,9.047157993654062],[3.754061777168343,9.120660363346332],[3.7704246005597586,9.146561198380752],[3.8259159146697774,9.182262349374138],[3.862910124076456,9.18856255249062],[3.921247146602373,9.173162055983667],[3.9447242410335344,9.148661266086243],[3.971758470984569,9.077958986667966],[3.990255575687909,9.048558038791057],[4.012309815911121,9.034557587421101],[4.210797977920033,8.970155511119305],[4.253483604158509,8.966655398276815],[4.290477813565188,8.991856210742736],[4.316089189308274,8.997456391290719],[4.334586294011613,8.980655849646771],[4.321069179036096,8.942154608379393],[4.257752166782357,8.90085327683802],[4.220757957375678,8.860951990433648],[4.195146581632592,8.816150546049787],[4.19016659190477,8.753148514884986],[4.209375123712084,8.680346167761215],[4.34810340898713,8.391236846971621],[4.391500462329581,8.303734025909396],[4.480428850326405,8.210631024299188],[4.493945965301922,8.166529602483827],[4.4953688195098715,8.116828000120483],[4.5053287989655155,8.091627187654561],[4.5686458112192545,8.054525991524178],[4.557262977555661,7.981023621831909],[4.5359201644364235,7.96142298991397],[4.496080246613846,7.943222403133028],[4.458374610103192,7.941822357996032],[4.4420117867117765,7.929221951763072],[4.432763234360107,7.891420733064191],[4.397191879161378,7.896320891043675],[4.370869076314317,7.848719356385824],[4.360197669754698,7.883020462242216],[4.328183450075842,7.934822132311053],[4.276249271485696,7.97122330587294],[4.235697926559144,7.956522831934485],[4.2342750723511955,7.931322019468565],[4.191589446112719,7.910321342413631],[4.202972279776313,7.86902001087226],[4.14676953856232,7.849419378954321],[4.116889600195387,7.849419378954321],[4.099103922596022,7.863419830324278],[4.076338255268835,7.8249185890568995],[4.070646838437038,7.759816490186603],[4.078472536580758,7.708014820117766],[4.068512557125114,7.666013466007898],[4.093412505764225,7.621212021624038],[4.138943840418599,7.598811299432109],[4.153883809602066,7.568710328986703],[4.148903819874244,7.477707395081989],[4.133963850690777,7.3678038518278335],[4.11119818336359,7.327202542854961],[4.131118142274879,7.299201640115049],[4.125426725443082,7.257900308573678],[4.0941239328682,7.228499360696771],[4.078472536580758,7.190698141997889],[4.072781119748962,7.146596720182528],[4.088432516036403,7.13329629138107]]]}},{"type":"Feature","id":"sokoto","properties":{"id":"sokoto","name":"Sokoto","parentId":null,"level":"state"},"geometry":{"type":"Polygon","coordinates":[[[4.126138152547057,13.249393472346373],[4.12827243385898,13.389397986045934],[4.126138152547057,13.468500536286186],[4.142500975938472,13.476900807108159],[4.232140791039271,13.499301529300089],[4.28763210514929,13.541302883409957],[4.394346170745479,13.653306494369605],[4.444857495127675,13.67430717142454],[4.542323008372195,13.702308074164453],[4.636942813200816,13.723308751219387],[4.7080855235982755,13.758309879644276],[4.801282474218947,13.768810218171744],[4.873848038824356,13.781410624404703],[4.908707966919112,13.745709473411315],[4.949970738949638,13.73450911231535],[5.005462053059656,13.735909157452346],[5.0780276176650645,13.752009676527797],[5.178338839325483,13.742209360568827],[5.2046616421725425,13.735909157452346],[5.281495769401799,13.756209811938783],[5.350504198487335,13.833912317042039],[5.451526847251728,13.871013513172421],[5.529783828688933,13.885713987110876],[5.631517904557301,13.836012384747532],[5.7069291775786075,13.810111549713113],[5.82502607683839,13.76391006019226],[5.859174577829171,13.759009902212775],[5.944545830306122,13.724708796356381],[6.076159844541422,13.682007419678015],[6.155839680186578,13.644906223547633],[6.232673807415834,13.673607148856043],[6.296702246773547,13.679207329404024],[6.384919207666397,13.627405659335187],[6.402704885265761,13.611305140259738],[6.461753334895653,13.590304463204804],[6.4951904087824595,13.568603763581372],[6.558507421036198,13.477600829676657],[6.623247287497886,13.413198753374859],[6.65312722586482,13.371197399264991],[6.712887102598685,13.311695480942678],[6.735652769925872,13.281594510497273],[6.748458457797415,13.249393472346373],[6.752727020421263,13.206692095668007],[6.792566938243841,13.13248970340724],[6.743478468069593,13.118489252037284],[6.6879871539595745,13.133189725975738],[6.683007164231752,13.10728889094132],[6.657395788488667,13.092588417002865],[6.581273088363385,13.022586160153086],[6.551393149996452,13.032386476112055],[6.528627482669265,13.05268713059849],[6.520801784525545,13.121989364879774],[6.508707523757977,13.131789680838743],[6.462464761999628,13.117089206900289],[6.44894764702411,13.158390538441658],[6.402704885265761,13.128989590564752],[6.359307831923312,13.137389861386724],[6.327293612244455,13.179391215496594],[6.3002593822934205,13.182191305770584],[6.258285183158919,13.160490606147153],[6.261130891574817,13.13598981624973],[6.2291166718959605,13.135289793681231],[6.190699608281332,13.10098868782484],[6.046991333278465,13.030986430975059],[6.055528458526159,12.96658435467326],[6.044145624862566,12.93788342936485],[6.005728561247937,12.91898282001541],[6.00928569676781,12.879781556179534],[6.034185645406922,12.783878464295334],[6.024225665951277,12.748877335870445],[5.961620080801513,12.754477516418428],[5.94739153872202,12.77267810319937],[5.883363099364307,12.82027963785722],[5.852060306789425,12.810479321898251],[5.812931816070822,12.83988026977516],[5.733963407529642,12.8265798409737],[5.682029228939497,12.86508108224108],[5.634363612973199,12.882581646453525],[5.58812085121485,12.804179118781772],[5.649303582156666,12.76917799035688],[5.686297791563344,12.713876207445555],[5.6941234897070645,12.689375417548131],[5.677760666315649,12.631973566931311],[5.723292000970023,12.620773205835347],[5.728271990697845,12.551470971554064],[5.716889157034252,12.487068895252266],[5.736097688841566,12.448567653984886],[5.765266200104524,12.40936639014901],[5.77238047114427,12.383465555114592],[5.750326230921058,12.323963636792278],[5.691277781291166,12.321863569086785],[5.652860717676538,12.3484644266897],[5.566778038095612,12.351264516963692],[5.541166662352527,12.272861989291938],[5.519112422129314,12.260261583058977],[5.469312524851093,12.252561334805502],[5.438721159380185,12.342864246141719],[5.396746960245684,12.344964313847212],[5.384652699478115,12.323963636792278],[5.348369917175411,12.34566433641571],[5.3113757077687325,12.355464652374678],[5.241655851579222,12.330963862477256],[5.160553161726118,12.316263388538802],[5.127827514943286,12.285462395524899],[5.102216139200202,12.2847623729564],[5.064510502689547,12.297362779189362],[4.997636354915936,12.30086289203185],[4.952816447365537,12.314163320833309],[4.950682166053612,12.231560657750567],[4.875270893032305,12.229460590045075],[4.861753778056788,12.159458333195294],[4.87455946592833,12.118157001653923],[4.861042350952813,12.047454722235646],[4.871002330408458,12.028554112886205],[4.86673376778461,11.932651021002005],[4.944279322117842,11.880849350933168],[4.91937937347873,11.789846417028453],[4.940722186597968,11.73104452127464],[4.899459414567442,11.70864379908271],[4.843968100457423,11.752045198329572],[4.802705328426897,11.757645378877555],[4.768556827436116,11.738744769528115],[4.7308511909254625,11.699543505692237],[4.696702689934682,11.691843257438762],[4.666822751567749,11.667342467541339],[4.634808531888892,11.672242625520823],[4.623425698225299,11.65684212901387],[4.585720061714645,11.65474206130838],[4.570068665427204,11.633041361684946],[4.5458801438920675,11.634441406821942],[4.547302998100017,11.59734021069156],[4.570068665427204,11.573539443362634],[4.542323008372195,11.560239014561175],[4.5231144765648805,11.53013804411577],[4.4192461193845896,11.614140752335505],[4.427071817528311,11.670842580383827],[4.375137638938165,11.71494400219919],[4.368734795002394,11.747145040350087],[4.395057597849453,11.756945356309057],[4.43632036987998,11.710743866788203],[4.509597361589363,11.755545311172062],[4.548725852307966,11.795446597576436],[4.551571560723865,11.892049712029134],[4.567222957011306,11.919350592200548],[4.587854343026569,12.039054451413673],[4.575048655155026,12.074755602407059],[4.552282987827839,12.097856347167488],[4.555840123347712,12.212660048401126],[4.552282987827839,12.284062350387904],[4.5764715093629755,12.33306393018275],[4.592834332754391,12.347064381552705],[4.585720061714645,12.389065735662573],[4.62982854216107,12.433167157477936],[4.691011273102886,12.40026609675854],[4.709508377806225,12.364564945765151],[4.7536168582526495,12.363864923196653],[4.750059722732777,12.421266773813473],[4.769268254540091,12.46956833103982],[4.803416755530871,12.484968827546773],[4.795591057387151,12.512269707718186],[4.794879630283177,12.57527173888299],[4.732274045133412,12.671874853335686],[4.730139763821488,12.701975823781092],[4.769979681644065,12.789478644843317],[4.806262463946769,12.804179118781772],[4.8069738910507445,12.819579615288722],[4.740811170381107,12.893081984980991],[4.712354086222123,12.907782458919446],[4.660419907631978,12.959584128988283],[4.677494158127368,12.99878539282416],[4.724448346989691,13.049187017756001],[4.683185574959165,13.07858796563291],[4.622714271121324,13.070187694810937],[4.5131544971092366,13.136689838818228],[4.497503100821795,13.159790583578655],[4.467623162454863,13.180791260633589],[4.429917525944209,13.192691644298051],[4.374426211834191,13.201091915120026],[4.300437793020833,13.259893810873841],[4.2136436863359314,13.263393923716329],[4.178783758241177,13.254293630325858],[4.126138152547057,13.249393472346373]]]}},{"type":"Feature","id":"zamfara","properties":{"id":"zamfara","name":"Zamfara","parentId":null,"level":"state"},"geometry":{"type":"Polygon","coordinates":[[[4.940722186597968,11.73104452127464],[4.91937937347873,11.789846417028453],[4.944279322117842,11.880849350933168],[4.86673376778461,11.932651021002005],[4.871002330408458,12.028554112886205],[4.861042350952813,12.047454722235646],[4.87455946592833,12.118157001653923],[4.861753778056788,12.159458333195294],[4.875270893032305,12.229460590045075],[4.950682166053612,12.231560657750567],[4.952816447365537,12.314163320833309],[4.997636354915936,12.30086289203185],[5.064510502689547,12.297362779189362],[5.102216139200202,12.2847623729564],[5.127827514943286,12.285462395524899],[5.160553161726118,12.316263388538802],[5.241655851579222,12.330963862477256],[5.3113757077687325,12.355464652374678],[5.348369917175411,12.34566433641571],[5.384652699478115,12.323963636792278],[5.396746960245684,12.344964313847212],[5.438721159380185,12.342864246141719],[5.469312524851093,12.252561334805502],[5.519112422129314,12.260261583058977],[5.541166662352527,12.272861989291938],[5.566778038095612,12.351264516963692],[5.652860717676538,12.3484644266897],[5.691277781291166,12.321863569086785],[5.750326230921058,12.323963636792278],[5.77238047114427,12.383465555114592],[5.765266200104524,12.40936639014901],[5.736097688841566,12.448567653984886],[5.716889157034252,12.487068895252266],[5.728271990697845,12.551470971554064],[5.723292000970023,12.620773205835347],[5.677760666315649,12.631973566931311],[5.6941234897070645,12.689375417548131],[5.686297791563344,12.713876207445555],[5.649303582156666,12.76917799035688],[5.58812085121485,12.804179118781772],[5.634363612973199,12.882581646453525],[5.682029228939497,12.86508108224108],[5.733963407529642,12.8265798409737],[5.812931816070822,12.83988026977516],[5.852060306789425,12.810479321898251],[5.883363099364307,12.82027963785722],[5.94739153872202,12.77267810319937],[5.961620080801513,12.754477516418428],[6.024225665951277,12.748877335870445],[6.034185645406922,12.783878464295334],[6.00928569676781,12.879781556179534],[6.005728561247937,12.91898282001541],[6.044145624862566,12.93788342936485],[6.055528458526159,12.96658435467326],[6.046991333278465,13.030986430975059],[6.190699608281332,13.10098868782484],[6.2291166718959605,13.135289793681231],[6.261130891574817,13.13598981624973],[6.258285183158919,13.160490606147153],[6.3002593822934205,13.182191305770584],[6.327293612244455,13.179391215496594],[6.359307831923312,13.137389861386724],[6.402704885265761,13.128989590564752],[6.44894764702411,13.158390538441658],[6.462464761999628,13.117089206900289],[6.508707523757977,13.131789680838743],[6.520801784525545,13.121989364879774],[6.528627482669265,13.05268713059849],[6.551393149996452,13.032386476112055],[6.581273088363385,13.022586160153086],[6.657395788488667,13.092588417002865],[6.683007164231752,13.10728889094132],[6.6879871539595745,13.133189725975738],[6.743478468069593,13.118489252037284],[6.792566938243841,13.13248970340724],[6.806084053219358,13.107988913509818],[6.93342950483081,12.997385347687164],[7.051526404090593,12.99528527998167],[7.049392122778668,12.96098417412528],[7.066466373274059,12.889581872138503],[7.066466373274059,12.810479321898251],[7.060774956442263,12.739777042479973],[6.988920818940828,12.673274898472682],[7.044412133050846,12.658574424534228],[7.051526404090593,12.587172122547452],[7.051526404090593,12.539570587889601],[7.068600654585984,12.411466457854504],[7.084963477977398,12.347764404121204],[7.093500603225094,12.282662305250907],[7.150414771543062,12.231560657750567],[7.1568176154788326,12.185359168229713],[7.14543478181524,12.146857926962333],[7.127649104215875,12.124457204770405],[7.1489919173351115,12.032754248297191],[7.208040366965003,11.987952803913332],[7.210886075380902,11.964152036584407],[7.246457430579632,11.932651021002005],[7.226537471668344,11.913750411652565],[7.191677543573588,11.906750185967589],[7.141166219191392,11.911650343947073],[7.146857636023189,11.880849350933168],[7.141877646295367,11.849348335350768],[7.10061487426484,11.820647410042358],[7.075003498521754,11.817847319768367],[7.060063529338288,11.789846417028453],[7.042277851738923,11.790546439596952],[7.017377903099812,11.815747252062874],[6.950503755326199,11.802446823261416],[6.909952410399649,11.785646281617467],[6.886475315968486,11.761145491720043],[6.881495326240664,11.705843708808718],[6.855172523393604,11.642141655075417],[6.854461096289629,11.595240142986064],[6.904260993567851,11.553238788876197],[6.895723868320156,11.504937231649848],[6.90710670198375,11.474836261204443],[6.88718674307246,11.43143486195758],[6.889321024384385,11.38383332729973],[6.879361044928741,11.36703278565578],[6.833118283170393,11.35163228914883],[6.839521127106163,11.318731228429433],[6.829561147650519,11.307530867333469],[6.770512698020628,11.320131273566428],[6.766955562500755,11.27182971634008],[6.703638550247016,11.238928655620683],[6.689410008167524,11.203927527195793],[6.685141445543676,11.15142583455846],[6.687275726855599,11.091923916236144],[6.656684361384692,11.05202262983177],[6.605461609898521,11.046422449283789],[6.577004525739538,11.021221636817867],[6.533607472397087,11.047822494420783],[6.5108418050699,11.043622359009795],[6.4368533862565425,11.007921208016409],[6.4190677086571775,11.027521839934348],[6.3913220516021685,11.033822043050828],[6.364999248755108,11.017721523975379],[6.337253591700099,11.021221636817867],[6.303816517813293,11.003021050036924],[6.278916569174182,10.963119763632548],[6.2668223084066135,10.965919853906541],[6.242633786871478,10.98832057609847],[6.2084852858806965,11.005121117742418],[6.1629539512263225,11.042922336441299],[6.1124426268441265,11.061122923222243],[6.046279906174489,11.054122697537263],[6.016399967807557,11.118524773839061],[6.015688540703582,11.138125405757],[6.025648520159226,11.171726489044895],[6.069045573501676,11.164026240791419],[6.106039782908356,11.183626872709358],[6.1174226165719485,11.207427640038283],[6.108885491324253,11.235428542778195],[6.135919721275288,11.295630483669004],[6.190699608281332,11.334131724936384],[6.175048211993891,11.359332537402306],[6.20421672325685,11.38383332729973],[6.079716980061296,11.388733485279214],[6.053394177214235,11.400633868943675],[6.029917082783074,11.443335245622041],[6.00928569676781,11.46293587753998],[5.968022924737284,11.467136012950967],[5.933874423746504,11.436335019937065],[5.890477370404053,11.440535155348051],[5.844234608645705,11.432834907094575],[5.82644893104634,11.44403526819054],[5.824314649734416,11.498637028533368],[5.816488951590696,11.515437570177316],[5.81720037869467,11.560239014561175],[5.830006066566213,11.591740030143576],[5.819334660006593,11.648441858191898],[5.780206169287991,11.684143009185286],[5.704794896266684,11.687643122027776],[5.669934968171928,11.661742286993356],[5.5802951530711296,11.675742738363311],[5.563932329679714,11.684143009185286],[5.541878089456501,11.665942422404342],[5.497058181906102,11.656142106445374],[5.460063972499423,11.672942648089322],[5.440144013588134,11.70864379908271],[5.40386123128543,11.703043618534727],[5.37611557423042,11.709343821651206],[5.336275656407843,11.739444792096613],[5.31564427039258,11.790546439596952],[5.295012884377316,11.774445920521503],[5.251615831034867,11.774445920521503],[5.2380987160593495,11.755545311172062],[5.182607401949331,11.791946484733948],[5.177627412221508,11.744344950076098],[5.1292503691512366,11.728944453569145],[5.102927566304176,11.738044746959616],[5.051704814818005,11.719844160178674],[5.000482063331834,11.747845062918586],[4.940722186597968,11.73104452127464]]]}},{"type":"Feature","id":"lagos","properties":{"id":"lagos","name":"Lagos","parentId":null,"level":"state"},"geometry":{"type":"Polygon","coordinates":[[[2.704706798805815,6.459874580486183],[2.7374324455886465,6.452874354801205],[2.7936351868026392,6.461974648191676],[2.8320522504172674,6.4451741065477295],[2.8583750532643277,6.449374241958717],[2.883986429007413,6.474575054424637],[2.8854092832153624,6.511676250555021],[2.9537062851969234,6.512376273123518],[2.954417712300898,6.501875934596051],[3.091723143367995,6.499775866890558],[3.175671541636997,6.514476340829011],[3.2012829173800825,6.5326769276099546],[3.193457219236362,6.577478371993815],[3.237565699682787,6.6201797486721805],[3.2382771267867616,6.660781057645053],[3.272425627777542,6.698582276343934],[3.2852313156490847,6.686681892679472],[3.3449911923829507,6.671281396172519],[3.3528168905266713,6.652380786823079],[3.3926568083492485,6.638380335453123],[3.4524166850831146,6.641180425727114],[3.441745278523496,6.662881125350546],[3.4616652374347847,6.683181779836982],[3.8621986969724817,6.6824817572684845],[3.9119985942507034,6.681081712131489],[3.9788727420243153,6.692282073227454],[3.982429877544188,6.6824817572684845],[4.091278224452301,6.679681666994494],[4.096258214180123,6.652380786823079],[4.0542840150456225,6.615279590692696],[4.0720696926449875,6.571178168877334],[4.101238203907945,6.557877740075876],[4.1780723311372014,6.6040792295967305],[4.222180811583627,6.595678958774757],[4.240677916286966,6.5718781914458315],[4.232852218143246,6.546677378979911],[4.16384378905771,6.506776092575536],[4.169535205889507,6.487175460657598],[4.205106561088236,6.4717749641506455],[4.225026519999525,6.473175009287642],[4.259886448094281,6.444474083979232],[4.2847863967333915,6.455674445075196],[4.3125320537884,6.4451741065477295],[4.353794825818927,6.450774287095712],[4.368734795002394,6.4381738808627516],[4.359486242650724,6.368171624012971],[4.186609456384897,6.389172301067905],[4.053572587941648,6.414373113533826],[3.8963471979632622,6.433973745451764],[3.8131102267982344,6.43537379058876],[3.7149332864497406,6.424173429492795],[3.5171565515448027,6.41927327151331],[3.4303624448599024,6.422073361787302],[3.401905360700918,6.398272594458376],[3.25819708569805,6.403172752437861],[2.9252492010379396,6.394772481615888],[2.819246562545725,6.3898723236364035],[2.6997268090779927,6.375171849697949],[2.704706798805815,6.459874580486183]]]}},{"type":"Feature","id":"akwa-ibom","properties":{"id":"akwa-ibom","name":"Akwa Ibom","parentId":null,"level":"state"},"geometry":{"type":"Polygon","coordinates":[[[7.880338980220996,5.3671393510611125],[7.904527501756132,5.341238516026694],[7.841210489502393,5.337738403184205],[7.86539901103753,5.314637658423778],[7.892433240988565,5.316737726129271],[7.923024606459473,5.294337003937342],[7.943655992474735,5.245335424142495],[7.992744462648982,5.206834182875117],[8.016932984184118,5.246735469279491],[8.04183293282323,5.234835085615028],[8.065310027254391,5.19913393462164],[8.069578589878239,5.136131903456838],[8.099458528245172,5.1067309555799305],[8.098035674037222,5.04302890184663],[8.12578133109223,4.982126938387322],[8.142144154483647,4.968126487017365],[8.184118353618148,4.965326396743374],[8.229649688272522,4.930325268318484],[8.24458965745599,4.88692386907162],[8.274469595822922,4.854722830920721],[8.309329523917677,4.804321205988879],[8.300792398669982,4.77212016783798],[8.31288665943755,4.7623198518790115],[8.32853805572499,4.692317595029231],[8.325692347309094,4.665016714857817],[8.344189452012433,4.6069148416724985],[8.29296670052626,4.546712900781688],[8.247435365871887,4.534812517117225],[8.175581228370453,4.544612833076195],[8.026892963639764,4.543212787939199],[7.840499062398418,4.523612156021261],[7.666910849028618,4.495611253281348],[7.614265243334497,4.468310373109934],[7.579405315239743,4.508911682082807],[7.551659658184732,4.520112043178772],[7.527471136649597,4.550213013624177],[7.5445453871449875,4.569113622973617],[7.54667966845691,4.585214142049067],[7.522491146921775,4.630715609001424],[7.523914001129723,4.683917324207258],[7.535296834793318,4.700017843282707],[7.542411105833063,4.7301188137281125],[7.531739699273444,4.768620054995491],[7.509685459050232,4.7854205966394385],[7.5118197403621565,4.807121296262871],[7.49545691697074,4.8281219733178045],[7.4990140524906135,4.858922966331708],[7.480516947787274,4.882723733660633],[7.480516947787274,4.933125358592475],[7.491899781450867,4.94432571968844],[7.460596988875984,4.977926802976334],[7.506128323530358,5.013627953969722],[7.54667966845691,5.08783034623049],[7.5345854076893435,5.108831023285424],[7.528182563753571,5.155732535374776],[7.538853970313191,5.187233550957178],[7.543833960041013,5.258635852943954],[7.55592822080858,5.306237387601804],[7.572291044199996,5.324437974382747],[7.622090941478218,5.318137771266267],[7.649125171429253,5.325137996951245],[7.670467984548491,5.351738854554162],[7.661219432196821,5.3671393510611125],[7.624936649894117,5.364339260787122],[7.622090941478218,5.388140028116047],[7.639165191973609,5.430141382225916],[7.660508005092847,5.4476419464383605],[7.700347922915423,5.435741562773898],[7.711019329475043,5.512744045308656],[7.748724965985696,5.516244158151145],[7.780027758560578,5.47004266863029],[7.788564883808274,5.444141833595872],[7.821290530591105,5.423141156540937],[7.86539901103753,5.418240998561453],[7.883896115740869,5.384639915273558],[7.880338980220996,5.3671393510611125]]]}},{"type":"Feature","id":"bayelsa","properties":{"id":"bayelsa","name":"Bayelsa","parentId":null,"level":"state"},"geometry":{"type":"Polygon","coordinates":[[[5.448681138835829,5.134031835751345],[5.469312524851093,5.1165312715389],[5.464332535123271,5.0976306621894585],[5.511286723985593,5.088530368798987],[5.551126641808171,5.055629308079591],[5.584563715694976,5.0549292855110926],[5.632940758765249,5.018528111949207],[5.6663778326520555,5.028328427908177],[5.71048631309848,5.024128292497189],[5.73040627200977,5.054229262942595],[5.778783315080041,5.057729375785084],[5.791589002951584,5.085730278524996],[5.839966046021857,5.082930188251005],[5.869134557284815,5.0710298045865425],[5.885497380676231,5.099730729894953],[5.9146658919391895,5.108131000716925],[5.927471579810732,5.160632693354261],[5.945968684514071,5.16413280619675],[6.004305707039988,5.103930865305939],[6.027071374367175,5.095530594483965],[6.061931302461931,5.1032308427374415],[6.069757000605652,5.141032061436323],[6.097502657660661,5.150132354826794],[6.129516877339517,5.12913167777186],[6.1657996596422215,5.161332715922759],[6.190699608281332,5.158532625648768],[6.202082441944926,5.179533302703701],[6.194256743801205,5.216634498834085],[6.213465275608519,5.238335198457517],[6.2597080373668685,5.22783485993005],[6.293145111253674,5.239035221026015],[6.286742267317903,5.282436620272879],[6.306662226229191,5.302737274759315],[6.347213571155743,5.32023783897176],[6.4091077292015335,5.3048373424648085],[6.45037050123206,5.327238064656738],[6.4902104190546375,5.323737951814249],[6.502304679822204,5.339138448321201],[6.485230429326815,5.379039734725575],[6.562064556556071,5.379039734725575],[6.569890254699791,5.372039509040597],[6.56348741076402,5.32023783897176],[6.5307617639811895,5.284536687978372],[6.53716460791696,5.264936056060433],[6.566333119179919,5.2369351533205215],[6.552816004204401,5.226434814793055],[6.5535274313083764,5.190033641231169],[6.493056127470535,5.163432783628252],[6.473136168559247,5.128431655203363],[6.410530583409482,4.991227231777793],[6.437564813360517,4.96672644188037],[6.440410521776416,4.942925674551445],[6.398436322641914,4.864523146879691],[6.401993458161787,4.827421950749307],[6.446101938608212,4.7301188137281125],[6.478827585391043,4.7140182946526625],[6.527204628461316,4.7532195584885395],[6.579138807051461,4.758119716468024],[6.607595891210446,4.746219332803562],[6.593367349130953,4.722418565474636],[6.560641702348121,4.6979177755772135],[6.512264659277849,4.643316015234385],[6.516533221901697,4.622315338179451],[6.548547441580554,4.586614187186063],[6.540010316332859,4.576813871227094],[6.559930275244147,4.541112720233706],[6.544990306060681,4.533412471980229],[6.540010316332859,4.501211433829331],[6.512264659277849,4.431909199548048],[6.512264659277849,4.3801075294792104],[6.520090357421569,4.36120692012977],[6.544278878956707,4.35490671701329],[6.549258868684529,4.325505769136382],[6.464599043311551,4.315005430608915],[6.452504782543983,4.298904911533466],[6.411953437617431,4.305205114649946],[6.254728047639046,4.289804618142995],[6.233385234519808,4.298904911533466],[6.2597080373668685,4.358406829855779],[6.28176227759008,4.375207371499727],[6.270379443926487,4.391307890575176],[6.240499505559554,4.360506897561272],[6.2212909737522395,4.356306762150286],[6.214176702712495,4.330405927115867],[6.220579546648265,4.279304279615527],[6.087542678205016,4.270203986225056],[6.057662739838083,4.288404573005999],[5.977271477088953,4.312205340334924],[5.963754362113436,4.334606062526854],[5.910397329315342,4.359806874992775],[5.842811754437755,4.402508251671141],[5.83427462919006,4.415108657904101],[5.699814906538862,4.51731195290478],[5.635786467181148,4.598514570850526],[5.541878089456501,4.73081883629661],[5.526938120273035,4.772820190406478],[5.483541066930584,4.844922514961752],[5.443701149108007,4.923325042633506],[5.441566867796084,4.975826735270841],[5.423781190196719,5.024128292497189],[5.375404147126446,5.1263315874978685],[5.401726949973506,5.137531948593834],[5.448681138835829,5.134031835751345]]]}},{"type":"Feature","id":"ondo","properties":{"id":"ondo","name":"Ondo","parentId":null,"level":"state"},"geometry":{"type":"Polygon","coordinates":[[[4.483274558742304,6.326170269903103],[4.547302998100017,6.3114697959646495],[4.572202946739128,6.297469344594693],[4.595680041170289,6.3345705407250765],[4.598525749586187,6.366071556307478],[4.535208737332448,6.408072910417346],[4.56010868597156,6.450774287095712],[4.564377248595408,6.499075844322061],[4.60350573931401,6.490675573500086],[4.588565770130543,6.5326769276099546],[4.600660030898112,6.608979387576215],[4.5864314888186195,6.641180425727114],[4.567222957011306,6.63628026774763],[4.538054445748347,6.60127913932274],[4.491100256886024,6.508876160281029],[4.454106047479345,6.6075793424392195],[4.426360390424335,6.612479500418704],[4.382963337081885,6.634880222610634],[4.388654753913682,6.713282750282388],[4.422091827800488,6.762284330077234],[4.47971742322243,6.803585661618604],[4.546591570996043,6.841386880317486],[4.557262977555661,6.889688437543834],[4.556551550451687,6.958990671825116],[4.564377248595408,6.995391845387003],[4.609908583249782,7.031092996380391],[4.614177145873629,7.080094576175236],[4.634808531888892,7.113695659463131],[4.673225595503521,7.140296517066048],[4.683897002063139,7.16829741980596],[4.7031055338704535,7.16199721668948],[4.720891211469818,7.1948982774088766],[4.746502587212904,7.222899180148788],[4.734408326445335,7.283801143608097],[4.754328285356625,7.3608036261428555],[4.878116601448204,7.379004212923798],[4.943567895013866,7.369903919533327],[4.989810656772216,7.377604167786803],[5.0047506259556815,7.414005341348688],[5.048859106402107,7.457406740595552],[5.2174673300440855,7.434305995835125],[5.320624260120402,7.441306221520103],[5.3469470629674625,7.381104280629292],[5.358329896631055,7.29570152727256],[5.388209834997989,7.2831011210396],[5.504172452945848,7.316002181758996],[5.521246703441237,7.332802723402944],[5.599503684878444,7.450406514910574],[5.610175091438062,7.484707620766967],[5.613020799853961,7.537209313404302],[5.624403633517554,7.582710780356659],[5.654994998988462,7.628912269877514],[5.680606374731547,7.624012111898029],[5.69483491681104,7.67161364655588],[5.716177729930277,7.701014594432788],[5.773091898248245,7.747216083953642],[5.816488951590696,7.727615452035704],[5.857751723621222,7.730415542309696],[5.9196458816670114,7.750016174227634],[5.921780162978935,7.716415090939739],[5.9374315592663764,7.648512901795453],[5.996480008896268,7.559610035596231],[6.004305707039988,7.529509065150826],[5.975848622881005,7.530209087719324],[5.954505809761766,7.51550861378087],[5.948102965825996,7.4875077110409585],[5.963042935009462,7.460206830869543],[5.987231456544598,7.441306221520103],[5.968734351841258,7.414705363917186],[5.986520029440623,7.3552034455948725],[5.9196458816670114,7.33700285881393],[5.923914444290859,7.2964015498410575],[5.896168787235849,7.257900308573678],[5.903283058275596,7.217298999600806],[5.884074526468281,7.199798435388361],[5.854906015205323,7.096195095250686],[5.8157775244867205,7.0716943053532635],[5.795857565575432,7.024092770695413],[5.785897586119788,6.968090965215588],[5.800126128199279,6.921189453126235],[5.787320440327736,6.871487850762891],[5.769534762728371,6.83998683518049],[5.778071887976067,6.817586112988561],[5.758151929064779,6.784685052269164],[5.726137709385922,6.769284555762212],[5.70266061495476,6.736383495042816],[5.66708925975603,6.7272832016523445],[5.640055029804996,6.7468838335702825],[5.620135070893706,6.741983675590798],[5.576738017551257,6.704182456891917],[5.561798048367789,6.730083291926335],[5.56322090257574,6.762284330077234],[5.54330094366445,6.824586338673539],[5.57104660071946,6.845587015728473],[5.570335173615485,6.869387783057398],[5.536898099728679,6.88478827956435],[5.272247217050129,6.888288392406839],[5.255172966554739,6.882688211858856],[5.20893020479639,6.810585887303582],[5.196835944028822,6.774184713741697],[5.150593182270474,6.746183811001785],[5.12213609811149,6.698582276343934],[5.1114646915518716,6.6306800871996465],[5.137076067294957,6.578178394562312],[5.164110297245991,6.554377627233387],[5.153438890686372,6.501175912027554],[5.102927566304176,6.437473858294254],[5.109330410239947,6.413673090965329],[5.0758933363531415,6.3772719174034425],[5.053127669025955,6.38427214308842],[5.0275162932828685,6.345070879252543],[5.034630564322615,6.333170495588081],[5.015422032515301,6.292569186615209],[5.063799075585573,6.248467764799846],[5.089410451328659,6.200866230141996],[5.135653213087007,6.18686577877204],[5.1342303588790585,6.169365214559595],[5.100793284992252,6.124563770175736],[5.0758933363531415,6.078362280654881],[5.0147106054113255,5.943957947503303],[4.977004968900673,5.887956142023478],[4.948547884741689,5.924357315585364],[4.848236663081271,6.027960655723039],[4.803416755530871,6.063661806716427],[4.749348295628803,6.121063657333247],[4.692434127310834,6.160964943737621],[4.614888572977604,6.235167335998389],[4.560820113075534,6.276468667539759],[4.483274558742304,6.326170269903103]]]}},{"type":"Feature","id":"delta","properties":{"id":"delta","name":"Delta","parentId":null,"level":"state"},"geometry":{"type":"Polygon","coordinates":[[[6.485230429326815,5.379039734725575],[6.502304679822204,5.339138448321201],[6.4902104190546375,5.323737951814249],[6.45037050123206,5.327238064656738],[6.4091077292015335,5.3048373424648085],[6.347213571155743,5.32023783897176],[6.306662226229191,5.302737274759315],[6.286742267317903,5.282436620272879],[6.293145111253674,5.239035221026015],[6.2597080373668685,5.22783485993005],[6.213465275608519,5.238335198457517],[6.194256743801205,5.216634498834085],[6.202082441944926,5.179533302703701],[6.190699608281332,5.158532625648768],[6.1657996596422215,5.161332715922759],[6.129516877339517,5.12913167777186],[6.097502657660661,5.150132354826794],[6.069757000605652,5.141032061436323],[6.061931302461931,5.1032308427374415],[6.027071374367175,5.095530594483965],[6.004305707039988,5.103930865305939],[5.945968684514071,5.16413280619675],[5.927471579810732,5.160632693354261],[5.9146658919391895,5.108131000716925],[5.885497380676231,5.099730729894953],[5.869134557284815,5.0710298045865425],[5.839966046021857,5.082930188251005],[5.791589002951584,5.085730278524996],[5.778783315080041,5.057729375785084],[5.73040627200977,5.054229262942595],[5.71048631309848,5.024128292497189],[5.6663778326520555,5.028328427908177],[5.632940758765249,5.018528111949207],[5.584563715694976,5.0549292855110926],[5.551126641808171,5.055629308079591],[5.511286723985593,5.088530368798987],[5.464332535123271,5.0976306621894585],[5.469312524851093,5.1165312715389],[5.448681138835829,5.134031835751345],[5.421646908884794,5.152232422532287],[5.388209834997989,5.1389319937308295],[5.352638479799259,5.167632919039239],[5.345524208759513,5.231334972772539],[5.319912833016428,5.354538944828152],[5.3519270526952845,5.363639238218624],[5.38536412658209,5.360839147944633],[5.467178243539169,5.3713394864721],[5.526938120273035,5.407040637465488],[5.507018161361746,5.443441811027373],[5.472158233266991,5.3993403892120115],[5.430895461236465,5.385339937842056],[5.354772761111183,5.389540073253043],[5.260152956282561,5.428741337088919],[5.208218777692416,5.467242578356299],[5.1569960262062455,5.537244835206079],[5.163398870142016,5.554745399418524],[5.2075073505884415,5.598846821233886],[5.287187186233596,5.600246866370881],[5.348369917175411,5.5848463698639295],[5.393901251829785,5.588346482706418],[5.3874984078940145,5.607947114624357],[5.35121562559131,5.596046730959895],[5.3014157283130885,5.614247317740837],[5.228138736603705,5.619147475720322],[5.191144527197025,5.596046730959895],[5.1698017140777885,5.5939466632544015],[5.1214246710075155,5.642948243049247],[5.084430461600837,5.712950499899027],[5.0680676382094205,5.766852237673358],[5.041033408258386,5.7829527567488075],[5.02609343907492,5.817953885173698],[4.977004968900673,5.887956142023478],[5.0147106054113255,5.943957947503303],[5.0758933363531415,6.078362280654881],[5.100793284992252,6.124563770175736],[5.1342303588790585,6.169365214559595],[5.145613192542651,6.141364311819683],[5.168378859869838,6.163765034011613],[5.2174673300440855,6.1357641312717],[5.233830153435502,6.112663386511273],[5.234541580539476,6.072762100106898],[5.267978654426281,6.052461445620462],[5.248770122618968,5.984559256476175],[5.256595820762689,5.947458060345792],[5.2758043525700025,5.906856751372919],[5.304972863832961,5.917357089900386],[5.35904132373503,5.969858782537721],[5.336275656407843,5.984559256476175],[5.327738531160148,6.018160339764069],[5.4131097836371,6.021660452606559],[5.442989722004032,6.041261084524497],[5.465755389331219,6.027960655723039],[5.512709578193543,6.034960881408017],[5.536898099728679,5.9901594370241575],[5.57104660071946,5.990859459592655],[5.60519510171024,6.023060497743554],[5.657129280300386,6.0328608137025235],[5.669223541067954,6.051761423051964],[5.795146138471457,5.979659098496691],[5.812220388966848,5.983859233907677],[5.8335632020860855,5.941157857229311],[5.921068735874961,5.877455803496011],[5.906840193795469,5.843854720208117],[5.906128766691494,5.770352350515847],[5.924625871394833,5.748651650892415],[5.981540039712801,5.747951628323918],[6.015688540703582,5.764052147399367],[6.039877062238718,5.764752169967865],[6.101771220284508,5.803253411235244],[6.120979752091822,5.83965458479713],[6.152282544666704,5.8578551715780725],[6.217733838232367,5.916657067331888],[6.246190922391351,5.971258827674717],[6.2568623289509695,6.016760294627074],[6.232673807415834,6.033560836271022],[6.243345213975452,6.05316146818896],[6.195679598009154,6.054561513325956],[6.169356795162095,6.082562416065867],[6.134496867067339,6.1357641312717],[6.115999762364,6.200166207573498],[6.1124426268441265,6.240767516546371],[6.084696969789118,6.263868261306799],[6.088254105308991,6.3184700216496275],[6.126671168923618,6.356271240348509],[6.16722251385017,6.331770450451085],[6.212753848504544,6.27926875781375],[6.254016620535071,6.319170044218125],[6.28176227759008,6.3576712854855035],[6.357884977715362,6.38427214308842],[6.412664864721406,6.396172526752883],[6.445390511504238,6.4255734746297914],[6.502304679822204,6.46407471589717],[6.523647492941443,6.487875483226095],[6.609018745418394,6.499775866890558],[6.646012954825073,6.488575505794593],[6.66877862215226,6.501175912027554],[6.700081414727142,6.381472052814429],[6.712887102598685,6.353471150074517],[6.722847082054329,6.265268306443794],[6.742767040965619,6.20926650096397],[6.769089843812678,6.167965169422599],[6.75557272883716,6.1203636347647485],[6.70434997735099,6.081162370928872],[6.702927123143041,6.051061400483467],[6.725692790470228,6.040561061956],[6.724269936262278,6.012560159216087],[6.700081414727142,5.9292574735648484],[6.673758611880082,5.889356187160474],[6.650992944552895,5.817253862605201],[6.638898683785327,5.739551357501944],[6.600481620170699,5.706650296782548],[6.601904474378649,5.687749687433106],[6.621113006185963,5.64224822048075],[6.604038755690572,5.614947340309335],[6.584830223883258,5.5617456251035025],[6.542856024748756,5.5491452188705415],[6.5307617639811895,5.531644654658097],[6.537876035020934,5.475642849178272],[6.524358920045417,5.4385416530478885],[6.483096148014891,5.420341066266946],[6.485230429326815,5.379039734725575]]]}},{"type":"Feature","id":"rivers","properties":{"id":"rivers","name":"Rivers","parentId":null,"level":"state"},"geometry":{"type":"Polygon","coordinates":[[[7.49545691697074,4.8281219733178045],[7.5118197403621565,4.807121296262871],[7.509685459050232,4.7854205966394385],[7.531739699273444,4.768620054995491],[7.542411105833063,4.7301188137281125],[7.535296834793318,4.700017843282707],[7.517511157193953,4.67971718879627],[7.517511157193953,4.633515699275415],[7.526048282441648,4.602714706261512],[7.543122532937039,4.575413826090098],[7.521068292713826,4.554413149035164],[7.532451126377419,4.525712223726754],[7.5573510750165305,4.502611478966326],[7.589365294695387,4.4893110501648685],[7.5801167423437175,4.450109786328992],[7.487631218827019,4.448709741191996],[7.418622789741484,4.43120917697955],[7.333251537264532,4.443809583212511],[7.32827154753671,4.416508703041097],[7.215866065108724,4.3801075294792104],[7.131917666839723,4.3857077100271935],[7.13476337525562,4.410208499924616],[7.193100397781537,4.48231082447989],[7.2172889193166725,4.520812065747269],[7.216577492212698,4.544612833076195],[7.19025468936564,4.60971493194649],[7.166066167830502,4.548812968487181],[7.177449001494097,4.529212336569243],[7.158951896790757,4.463410215130449],[7.044412133050846,4.436109334959035],[7.024492174139558,4.4410094929385195],[6.997457944188524,4.563513442425635],[6.998169371292498,4.6069148416724985],[6.975403703965311,4.59711452571353],[6.984652256316981,4.513811840062291],[6.975403703965311,4.503311501534824],[6.991055100252751,4.46971041824693],[7.001015079708397,4.41860877074659],[7.025203601243533,4.3892078228696825],[7.005283642332245,4.3696071909517435],[6.957618026365946,4.3731073037942325],[6.858018231809503,4.398308116260154],[6.875092482304893,4.357006784718783],[6.762686999876907,4.3465064461913165],[6.717155665222533,4.3500065590338055],[6.715732811014584,4.416508703041097],[6.699369987623168,4.477410666500406],[6.700792841831117,4.5110117497883],[6.732095634405999,4.572613735816106],[6.719289946534456,4.578213916364089],[6.690121435271498,4.518711998041776],[6.700081414727142,4.419308793315087],[6.693678570791372,4.3892078228696825],[6.706484258662915,4.33880619793784],[6.694389997895346,4.329705904547369],[6.549258868684529,4.325505769136382],[6.544278878956707,4.35490671701329],[6.520090357421569,4.36120692012977],[6.512264659277849,4.3801075294792104],[6.512264659277849,4.431909199548048],[6.540010316332859,4.501211433829331],[6.544990306060681,4.533412471980229],[6.559930275244147,4.541112720233706],[6.540010316332859,4.576813871227094],[6.548547441580554,4.586614187186063],[6.516533221901697,4.622315338179451],[6.512264659277849,4.643316015234385],[6.560641702348121,4.6979177755772135],[6.593367349130953,4.722418565474636],[6.607595891210446,4.746219332803562],[6.579138807051461,4.758119716468024],[6.527204628461316,4.7532195584885395],[6.478827585391043,4.7140182946526625],[6.446101938608212,4.7301188137281125],[6.401993458161787,4.827421950749307],[6.398436322641914,4.864523146879691],[6.440410521776416,4.942925674551445],[6.437564813360517,4.96672644188037],[6.410530583409482,4.991227231777793],[6.473136168559247,5.128431655203363],[6.493056127470535,5.163432783628252],[6.5535274313083764,5.190033641231169],[6.552816004204401,5.226434814793055],[6.566333119179919,5.2369351533205215],[6.53716460791696,5.264936056060433],[6.5307617639811895,5.284536687978372],[6.56348741076402,5.32023783897176],[6.569890254699791,5.372039509040597],[6.562064556556071,5.379039734725575],[6.485230429326815,5.379039734725575],[6.483096148014891,5.420341066266946],[6.524358920045417,5.4385416530478885],[6.537876035020934,5.475642849178272],[6.5307617639811895,5.531644654658097],[6.542856024748756,5.5491452188705415],[6.584830223883258,5.5617456251035025],[6.604038755690572,5.614947340309335],[6.621113006185963,5.64224822048075],[6.601904474378649,5.687749687433106],[6.65312722586482,5.6814494843166266],[6.66877862215226,5.6898497551386],[6.638898683785327,5.493143413390717],[6.715732811014584,5.488943277979731],[6.741344186757669,5.493843435959215],[6.744189895173568,5.449041991575356],[6.762686999876907,5.410540750307977],[6.75557272883716,5.323737951814249],[6.770512698020628,5.300637207053821],[6.827426866338595,5.252335649827473],[6.848769679457833,5.2495355595534825],[6.904260993567851,5.219434589108077],[6.986786537628905,5.23413506304653],[7.040143570426999,5.2495355595534825],[7.122669114488053,5.216634498834085],[7.165354740726528,5.212434363423099],[7.231517461396166,5.194233776642156],[7.264243108178997,5.215934476265588],[7.29270019233798,5.1725330770187234],[7.2784716502584885,5.1165312715389],[7.2557059829313015,5.077330007703022],[7.24147744085181,4.994027322051784],[7.208751794068979,4.956226103352902],[7.168200449142427,4.945025742256938],[7.141877646295367,4.901624343010074],[7.156106188374858,4.883423756229131],[7.198791814613333,4.861723056605699],[7.224403190356419,4.85822294376321],[7.271357379218742,4.8729234177016645],[7.352460069071846,4.872223395133166],[7.384474288750702,4.862423079174197],[7.416488508429561,4.866623214585184],[7.446368446796493,4.84562253753025],[7.49545691697074,4.8281219733178045]]]}},{"type":"Feature","id":"kwara","properties":{"id":"kwara","name":"Kwara","parentId":null,"level":"state"},"geometry":{"type":"Polygon","coordinates":[[[4.5686458112192545,8.054525991524178],[4.5053287989655155,8.091627187654561],[4.4953688195098715,8.116828000120483],[4.493945965301922,8.166529602483827],[4.480428850326405,8.210631024299188],[4.391500462329581,8.303734025909396],[4.34810340898713,8.391236846971621],[4.209375123712084,8.680346167761215],[4.19016659190477,8.753148514884986],[4.195146581632592,8.816150546049787],[4.220757957375678,8.860951990433648],[4.257752166782357,8.90085327683802],[4.321069179036096,8.942154608379393],[4.334586294011613,8.980655849646771],[4.316089189308274,8.997456391290719],[4.290477813565188,8.991856210742736],[4.253483604158509,8.966655398276815],[4.210797977920033,8.970155511119305],[4.012309815911121,9.034557587421101],[3.990255575687909,9.048558038791057],[3.971758470984569,9.077958986667966],[3.9447242410335344,9.148661266086243],[3.921247146602373,9.173162055983667],[3.862910124076456,9.18856255249062],[3.8259159146697774,9.182262349374138],[3.7704246005597586,9.146561198380752],[3.754061777168343,9.120660363346332],[3.743390370608724,9.047157993654062],[3.720624703281537,9.01635700064016],[3.691456192018579,8.99675636872222],[3.6174677732052207,9.003056571838702],[3.5954135329820085,8.999556458996212],[3.599682095605856,8.956855082317846],[3.5249822496885237,8.928854179577934],[3.3876768186214266,8.842751403652704],[3.2816741801292117,8.804250162385326],[3.237565699682787,8.782549462761892],[3.163577280869429,8.808450297796313],[3.103817404135563,8.750348424610994],[3.014177589034764,8.71044713820662],[2.920980638414092,8.611743956048429],[2.8021723120503346,8.610343910911434],[2.7566409773959606,8.575342782486544],[2.7431238624204433,8.770649079097431],[2.745258143732367,8.795149868994853],[2.7829637802430205,9.01635700064016],[2.7950580410105887,9.056958309613032],[2.814266572817903,9.065358580435007],[2.905329242126651,9.079359031804962],[2.9679348272764154,9.081459099510454],[2.987854786187704,9.061158445024018],[3.0952802788878677,9.090559392900927],[3.1664229892853273,9.302666231155762],[3.167134416389302,9.365668262320563],[3.1415230406462165,9.441270699718325],[3.1714029790131497,9.496572482629652],[3.2048400528999554,9.531573611054542],[3.2852313156490847,9.636576996329213],[3.3528168905266713,9.703079140336504],[3.330762650303459,9.75558083297384],[3.341434056863078,9.808082525611175],[3.3663340055021886,9.837483473488081],[3.4716252168904287,9.855684060269025],[3.5249822496885237,9.844483699173061],[3.559130750679304,9.880184850166447],[3.6096420750615,9.948087039310735],[3.6758047957311377,10.103492049517246],[3.6843419209788326,10.15669376472308],[3.730584682737182,10.068490921092357],[3.75050464164847,10.068490921092357],[3.7711360276637333,10.047490244037423],[3.7988816847187428,10.071291011366348],[3.8330301857095233,10.046790221468925],[3.8643329782844056,10.050290334311414],[3.8906557811314655,10.015989228455023],[3.8870986456115926,9.98798832571511],[3.921247146602373,9.999888709379572],[3.948992803657382,9.9914884385576],[3.941167105513662,9.962087490680691],[3.9703356167766204,9.948787061879234],[3.9347642615778904,9.927786384824298],[3.946147095241484,9.908185752906359],[4.002349836455477,9.906785707769366],[4.022269795366766,9.85708410540602],[4.038632618758181,9.864784353659497],[4.083452526308581,9.851483924858037],[4.095546787076149,9.878084782460956],[4.1531723824980915,9.861984263385505],[4.1709580600974565,9.819982909275637],[4.282652115421468,9.69467886951453],[4.350237690299054,9.588275439102866],[4.387231899705733,9.562374604068445],[4.443434640919726,9.50987291143111],[4.501060236341669,9.440570677149829],[4.578605790674899,9.388068984512493],[4.609908583249782,9.361468126909577],[4.6170228542895275,9.330667133895673],[4.639077094512739,9.308266411703743],[4.737254034861234,9.269065147867867],[4.754328285356625,9.248064470812931],[4.7521940040447,9.180162281668645],[4.764288264812269,9.15006131122324],[4.785631077931507,9.135360837284786],[4.828316704169982,9.13396079214779],[4.885942299591925,9.167561875435684],[4.9108422482310345,9.17176201084667],[4.996924927811961,9.20746316184006],[5.048147679298133,9.187862529922121],[5.065221929793522,9.1626617174562],[5.1591303075181685,9.106659911976376],[5.20893020479639,9.0352576099896],[5.2380987160593495,9.018457068345652],[5.272247217050129,9.014956955503163],[5.323469968536301,8.992556233311234],[5.370424157398624,8.996056346153722],[5.391055543413887,8.982755917352264],[5.457929691187498,8.968755465982309],[5.47358108747494,8.947754788927375],[5.511998151089568,8.944254676084885],[5.539743808144578,8.930254224714929],[5.56322090257574,8.89875320913253],[5.601637966190367,8.877052509509095],[5.642189311116919,8.835751177967726],[5.728271990697845,8.819650658892277],[5.774514752456194,8.753148514884986],[5.795857565575432,8.741948153789021],[5.88692023488418,8.746848311768506],[5.928183006914706,8.74264817635752],[6.033474218302947,8.758748695432967],[6.084696969789118,8.760848763138462],[6.13165115865144,8.75174846974799],[6.149436836250805,8.720947476734086],[6.2084852858806965,8.732147837830052],[6.170068222266069,8.662845603548769],[6.1480139820428565,8.596343459541478],[6.1252483147156696,8.555742150568605],[6.111019772636178,8.431138133375995],[6.078294125853346,8.3975370500881],[6.040588489342692,8.392636892108616],[5.956640091073691,8.408737411184067],[5.911820183523291,8.42413790769102],[5.849214598373527,8.422037839985524],[5.783051877703889,8.427638020533507],[5.642900738220893,8.462639148958397],[5.524092411857136,8.536841541219164],[5.502749598737898,8.534741473513671],[5.476426795890839,8.499740345088782],[5.396746960245684,8.438138359060975],[5.3419670732396405,8.375136327896172],[5.321335687224376,8.340835222039779],[5.353349906903233,8.310034229025877],[5.3569070424231064,8.274333078032488],[5.397458387349658,8.291833642244933],[5.418089773364922,8.284133393991457],[5.418801200468897,8.23583183676511],[5.457218264083524,8.206430888888201],[5.494923900594178,8.214831159710176],[5.536898099728679,8.205730866319703],[5.536898099728679,8.156729286524858],[5.497769609010076,8.110527797004004],[5.3874984078940145,8.102127526182029],[5.364021313462852,8.090227142517566],[5.36046417794298,8.03842547244873],[5.332718520887971,8.00972454714032],[5.282918623609749,8.008324502003322],[5.230984445019603,8.021624930804782],[5.196124516924848,8.018124817962292],[5.1818959748453555,8.036325404743236],[5.142056057022779,8.061526217209156],[5.117867535487642,8.062926262346153],[5.084430461600837,8.024425021078773],[5.057396231649802,8.039125495017228],[5.039610554050437,8.072026555736624],[4.995502073604012,8.029325179058258],[4.970602124964901,8.032825291900746],[4.927205071622451,8.079726803990098],[4.853928079913068,8.09582732306555],[4.85748521543294,8.07272657830512],[4.818356724714338,8.05382596895568],[4.785631077931507,8.068526442894134],[4.720891211469818,8.064326307483148],[4.6653998973598,8.043325630428214],[4.637654240304791,8.05382596895568],[4.6220028440173495,8.075526668579112],[4.5686458112192545,8.054525991524178]]]}},{"type":"Feature","id":"kogi","properties":{"id":"kogi","name":"Kogi","parentId":null,"level":"state"},"geometry":{"type":"Polygon","coordinates":[[[6.828138293442569,8.457738990978912],[6.940543775870555,8.459139036115907],[6.981095120797107,8.443738539608956],[6.969712287133515,8.391236846971621],[6.934852359038759,8.300933935635404],[6.964732297405693,8.265232784642016],[6.972557995549412,8.224631475669144],[7.002437933916346,8.167229625052325],[6.983229402109032,8.115427954983486],[6.986786537628905,8.077626736284605],[6.971135141341463,8.030025201626755],[6.97824941238121,7.985923779811394],[6.952638036638124,7.918021590667107],[6.963309443197742,7.879520349399728],[7.072869217209831,7.9425223805645295],[7.253571701619379,8.015324727688302],[7.393011413998398,8.044025652996712],[7.505416896426384,8.0475257658392],[7.583673877863591,8.03772544988023],[7.676870828484262,8.014624705119804],[7.664065140612719,7.934822132311053],[7.669756557444517,7.885120529947709],[7.692522224771704,7.838919040426855],[7.744456403361848,7.768916783577074],[7.752282101505569,7.7444159936796515],[7.754416382817492,7.647812879226954],[7.72453644445056,7.620511999055541],[7.735919278114153,7.599511322000606],[7.737342132322103,7.5393093811097955],[7.755839237025443,7.530209087719324],[7.760819226753265,7.4518065600475705],[7.776470623040705,7.4196055218966706],[7.799236290367892,7.401404935115728],[7.802793425887765,7.3643037389853445],[7.768644924896984,7.3020017303890405],[7.801370571679817,7.2929014369985685],[7.797102009055969,7.233399518676256],[7.779316331456604,7.208898728778832],[7.718133600514788,7.183697916312911],[7.691099370563753,7.192098187134885],[7.643433754597456,7.15849710384699],[7.637030910661684,7.132596268812572],[7.60217098256693,7.090594914702704],[7.6114195349186,7.0268928609694035],[7.5929224302152605,7.017792567578932],[7.543833960041013,7.040193289770862],[7.530316845065496,7.032493041517386],[7.501859760906511,7.068894215079272],[7.457751280460087,7.096195095250686],[7.432139904717001,7.101795275798668],[7.386608570062627,7.086394779291717],[7.384474288750702,7.051393650866826],[7.3268486933287615,7.024092770695413],[7.311908724145294,7.005192161345972],[7.24147744085181,6.971591078058077],[7.238631732435911,6.941490107612672],[7.210174648276928,6.90368888891379],[7.176026147286146,6.896688663228812],[7.146857636023189,6.864487625077913],[7.119823406072154,6.848387106002464],[7.081406342457525,6.800085548776115],[7.042277851738923,6.783285007132168],[6.991055100252751,6.785385074837661],[6.986786537628905,6.844186970591477],[6.963309443197742,6.844186970591477],[6.952638036638124,6.807785797029592],[6.897146722528106,6.792385300522639],[6.877938190720791,6.760884284940238],[6.860863940225402,6.753184036686763],[6.806084053219358,6.702782411754921],[6.798969782179611,6.679681666994494],[6.808929761635255,6.615979613261193],[6.808218334531281,6.580278462267805],[6.764109854084856,6.563477920623859],[6.715732811014584,6.560677830349867],[6.672335757672133,6.567678056034845],[6.661664351112514,6.557877740075876],[6.65312722586482,6.634180200042136],[6.628227277225708,6.674781509015009],[6.618267297770064,6.704882479460414],[6.631784412745581,6.769284555762212],[6.610441599626343,6.8217862483995475],[6.673047184776108,6.935889927064689],[6.679450028711879,6.968790987784086],[6.677315747399955,7.033893086654381],[6.711464248390737,7.10459536607266],[6.715732811014584,7.135396359086563],[6.692967143687397,7.216598977032309],[6.669490049256234,7.239699721792736],[6.637475829577378,7.294301482135564],[6.569178827595817,7.275400872786124],[6.515110367693747,7.26700060196415],[6.499458971406307,7.292201414430071],[6.499458971406307,7.327202542854961],[6.466733324623475,7.365003761553842],[6.435430532048593,7.35940358100586],[6.4240476983849994,7.417505454191177],[6.379939217938574,7.397904822273239],[6.357173550611387,7.414705363917186],[6.295279392565598,7.499408094705421],[6.263976599990716,7.479807462787482],[6.226982390584037,7.470707169397011],[6.18714247276146,7.438506131246111],[6.1430339923150346,7.449706492342076],[6.1124426268441265,7.448306447205081],[6.108174064220279,7.490307801314949],[6.154416825978628,7.522508839465848],[6.164376805434272,7.55050974220576],[6.133785439963365,7.551909787342756],[6.118845470779898,7.591111051178633],[6.048414187486413,7.579910690082668],[6.004305707039988,7.529509065150826],[5.996480008896268,7.559610035596231],[5.9374315592663764,7.648512901795453],[5.921780162978935,7.716415090939739],[5.9196458816670114,7.750016174227634],[5.857751723621222,7.730415542309696],[5.816488951590696,7.727615452035704],[5.773091898248245,7.747216083953642],[5.791589002951584,7.782217212378533],[5.768111908520423,7.787817392926515],[5.728983417801819,7.828418701899388],[5.642900738220893,7.828418701899388],[5.61444365406191,7.865519898029771],[5.598792257774469,7.951622673955001],[5.645746446636792,7.962823035050966],[5.647880727948716,7.985923779811394],[5.667800686860005,8.002024298886843],[5.640055029804996,8.05382596895568],[5.656417853196411,8.074826646010614],[5.576738017551257,8.071326533168126],[5.508441015569695,8.017424795393794],[5.504172452945848,8.023724998510275],[5.514132432401492,8.1112278195725],[5.497769609010076,8.110527797004004],[5.536898099728679,8.156729286524858],[5.536898099728679,8.205730866319703],[5.494923900594178,8.214831159710176],[5.457218264083524,8.206430888888201],[5.418801200468897,8.23583183676511],[5.418089773364922,8.284133393991457],[5.397458387349658,8.291833642244933],[5.3569070424231064,8.274333078032488],[5.353349906903233,8.310034229025877],[5.321335687224376,8.340835222039779],[5.3419670732396405,8.375136327896172],[5.396746960245684,8.438138359060975],[5.476426795890839,8.499740345088782],[5.502749598737898,8.534741473513671],[5.524092411857136,8.536841541219164],[5.642900738220893,8.462639148958397],[5.783051877703889,8.427638020533507],[5.849214598373527,8.422037839985524],[5.911820183523291,8.42413790769102],[5.956640091073691,8.408737411184067],[6.040588489342692,8.392636892108616],[6.078294125853346,8.3975370500881],[6.111019772636178,8.431138133375995],[6.1252483147156696,8.555742150568605],[6.1480139820428565,8.596343459541478],[6.170068222266069,8.662845603548769],[6.2084852858806965,8.732147837830052],[6.267533735510589,8.738448040946531],[6.3023936636053435,8.727947702419065],[6.358596404819337,8.684546303172201],[6.398436322641914,8.629244520260874],[6.424759125488974,8.549441947452124],[6.453216209647958,8.448638697588441],[6.503727534030155,8.412237524026555],[6.527204628461316,8.37583635046467],[6.551393149996452,8.369536147348189],[6.579850234155436,8.330334883512313],[6.59905876596275,8.324034680395833],[6.626804423017759,8.287633506833947],[6.641744392201225,8.255432468683047],[6.683718591335727,8.212731092004681],[6.712887102598685,8.202230753477215],[6.717867092326507,8.243532085018586],[6.761264145668958,8.272933032895493],[6.772646979332551,8.335235041491798],[6.807506907427307,8.342935289745274],[6.837386845794239,8.396837027519604],[6.824581157922697,8.432538178512992],[6.828138293442569,8.457738990978912]]]}},{"type":"Feature","id":"benue","properties":{"id":"benue","name":"Benue","parentId":null,"level":"state"},"geometry":{"type":"Polygon","coordinates":[[[9.467532849188318,6.401072684732368],[9.458284296836649,6.404572797574857],[9.474647120228065,6.499775866890558],[9.471089984708192,6.524976679356479],[9.432672921093562,6.557177717507377],[9.402081555622656,6.60127913932274],[9.367933054631875,6.628580019494153],[9.300347479754288,6.720282975967367],[9.255527572203889,6.7181829082618725],[9.192921987054124,6.694382140932947],[9.136007818736157,6.679681666994494],[9.070556525170494,6.642580470864109],[9.027159471828044,6.650980741686084],[8.992299543733289,6.692282073227454],[8.970245303510076,6.704182456891917],[8.994433825045213,6.754584081823758],[8.974513866133924,6.788885187680151],[8.923291114647753,6.824586338673539],[8.83934271637875,6.869387783057398],[8.759662880733597,6.89108848268083],[8.703460139519603,6.896688663228812],[8.669311638528823,6.870087805625896],[8.606706053379058,6.85888744452993],[8.601726063651236,6.849787151139459],[8.641565981473812,6.818986158125556],[8.62093459545855,6.781184939426675],[8.578248969220073,6.765084420351226],[8.51564338407031,6.760184262371741],[8.468689195207986,6.746183811001785],[8.440232111049003,6.756684149529251],[8.39327792218668,6.742683698159295],[8.361263702507824,6.692982095795951],[8.320712357581272,6.678281621857497],[8.294389554734211,6.6789816444259955],[8.27873815844677,6.697882253775436],[8.255972491119582,6.765784442919723],[8.241032521936116,6.792385300522639],[8.220401135920852,6.779084871721182],[8.172735519954555,6.7734846911731985],[8.152815561043266,6.754584081823758],[8.144278435795572,6.72518313394685],[8.098747101141196,6.706982547165907],[8.031872953367586,6.732183359631828],[7.974247357945643,6.7111826825768945],[7.978515920569491,6.648180651412092],[7.987053045817186,6.6110794552817085],[7.955038826138329,6.583078552541797],[7.945078846682684,6.539677153294933],[7.878204698909073,6.561377852918365],[7.85615045868586,6.580978484836303],[7.817733395071231,6.637680312884625],[7.85615045868586,6.699982321480929],[7.878204698909073,6.760184262371741],[7.903104647548183,6.781184939426675],[7.886741824156768,6.793785345659636],[7.888164678364717,6.853987286550446],[7.863264729725605,6.879888121584865],[7.818444822175206,6.891788505249328],[7.71386503789094,6.870787828194393],[7.691810797667728,6.851887218844952],[7.657662296676948,6.867987737920402],[7.619956660166295,6.919089385420742],[7.577982461031793,6.9323898142222],[7.530316845065496,7.032493041517386],[7.543833960041013,7.040193289770862],[7.5929224302152605,7.017792567578932],[7.6114195349186,7.0268928609694035],[7.60217098256693,7.090594914702704],[7.637030910661684,7.132596268812572],[7.643433754597456,7.15849710384699],[7.691099370563753,7.192098187134885],[7.718133600514788,7.183697916312911],[7.779316331456604,7.208898728778832],[7.797102009055969,7.233399518676256],[7.801370571679817,7.2929014369985685],[7.768644924896984,7.3020017303890405],[7.802793425887765,7.3643037389853445],[7.799236290367892,7.401404935115728],[7.776470623040705,7.4196055218966706],[7.760819226753265,7.4518065600475705],[7.755839237025443,7.530209087719324],[7.737342132322103,7.5393093811097955],[7.735919278114153,7.599511322000606],[7.72453644445056,7.620511999055541],[7.754416382817492,7.647812879226954],[7.752282101505569,7.7444159936796515],[7.744456403361848,7.768916783577074],[7.692522224771704,7.838919040426855],[7.669756557444517,7.885120529947709],[7.664065140612719,7.934822132311053],[7.676870828484262,8.014624705119804],[7.760819226753265,8.003424344023838],[7.838364781086495,7.9852237572428955],[7.867533292349453,7.985923779811394],[7.972824503737694,7.939022267722041],[8.072424298294138,7.877420281694234],[8.113687070324664,7.864119852892776],[8.159929832083012,7.859919717481789],[8.21542114619303,7.834718905015868],[8.274469595822922,7.814418250529432],[8.371935109067442,7.77031682871407],[8.420312152137715,7.774516964125057],[8.389009359562833,7.892820778201186],[8.347746587532306,7.927821906626075],[8.339920889388585,7.960722967345473],[8.360552275403847,7.9621230124824685],[8.371223681963468,8.046125720702204],[8.391143640874756,8.078326758853104],[8.426714996073486,8.111927842140998],[8.503549123302742,8.158129331661852],[8.524180509318006,8.157429309093356],[8.58820894867572,8.128728383784946],[8.696345868479858,8.096527345634046],[8.780294266748859,8.075526668579112],[8.911196853880185,8.055926036661173],[9.02502519051612,8.062926262346153],[9.062730827026774,8.074126623442117],[9.132450683216284,7.991523960359376],[9.179404872078607,7.908221274708137],[9.18296200759848,7.895620868475177],[9.124624985072563,7.827018656762393],[9.115376432720893,7.808118047412952],[9.130316401904361,7.787817392926515],[9.190076278638227,7.810218115118445],[9.27260182269928,7.822818521351405],[9.31457602183378,7.834718905015868],[9.386430159335214,7.844519220974838],[9.561441226912965,7.838919040426855],[9.601281144735543,7.829818747036383],[9.643255343870043,7.7997177765909775],[9.70159236639596,7.710114887823259],[9.747123701050334,7.654813104911932],[9.846012068502803,7.574310509534685],[9.88442913211743,7.507808365527394],[9.888697694741278,7.461606876006539],[9.883006277909482,7.414005341348688],[9.841032078774981,7.27960100819711],[9.824669255383565,7.25440019573119],[9.835340661943185,7.217298999600806],[9.82395782827959,7.172497555216946],[9.737875148698665,7.077994508469743],[9.699458085084036,7.011492364462452],[9.645389625181968,6.894588595523318],[9.64112106255812,6.866587692783407],[9.64894676070184,6.799385526207617],[9.646101052285943,6.738483562748309],[9.62262395785478,6.664281170487541],[9.606261134463365,6.5718781914458315],[9.59772400921567,6.499775866890558],[9.52515844461026,6.429773610040778],[9.467532849188318,6.401072684732368]]]}},{"type":"Feature","id":"borno","properties":{"id":"borno","name":"Borno","parentId":null,"level":"state"},"geometry":{"type":"Polygon","coordinates":[[[11.835873678319746,10.034189815235965],[11.789630916561398,10.03908997321545],[11.736273883763303,10.117492500887202],[11.731293894035481,10.143393335921623],[11.695722538836751,10.187494757736983],[11.639519797622759,10.202895254243934],[11.61177414056775,10.219695795887883],[11.612485567671724,10.24909674376479],[11.589719900344537,10.282697827052685],[11.546322847002086,10.300898413833629],[11.544899992794138,10.343599790511995],[11.552725690937859,10.368800602977915],[11.596834171384282,10.394701438012333],[11.60252558821608,10.42760249873173],[11.6551711939102,10.45630342404014],[11.66299689205392,10.496904733013013],[11.637385516310834,10.518605432636445],[11.599679879800181,10.534005929143396],[11.572645649849147,10.572507170410775],[11.583317056408765,10.594207870034207],[11.626714109751216,10.60260814085618],[11.71421964354009,10.634109156438582],[11.754059561362668,10.662810081746992],[11.766865249234211,10.705511458425358],[11.759750978194464,10.781813918391618],[11.738408165075228,10.822415227364491],[11.646634068662504,10.834315611028954],[11.632405526583012,10.85741635578938],[11.650902631286352,10.88051710054981],[11.676514007029438,10.87701698770732],[11.733428175347406,10.900817755036245],[11.798879468913068,10.937918951166628],[11.85508221012706,10.935118860892636],[11.894210700845663,10.958919628221562],[11.90772781582118,10.939318996303623],[11.937607754188114,10.947719267125597],[11.993810495402107,10.991820688940958],[12.035073267432633,11.043622359009795],[12.056416080551871,11.04852251698928],[12.094121717062524,11.038722201030312],[12.148190176964594,11.046422449283789],[12.167398708771909,11.079323510003185],[12.153170166692416,11.11922479640756],[12.120444519909585,11.140225473462493],[12.101947415206245,11.237528610483688],[12.112618821765864,11.259929332675618],[12.186607240579223,11.301930686785486],[12.201547209762689,11.356532447128314],[12.220755741570002,11.358632514833808],[12.246367117313088,11.39923382380668],[12.343832630557609,11.479036396615431],[12.37371256892454,11.549738676033709],[12.34881262028543,11.583339759321603],[12.299724150111183,11.608540571787524],[12.301147004319132,11.64494174534941],[12.274824201472072,11.693943325144255],[12.223601449985901,11.633041361684946],[12.195855792930892,11.65754215158237],[12.21577575184218,11.715644024767688],[12.221467168673978,11.756245333740559],[12.23569571075347,11.767445694836525],[12.244232836001165,11.809447048946392],[12.270555638848224,11.82624759059034],[12.256327096768732,11.885749508912653],[12.262729940704505,11.936151133844495],[12.28051561830387,11.995653052166809],[12.268421357536301,12.00475334555728],[12.237829992065393,12.089456076345513],[12.236407137857444,12.137057611003364],[12.263441367808479,12.178358942544735],[12.249924252832962,12.212660048401126],[12.284784180927717,12.266561786175458],[12.28691846223964,12.424766886655961],[12.353081182909278,12.459768015080853],[12.377269704444414,12.519969955971662],[12.41853247647494,12.524170091382649],[12.443432425114052,12.561271287513033],[12.42778102882661,12.602572619054403],[12.464775238233289,12.613772980150369],[12.496789457912145,12.664874627650708],[12.497500885016121,12.764977854945894],[12.484695197144578,12.80137902850778],[12.460506675609441,12.81397943474074],[12.431338164346483,12.851780653439622],[12.40928392412327,12.859480901693097],[12.408572497019296,12.88748180443301],[12.394343954939805,12.916182729741418],[12.414975340955067,12.984784941454205],[12.408572497019296,13.023286182721582],[12.429915310138535,13.072987785084926],[12.459083821401492,13.065987559399948],[12.496789457912145,13.112889071489302],[12.50817229157574,13.139489929092218],[12.55156934491819,13.161890651284148],[12.5344950944228,13.206692095668007],[12.565797886997682,13.22839279529144],[12.589986408532818,13.257793743168348],[12.590697835636792,13.282994555634268],[12.625557763731548,13.278794420223281],[12.65686055630643,13.290694803887744],[12.668954817073997,13.273194239675298],[12.703103318064779,13.319395729196154],[12.739386100367483,13.326395954881132],[12.772823174254288,13.39359812145692],[12.798434549997374,13.40339843741589],[12.877402958538555,13.485301077930133],[12.927914282920751,13.496501439026098],[13.0161312438136,13.533602635156482],[13.048856890596433,13.537802770567469],[13.078736828963365,13.521002228923521],[13.105059631810425,13.539902838272962],[13.181182331935707,13.537802770567469],[13.194699446911224,13.513301980670045],[13.226713666590081,13.57560398926635],[13.251613615229191,13.597304688889782],[13.243787917085472,13.61410523053373],[13.269399292828556,13.64560624611613],[13.324890606938576,13.689007645362993],[13.339119149018067,13.721208683513893],[13.362596243449229,13.707908254712434],[13.63364997006355,13.708608277280932],[13.76241827588295,13.529402499745494],[13.943832187396472,13.277394375086285],[14.083271899775493,13.083488123612394],[14.15228032886103,12.770578035493877],[14.2035030803472,12.538170542752606],[14.200657371931301,12.504569459464712],[14.177891704604114,12.480768692135786],[14.187851684059758,12.40586627730652],[14.22840302898631,12.362464878059658],[14.270377228120813,12.37156517145013],[14.313774281463262,12.360364810354163],[14.333694240374552,12.373665239155622],[14.376379866613027,12.359664787785666],[14.400568388148162,12.367365036039141],[14.463885400401901,12.360364810354163],[14.495188192976784,12.33306393018275],[14.522933850031794,12.296662756620863],[14.547833798670904,12.280562237545414],[14.559216632334499,12.25606144764799],[14.552102361294752,12.235060770593057],[14.58909657070143,12.229460590045075],[14.617553654860414,12.186059190798211],[14.659527853994916,12.197959574462674],[14.677313531594281,12.160158355763791],[14.65241358295517,12.137057611003364],[14.655970718475043,12.116056933948432],[14.636050759563755,12.091556144051008],[14.653125010059144,12.063555241311096],[14.623956498796186,12.050254812509637],[14.623245071692212,12.030654180591698],[14.65383643716312,11.955751765762432],[14.634627905355805,11.935451111275999],[14.6431650306035,11.911650343947073],[14.604747966988873,11.869648989837204],[14.612573665132592,11.825547568021843],[14.588385143597456,11.754845288603565],[14.588385143597456,11.69254328000726],[14.641030749291577,11.647041813054901],[14.646722166123373,11.575639511068125],[14.610439383820669,11.499337051101866],[14.4667311088178,11.416734388019126],[14.410528367603808,11.404133981786165],[14.329425677750704,11.339031882915869],[14.188563111163734,11.243828813600167],[14.147300339133206,11.236128565346693],[14.026357731457527,11.278829942025059],[14.00359206413034,11.283030077436045],[13.965886427619685,11.24942899414815],[13.94810075002032,11.215127888291757],[13.890475154598379,11.15352590226395],[13.844232392840029,11.084923690551168],[13.810795318953224,11.05202262983177],[13.795143922665783,11.006521162879412],[13.77451253665052,10.979220282707999],[13.768109692714749,10.931618748050148],[13.750324015115384,10.914118183837703],[13.669932752366254,10.944919176851606],[13.577447228849556,10.948419289694096],[13.50203595582825,10.910618070995213],[13.46361889221362,10.902917822741738],[13.410973286519502,10.88051710054981],[13.383227629464491,10.878417032844315],[13.36757623317705,10.92461852236517],[13.336273440602168,10.907817980721223],[13.335562013498194,10.80001450517256],[13.311373491963058,10.713211706678834],[13.282916407804073,10.667710239726476],[13.258016459164963,10.611708434246651],[13.239519354461624,10.600508073150687],[13.233116510525852,10.55850671904082],[13.253036469437141,10.540306132259875],[13.22813652079803,10.443703017807179],[13.191142311391351,10.409401911950788],[13.122133882305816,10.443703017807179],[13.05170259901233,10.464703694862113],[13.015419816709626,10.49480466530752],[13.010439826981804,10.51370527465696],[12.95850564839166,10.548006380513353],[12.87526867722663,10.573207192979272],[12.735117537743635,10.576007283253265],[12.673934806801821,10.48500434934855],[12.652591993682583,10.438802859827696],[12.612752075860005,10.447903153218167],[12.602792096404361,10.484304326780052],[12.570777876725504,10.481504236506062],[12.554415053334088,10.42760249873173],[12.557260761749987,10.395401460580832],[12.503903728951892,10.379300941505381],[12.42137818489084,10.371600693251906],[12.379403985756337,10.350600016196971],[12.386518256796084,10.316998932909076],[12.328892661374141,10.31979902318307],[12.306126994046954,10.335899542258517],[12.279804191199894,10.32889931657354],[12.257038523872707,10.359700309587442],[12.24209855468924,10.319099000614571],[12.212930043426283,10.280597759347192],[12.178781542435502,10.27149746595672],[12.136095916197027,10.236496337531829],[12.126847363845357,10.203595276812433],[12.109061686245992,10.186794735168487],[12.089141727334702,10.142693313353124],[12.091276008646627,10.101391981811755],[12.101235988102271,10.07409110164034],[12.08700744602278,10.06079067283888],[12.034361840328659,10.05799058256489],[12.018710444041218,10.067090875955362],[11.989541932778259,10.037689928078454],[11.920533503692724,10.024389499276996],[11.835873678319746,10.034189815235965]]]}},{"type":"Feature","id":"katsina","properties":{"id":"katsina","name":"Katsina","parentId":null,"level":"state"},"geometry":{"type":"Polygon","coordinates":[[[6.889321024384385,11.38383332729973],[6.88718674307246,11.43143486195758],[6.90710670198375,11.474836261204443],[6.895723868320156,11.504937231649848],[6.904260993567851,11.553238788876197],[6.854461096289629,11.595240142986064],[6.855172523393604,11.642141655075417],[6.881495326240664,11.705843708808718],[6.886475315968486,11.761145491720043],[6.909952410399649,11.785646281617467],[6.950503755326199,11.802446823261416],[7.017377903099812,11.815747252062874],[7.042277851738923,11.790546439596952],[7.060063529338288,11.789846417028453],[7.075003498521754,11.817847319768367],[7.10061487426484,11.820647410042358],[7.141877646295367,11.849348335350768],[7.146857636023189,11.880849350933168],[7.141166219191392,11.911650343947073],[7.191677543573588,11.906750185967589],[7.226537471668344,11.913750411652565],[7.246457430579632,11.932651021002005],[7.210886075380902,11.964152036584407],[7.208040366965003,11.987952803913332],[7.1489919173351115,12.032754248297191],[7.127649104215875,12.124457204770405],[7.14543478181524,12.146857926962333],[7.1568176154788326,12.185359168229713],[7.150414771543062,12.231560657750567],[7.093500603225094,12.282662305250907],[7.084963477977398,12.347764404121204],[7.068600654585984,12.411466457854504],[7.051526404090593,12.539570587889601],[7.051526404090593,12.587172122547452],[7.044412133050846,12.658574424534228],[6.988920818940828,12.673274898472682],[7.060774956442263,12.739777042479973],[7.066466373274059,12.810479321898251],[7.066466373274059,12.889581872138503],[7.049392122778668,12.96098417412528],[7.051526404090593,12.99528527998167],[7.0906548948091945,12.99528527998167],[7.147569063127163,13.042886814639521],[7.218711773524623,13.125489477722262],[7.3794942990228805,13.099588642687843],[7.686830807939906,13.278094397654783],[7.75868494544134,13.310295435805683],[7.819867676383156,13.35229678991555],[8.040410078615281,13.321495796901647],[8.12222419557236,13.303295210120703],[8.141432727379673,13.280894487928775],[8.22609255275265,13.223492637311955],[8.287275283694465,13.198291824846034],[8.40892931847412,13.088388281591879],[8.449480663400672,13.077887943064411],[8.516354811174285,13.083488123612394],[8.541966186917369,13.075087852790421],[8.615243178626754,13.021886137584588],[8.663620221697025,12.943483609912834],[8.95530533432661,12.85528076628211],[8.988742408213415,12.83638015693267],[9.040676586803562,12.84618047289164],[9.047079430739332,12.816079502446234],[8.983050991381619,12.806979209055761],[8.951036771702762,12.738376997342977],[8.923291114647753,12.706875981760577],[8.883451196825176,12.69637564323311],[8.864954092121836,12.669074763061694],[8.82369132009131,12.674674943609677],[8.722668671326916,12.669774785630192],[8.663620221697025,12.725776591110018],[8.63658599174599,12.736976952205982],[8.60386034496316,12.736976952205982],[8.588920375779693,12.808379254192758],[8.551926166373015,12.831479998953185],[8.502126269094793,12.833580066658678],[8.43525212132118,12.815379479877736],[8.394700776394629,12.8265798409737],[8.352726577260128,12.825179795836705],[8.33778660807666,12.835680134364171],[8.230361115376498,12.825879818405202],[8.179138363890326,12.81117934446675],[8.152104133939291,12.818879592720224],[8.162775540498911,12.763577809808899],[8.184829780722122,12.732776816794996],[8.144278435795572,12.72157645569903],[8.160641259186987,12.6669746953562],[8.181984072306225,12.65157419884925],[8.19052119755392,12.624273318677835],[8.236763959312269,12.608872822170884],[8.246012511663938,12.59417234823243],[8.18127264520225,12.561971310081532],[8.174158374162504,12.519269933403166],[8.183406926514174,12.506669527170205],[8.162775540498911,12.474468489019305],[8.157084123667113,12.440167383162914],[8.130049893716079,12.440867405731412],[8.107995653492866,12.416366615833988],[8.055350047798747,12.417066638402487],[8.030450099159635,12.395365938779054],[8.002704442104626,12.393265871073561],[7.987053045817186,12.372965216587124],[7.950058836410507,12.358964765217168],[7.922313179355497,12.336564043025238],[7.892433240988565,12.330263839908758],[7.885318969948818,12.298762824326356],[7.864687583933556,12.280562237545414],[7.878204698909073,12.253261357374],[7.864687583933556,12.209859958127137],[7.855439031581886,12.146857926962333],[7.86539901103753,12.139857701277355],[7.868244719453427,12.082455850660537],[7.879627553117022,12.044654631961656],[7.855439031581886,12.000553210146293],[7.829116228734826,11.968352171995395],[7.8298276558388,11.92215068247454],[7.848324760542139,11.886449531481151],[7.86539901103753,11.873149102679694],[7.852593323165987,11.83604790654931],[7.861130448413682,11.761845514288542],[7.877493271805099,11.711443889356701],[7.888164678364717,11.707243753945715],[7.902393220444209,11.653342016171383],[7.872513282077275,11.658242174150867],[7.841210489502393,11.633041361684946],[7.81417625955136,11.63794151966443],[7.766510643585061,11.628841226273959],[7.704616485539271,11.592440052712075],[7.718845027618762,11.569339307951648],[7.711019329475043,11.54903865346521],[7.679716536900161,11.523837840999288],[7.675447974276313,11.483236532026417],[7.706039339747221,11.425834681409597],[7.748013538881722,11.387333440142218],[7.750859247297619,11.371232921066769],[7.720979308930687,11.369832875929774],[7.720979308930687,11.325031431545913],[7.706039339747221,11.310330957607459],[7.607150972294752,11.27182971634008],[7.577271033927818,11.315231115586943],[7.496168344074714,11.35163228914883],[7.472691249643553,11.376133079046252],[7.3922999868944235,11.374733033909258],[7.370245746671211,11.333431702367886],[7.357440058799668,11.264129468086605],[7.297680182065802,11.273929784045574],[7.227248898772318,11.278829942025059],[7.1945232519894855,11.257829264970123],[7.211597502484876,11.202527482058798],[7.200926095925258,11.15352590226395],[7.151837625751011,11.129025112366527],[7.129071958423824,11.138125405757],[7.076426352729703,11.19552725637382],[7.025203601243533,11.209527707743776],[6.96757800582159,11.245228858737164],[7.008840777852116,11.293530415963513],[7.013820767579938,11.349532221443337],[7.005995069436219,11.362132627676296],[6.961175161885819,11.358632514833808],[6.919200962751319,11.385233372436725],[6.889321024384385,11.38383332729973]]]}},{"type":"Feature","id":"plateau","properties":{"id":"plateau","name":"Plateau","parentId":null,"level":"state"},"geometry":{"type":"Polygon","coordinates":[[[9.616932541022983,8.371636215053684],[9.601281144735543,8.392636892108616],[9.55930694560104,8.401737185499089],[9.470378557604217,8.431138133375995],[9.380738742503418,8.478039645465348],[9.355127366760332,8.482939803444832],[9.320978865769552,8.469639374643375],[9.264064697451584,8.459839058684405],[9.21213051886144,8.457038968410416],[9.17513630945476,8.467539306937882],[9.132450683216284,8.428338043102006],[9.101147890641402,8.438838381629472],[9.101147890641402,8.473839510054361],[9.059885118610875,8.496940254814788],[9.049213712051257,8.51934097700672],[9.019333773684323,8.509540661047751],[8.99087668952534,8.521441044712212],[8.975225293237898,8.541041676630151],[8.987319554005467,8.564842443959076],[8.978071001653797,8.605443752931949],[8.958151042742509,8.612443978616927],[8.934673948311346,8.667745761528254],[8.914042562296084,8.685946348309196],[8.891988322072871,8.73284786039855],[8.907639718360311,8.78324948533039],[8.945345354870966,8.799350004405841],[8.949613917494814,8.835751177967726],[8.97380243902995,8.853951764748668],[9.010796648436628,8.853951764748668],[9.023602336308171,8.865852148413133],[9.045656576531384,8.922553976461455],[9.071979379378444,8.944954698653383],[9.070556525170494,8.98765607533175],[9.057039410194976,9.024057248893635],[9.039253732595611,9.026857339167627],[8.966688167990203,9.014956955503163],[8.924002541751728,9.01565697807166],[8.85001412293837,9.030357452010115],[8.798079944348224,9.031757497147112],[8.799502798556173,9.070958760982988],[8.760374307837571,9.10525986683938],[8.764642870461419,9.165461807730193],[8.748991474173977,9.178062213963152],[8.667177357216898,9.189962597627614],[8.657928804865229,9.20746316184006],[8.694211587167933,9.3222668630737],[8.695634441375882,9.378268668553524],[8.669311638528823,9.396469255334466],[8.648680252513559,9.395769232765968],[8.617377459938677,9.434970496601846],[8.60243749075521,9.482572031259696],[8.577537542116099,9.499372572903644],[8.556194728996863,9.553974333246472],[8.554771874788912,9.580575190849387],[8.581806104739947,9.675778260165089],[8.598880355235337,9.678578350439082],[8.598880355235337,9.727579930233926],[8.633740283330093,9.754880810405341],[8.643700262785737,9.775181464891777],[8.643700262785737,9.834683383214092],[8.634451710434067,9.86688442136499],[8.679983045088441,10.004788867359057],[8.67215734694472,10.081791349893816],[8.67215734694472,10.146193426195612],[8.686385889024212,10.211295525065909],[8.728360088158714,10.248396721196293],[8.73405150499051,10.274997578799208],[8.763220016253468,10.28129778191569],[8.799502798556173,10.30299848153912],[8.80519421538797,10.355500174176456],[8.817999903259514,10.380700986642378],[8.869934081849658,10.35760024188195],[8.93538537541532,10.34849994849148],[8.954593907222636,10.308598662087103],[8.93538537541532,10.267297330545734],[8.930405385687498,10.214795637908399],[8.978071001653797,10.180494532052005],[8.968111022198153,10.102792026948748],[8.951748198806737,10.09299171098978],[8.938942510935194,10.032789770098969],[8.977359574549823,9.987288303146613],[9.002970950292907,9.988688348283608],[9.007239512916755,10.032789770098969],[9.03569659707574,10.015989228455023],[9.085496494353961,10.025089521845494],[9.128182120592436,10.058690605133389],[9.18296200759848,10.038389950646952],[9.229916196460804,10.048190266605921],[9.25125900958004,10.024389499276996],[9.214264800173362,10.017389273592016],[9.232050477772727,9.861984263385505],[9.271890395595305,9.845883744310056],[9.26050756193171,9.81858286413864],[9.21853336279721,9.773081397186285],[9.159484913167319,9.758380923247831],[9.177982017870658,9.728279952802424],[9.223513352525032,9.682778485850069],[9.266910405867483,9.680678418144574],[9.287541791882745,9.692578801809038],[9.28967607319467,9.614176274137282],[9.309596032105958,9.598775777630332],[9.303904615274162,9.571474897458916],[9.350858804136484,9.53227363362304],[9.397101565894834,9.530873588486045],[9.425558650053818,9.476971850711713],[9.569266925056686,9.472771715300727],[9.589898311071948,9.511272956568106],[9.577804050304382,9.542773972150506],[9.609818269983238,9.547674130129991],[9.648235333597865,9.52247331766407],[9.668155292509155,9.535073723897032],[9.69234381404429,9.52247331766407],[9.76348652444175,9.539973881876517],[9.803326442264327,9.579175145712393],[9.838897797463057,9.601575867904323],[9.915731924692313,9.610676161294794],[9.935651883603603,9.605075980746811],[9.980471791154002,9.623276567527753],[9.991854624817595,9.645677289719684],[9.972646093010281,9.699579027494014],[9.984028926673874,9.712879456295473],[10.041654522095817,9.73038002050792],[10.103548680141607,9.719179659411953],[10.115642940909176,9.693978846946033],[10.15192572321188,9.678578350439082],[10.191054213930482,9.689078688966548],[10.260774070119993,9.686978621261055],[10.382428104899649,9.598075755061833],[10.423690876930175,9.584775326260376],[10.489142170495837,9.552574288109476],[10.523290671486619,9.48817221180768],[10.541076349085984,9.483272053828195],[10.565976297725094,9.46507146704725],[10.578781985596637,9.439170632012832],[10.578070558492662,9.409769684135924],[10.560284880893297,9.389469029649488],[10.559573453789323,9.350967788382109],[10.578070558492662,9.332767201601166],[10.580204839804585,9.24596440310744],[10.610796205275493,9.189262575059118],[10.61791047631524,9.141661040401267],[10.63640758101858,9.119260318209337],[10.622179038939088,9.094059505743417],[10.637830435226528,9.081459099510454],[10.62715902866691,9.01915709091415],[10.596567663196002,8.976455714235785],[10.565976297725094,8.969455488550807],[10.463530794752751,8.963155285434325],[10.420133741410302,8.944254676084885],[10.34116533286912,8.879852599783089],[10.324802509477706,8.856751855022662],[10.248679809352424,8.808450297796313],[10.188208505514584,8.748248356905501],[10.180382807370863,8.732147837830052],[10.11635436801315,8.672645919507739],[10.05161450155146,8.591443301561993],[9.92000048731616,8.478739668033846],[9.890831976053203,8.447938675019945],[9.821112119863692,8.403137230636084],[9.756372253402004,8.367436079642697],[9.664598156989282,8.382836576149648],[9.620489676542856,8.383536598718145],[9.616932541022983,8.371636215053684]]]}},{"type":"Feature","id":"edo","properties":{"id":"edo","name":"Edo","parentId":null,"level":"state"},"geometry":{"type":"Polygon","coordinates":[[[5.1342303588790585,6.169365214559595],[5.135653213087007,6.18686577877204],[5.089410451328659,6.200866230141996],[5.063799075585573,6.248467764799846],[5.015422032515301,6.292569186615209],[5.034630564322615,6.333170495588081],[5.0275162932828685,6.345070879252543],[5.053127669025955,6.38427214308842],[5.0758933363531415,6.3772719174034425],[5.109330410239947,6.413673090965329],[5.102927566304176,6.437473858294254],[5.153438890686372,6.501175912027554],[5.164110297245991,6.554377627233387],[5.137076067294957,6.578178394562312],[5.1114646915518716,6.6306800871996465],[5.12213609811149,6.698582276343934],[5.150593182270474,6.746183811001785],[5.196835944028822,6.774184713741697],[5.20893020479639,6.810585887303582],[5.255172966554739,6.882688211858856],[5.272247217050129,6.888288392406839],[5.536898099728679,6.88478827956435],[5.570335173615485,6.869387783057398],[5.57104660071946,6.845587015728473],[5.54330094366445,6.824586338673539],[5.56322090257574,6.762284330077234],[5.561798048367789,6.730083291926335],[5.576738017551257,6.704182456891917],[5.620135070893706,6.741983675590798],[5.640055029804996,6.7468838335702825],[5.66708925975603,6.7272832016523445],[5.70266061495476,6.736383495042816],[5.726137709385922,6.769284555762212],[5.758151929064779,6.784685052269164],[5.778071887976067,6.817586112988561],[5.769534762728371,6.83998683518049],[5.787320440327736,6.871487850762891],[5.800126128199279,6.921189453126235],[5.785897586119788,6.968090965215588],[5.795857565575432,7.024092770695413],[5.8157775244867205,7.0716943053532635],[5.854906015205323,7.096195095250686],[5.884074526468281,7.199798435388361],[5.903283058275596,7.217298999600806],[5.896168787235849,7.257900308573678],[5.923914444290859,7.2964015498410575],[5.9196458816670114,7.33700285881393],[5.986520029440623,7.3552034455948725],[5.968734351841258,7.414705363917186],[5.987231456544598,7.441306221520103],[5.963042935009462,7.460206830869543],[5.948102965825996,7.4875077110409585],[5.954505809761766,7.51550861378087],[5.975848622881005,7.530209087719324],[6.004305707039988,7.529509065150826],[6.048414187486413,7.579910690082668],[6.118845470779898,7.591111051178633],[6.133785439963365,7.551909787342756],[6.164376805434272,7.55050974220576],[6.154416825978628,7.522508839465848],[6.108174064220279,7.490307801314949],[6.1124426268441265,7.448306447205081],[6.1430339923150346,7.449706492342076],[6.18714247276146,7.438506131246111],[6.226982390584037,7.470707169397011],[6.263976599990716,7.479807462787482],[6.295279392565598,7.499408094705421],[6.357173550611387,7.414705363917186],[6.379939217938574,7.397904822273239],[6.4240476983849994,7.417505454191177],[6.435430532048593,7.35940358100586],[6.466733324623475,7.365003761553842],[6.499458971406307,7.327202542854961],[6.499458971406307,7.292201414430071],[6.515110367693747,7.26700060196415],[6.569178827595817,7.275400872786124],[6.637475829577378,7.294301482135564],[6.669490049256234,7.239699721792736],[6.692967143687397,7.216598977032309],[6.715732811014584,7.135396359086563],[6.711464248390737,7.10459536607266],[6.677315747399955,7.033893086654381],[6.679450028711879,6.968790987784086],[6.673047184776108,6.935889927064689],[6.610441599626343,6.8217862483995475],[6.631784412745581,6.769284555762212],[6.618267297770064,6.704882479460414],[6.628227277225708,6.674781509015009],[6.65312722586482,6.634180200042136],[6.661664351112514,6.557877740075876],[6.66877862215226,6.501175912027554],[6.646012954825073,6.488575505794593],[6.609018745418394,6.499775866890558],[6.523647492941443,6.487875483226095],[6.502304679822204,6.46407471589717],[6.445390511504238,6.4255734746297914],[6.412664864721406,6.396172526752883],[6.357884977715362,6.38427214308842],[6.28176227759008,6.3576712854855035],[6.254016620535071,6.319170044218125],[6.212753848504544,6.27926875781375],[6.16722251385017,6.331770450451085],[6.126671168923618,6.356271240348509],[6.088254105308991,6.3184700216496275],[6.084696969789118,6.263868261306799],[6.1124426268441265,6.240767516546371],[6.115999762364,6.200166207573498],[6.134496867067339,6.1357641312717],[6.169356795162095,6.082562416065867],[6.195679598009154,6.054561513325956],[6.243345213975452,6.05316146818896],[6.232673807415834,6.033560836271022],[6.2568623289509695,6.016760294627074],[6.246190922391351,5.971258827674717],[6.217733838232367,5.916657067331888],[6.152282544666704,5.8578551715780725],[6.120979752091822,5.83965458479713],[6.101771220284508,5.803253411235244],[6.039877062238718,5.764752169967865],[6.015688540703582,5.764052147399367],[5.981540039712801,5.747951628323918],[5.924625871394833,5.748651650892415],[5.906128766691494,5.770352350515847],[5.906840193795469,5.843854720208117],[5.921068735874961,5.877455803496011],[5.8335632020860855,5.941157857229311],[5.812220388966848,5.983859233907677],[5.795146138471457,5.979659098496691],[5.669223541067954,6.051761423051964],[5.657129280300386,6.0328608137025235],[5.60519510171024,6.023060497743554],[5.57104660071946,5.990859459592655],[5.536898099728679,5.9901594370241575],[5.512709578193543,6.034960881408017],[5.465755389331219,6.027960655723039],[5.442989722004032,6.041261084524497],[5.4131097836371,6.021660452606559],[5.327738531160148,6.018160339764069],[5.336275656407843,5.984559256476175],[5.35904132373503,5.969858782537721],[5.304972863832961,5.917357089900386],[5.2758043525700025,5.906856751372919],[5.256595820762689,5.947458060345792],[5.248770122618968,5.984559256476175],[5.267978654426281,6.052461445620462],[5.234541580539476,6.072762100106898],[5.233830153435502,6.112663386511273],[5.2174673300440855,6.1357641312717],[5.168378859869838,6.163765034011613],[5.145613192542651,6.141364311819683],[5.1342303588790585,6.169365214559595]]]}},{"type":"Feature","id":"jigawa","properties":{"id":"jigawa","name":"Jigawa","parentId":null,"level":"state"},"geometry":{"type":"Polygon","coordinates":[[[8.246012511663938,12.59417234823243],[8.236763959312269,12.608872822170884],[8.19052119755392,12.624273318677835],[8.181984072306225,12.65157419884925],[8.160641259186987,12.6669746953562],[8.144278435795572,12.72157645569903],[8.184829780722122,12.732776816794996],[8.162775540498911,12.763577809808899],[8.152104133939291,12.818879592720224],[8.179138363890326,12.81117934446675],[8.230361115376498,12.825879818405202],[8.33778660807666,12.835680134364171],[8.352726577260128,12.825179795836705],[8.394700776394629,12.8265798409737],[8.43525212132118,12.815379479877736],[8.502126269094793,12.833580066658678],[8.551926166373015,12.831479998953185],[8.588920375779693,12.808379254192758],[8.60386034496316,12.736976952205982],[8.63658599174599,12.736976952205982],[8.663620221697025,12.725776591110018],[8.722668671326916,12.669774785630192],[8.82369132009131,12.674674943609677],[8.864954092121836,12.669074763061694],[8.883451196825176,12.69637564323311],[8.923291114647753,12.706875981760577],[8.951036771702762,12.738376997342977],[8.983050991381619,12.806979209055761],[9.047079430739332,12.816079502446234],[9.040676586803562,12.84618047289164],[9.081939358834088,12.834280089227176],[9.16731061131104,12.834280089227176],[9.366510200423926,12.820979660425719],[9.43053863978164,12.823079728131212],[9.47535854733204,12.81397943474074],[9.556461237185143,12.813279412172243],[9.634718218622348,12.802779073644775],[9.661752448573383,12.833580066658678],[9.680960980380696,12.820979660425719],[9.7649093786497,12.796478870528295],[9.858106329270372,12.82027963785722],[9.896523392885,12.852480676008119],[9.929960466771805,12.918282797446913],[9.988297489297722,12.956084016145795],[10.098568690413785,12.985484964022701],[10.149080014795981,12.987585031728194],[10.174691390539067,13.002285505666649],[10.224491287817289,13.01488591189961],[10.28211688323923,12.979184760906222],[10.264331205639865,12.954683971008798],[10.272156903783586,12.916882752309917],[10.289231154278976,12.905682391213952],[10.28994258138295,12.875581420768548],[10.304882550566417,12.860880946830093],[10.290654008486925,12.815379479877736],[10.32551393658168,12.81117934446675],[10.331205353413477,12.847580518028634],[10.385273813315546,12.841280314912154],[10.432939429281845,12.819579615288722],[10.474913628416346,12.790178667411814],[10.512619264926998,12.819579615288722],[10.53751921356611,12.823779750699709],[10.568822006140993,12.785978532000827],[10.583761975324459,12.71177613974006],[10.598701944507924,12.706175959192079],[10.596567663196002,12.663474582513713],[10.58233912111651,12.659974469671223],[10.596567663196002,12.61657307042436],[10.602259080027798,12.564771400355522],[10.587319110844332,12.542370678163593],[10.59799051740395,12.522070023677156],[10.605816215547671,12.48916896295776],[10.57166771455689,12.475868534156302],[10.554593464061501,12.480768692135786],[10.512619264926998,12.468168285902825],[10.45855080502493,12.440867405731412],[10.429382293761972,12.456267902238363],[10.381005250691699,12.463968150491839],[10.339031051557198,12.441567428299908],[10.257928361704094,12.459768015080853],[10.240142684104729,12.433867180046432],[10.25437122618422,12.391165803368066],[10.207417037321898,12.354064607237683],[10.196034203658304,12.311363230559317],[10.147657160588032,12.238560883435547],[10.151214296107904,12.20215970987366],[10.17042282791522,12.165058513743276],[10.157617140043676,12.12935736274989],[10.152637150315854,12.090156098914012],[10.174691390539067,12.046054677098649],[10.154771431627777,12.022953932338222],[10.100702971725708,12.016653729221742],[10.080071585710446,11.997053097303805],[10.037385959471969,11.974652375111875],[10.016754573456707,11.982352623365351],[9.883006277909482,11.933351043570504],[9.83320638063126,11.890649666892138],[9.707995210331731,11.850048357919265],[9.673846709340951,11.859148651309738],[9.675980990652874,11.812947161788882],[9.669578146717104,11.784246236480472],[9.643255343870043,11.775845965658498],[9.619066822334908,11.749245108055582],[9.63969820835017,11.733144588980132],[9.712263772955579,11.720544182747172],[9.779849347833165,11.736644701822621],[9.801903588056378,11.691143234870264],[9.821112119863692,11.671542602952325],[9.828226390903438,11.634441406821942],[9.816843557239844,11.604340436376535],[9.831072099319337,11.540638382643237],[9.787675045976886,11.504937231649848],[9.784829337560987,11.468536058087963],[9.801192160952404,11.443335245622041],[9.855972047958447,11.465735967813972],[9.87802628818166,11.448235403601526],[9.885851986325381,11.406234049491658],[9.885140559221407,11.356532447128314],[9.918577633108212,11.347432153737843],[9.914309070484364,11.31663116072394],[9.941343300435399,11.313831070449949],[9.957706123826815,11.286530190278533],[9.998257468753367,11.264829490655103],[10.084340148334293,11.269729648634588],[10.122045784844946,11.247328926442657],[10.189631359722533,11.222128113976737],[10.235162694376907,11.224228181682228],[10.279271174823332,11.203227504627296],[10.358239583364512,11.208127662606781],[10.364642427300284,11.179426737298371],[10.335473916037325,11.143725586304981],[10.28994258138295,11.120624841544554],[10.269311195367688,11.087723780825158],[10.24796838224845,11.079323510003185],[10.226625569129212,11.09402398394164],[10.188919932618559,11.081423577708678],[10.168999973707269,11.05832283294825],[10.153348577419829,11.013521388564392],[10.168999973707269,10.989020598666968],[10.204571328905999,10.975720169865511],[10.220222725193441,10.9470192445571],[10.172557109227142,10.942119086577616],[10.134140045612515,10.947719267125597],[10.111374378285328,10.962419741064052],[10.112085805389302,10.992520711509457],[10.087897283854165,10.989720621235467],[10.045923084719664,10.965919853906541],[10.010351729520934,10.970119989317528],[9.985451780881824,10.958219605653063],[9.92924903966783,10.991820688940958],[9.881583423701533,10.989020598666968],[9.863086318998194,11.006521162879412],[9.855260620854473,11.076523419729194],[9.888697694741278,11.09402398394164],[9.87802628818166,11.132525225209019],[9.883006277909482,11.164026240791419],[9.873757725557812,11.186426962983347],[9.841743505878956,11.229828362230212],[9.824669255383565,11.278829942025059],[9.779137920729191,11.261329377812613],[9.762775097337775,11.245928881305662],[9.72791516924302,11.250829039285147],[9.683806688796595,11.222128113976737],[9.595589727903747,11.247328926442657],[9.598435436319644,11.292830393395015],[9.609106842879262,11.315231115586943],[9.511641329634744,11.31313104788145],[9.497412787555252,11.27812991945656],[9.463975713668445,11.281630032299049],[9.411330107974326,11.299830619079993],[9.37931588829547,11.331331634662394],[9.35157023124046,11.343232018326855],[9.28683036477877,11.349532221443337],[9.195056268366049,11.32643147668291],[9.222090498317083,11.37403301134076],[9.232761904876702,11.40553402692316],[9.229916196460804,11.445435313327536],[9.24770187406017,11.457335696991997],[9.283984656362874,11.502837163944356],[9.330227418121222,11.516837615314312],[9.360107356488154,11.560939037129673],[9.327381709705323,11.577039556205122],[9.241299030124397,11.645641767917908],[9.233473331980676,11.663142332130352],[9.246279019852219,11.70234359596623],[9.225647633836957,11.735944679254125],[9.20288196650977,11.730344498706142],[9.16588775710309,11.706543731377216],[9.157350631855396,11.741544859802106],[9.141699235567954,11.759045424014552],[9.143833516879878,11.82624759059034],[9.187230570222328,11.834647861412314],[9.198613403885922,11.86124871901523],[9.229916196460804,11.894849802303124],[9.202170539405794,11.904650118262094],[9.207150529133617,11.95645178833093],[9.22778191514888,12.01455366151625],[9.198613403885922,12.082455850660537],[9.15663920475142,12.067755376722083],[9.145256371087827,12.039054451413673],[9.098302182225504,12.022953932338222],[9.084785067249987,12.027154067749208],[9.074113660690367,12.073355557270064],[8.986608126901492,12.070555466996073],[8.978071001653797,12.083855895797532],[8.94605678197494,12.072655534701568],[8.914753989400058,12.076155647544056],[8.93823108383122,12.113956866242937],[8.952459625910711,12.185359168229713],[8.909773999672236,12.30086289203185],[8.83934271637875,12.30786311771683],[8.815865621947589,12.302262937168846],[8.78811996489258,12.277062124702924],[8.758240026525646,12.293162643778375],[8.723380098430892,12.29456268891537],[8.751837182589876,12.328863794771763],[8.780294266748859,12.341464201004722],[8.795234235932325,12.382065509977595],[8.763931443357444,12.419866728676476],[8.709862983455375,12.41566659326549],[8.695634441375882,12.442967473436905],[8.687808743232162,12.48286875984128],[8.704882993727553,12.502469391759218],[8.719111535807045,12.566871468061015],[8.64583454409766,12.559871242376037],[8.640854554369838,12.592772303095435],[8.556194728996863,12.602572619054403],[8.458729215752342,12.587172122547452],[8.387586505354882,12.470268353608319],[8.376915098795264,12.435267225183429],[8.358417994091925,12.43806731545742],[8.354860858572051,12.47936864699879],[8.3114638052296,12.507369549738703],[8.288698137902413,12.599772528780413],[8.246012511663938,12.59417234823243]]]}},{"type":"Feature","id":"anambra","properties":{"id":"anambra","name":"Anambra","parentId":null,"level":"state"},"geometry":{"type":"Polygon","coordinates":[[[6.601904474378649,5.687749687433106],[6.600481620170699,5.706650296782548],[6.638898683785327,5.739551357501944],[6.650992944552895,5.817253862605201],[6.673758611880082,5.889356187160474],[6.700081414727142,5.9292574735648484],[6.724269936262278,6.012560159216087],[6.725692790470228,6.040561061956],[6.702927123143041,6.051061400483467],[6.70434997735099,6.081162370928872],[6.75557272883716,6.1203636347647485],[6.769089843812678,6.167965169422599],[6.742767040965619,6.20926650096397],[6.722847082054329,6.265268306443794],[6.712887102598685,6.353471150074517],[6.700081414727142,6.381472052814429],[6.66877862215226,6.501175912027554],[6.661664351112514,6.557877740075876],[6.672335757672133,6.567678056034845],[6.715732811014584,6.560677830349867],[6.764109854084856,6.563477920623859],[6.808218334531281,6.580278462267805],[6.808929761635255,6.615979613261193],[6.798969782179611,6.679681666994494],[6.806084053219358,6.702782411754921],[6.860863940225402,6.753184036686763],[6.909952410399649,6.696482208638441],[6.956195172157997,6.709782637439899],[7.016666475995837,6.70628252459741],[7.050814976986619,6.6824817572684845],[7.070023508793932,6.685281847542475],[7.129071958423824,6.659381012508057],[7.131917666839723,6.6432804934326075],[7.109151999512536,6.593578891069264],[7.048680695674694,6.527776769630471],[7.049392122778668,6.474575054424637],[7.032317872283279,6.442374016273738],[7.089232040601246,6.426273497198289],[7.115554843448306,6.401772707300866],[7.1440119276072895,6.388472278499407],[7.141877646295367,6.359771353190998],[7.160374750998706,6.303069525142675],[7.142589073399341,6.289069073772719],[7.150414771543062,6.228867132881908],[7.1895432622616635,6.239367471409375],[7.223691763252445,6.1917659367515245],[7.229383180084241,6.1273638604497265],[7.254994555827327,6.104963138257797],[7.261397399763098,6.079762325791876],[7.309774442833371,6.079062303223378],[7.3040830260015746,6.044761197366986],[7.3389429540963285,6.041961107092995],[7.318311568081066,5.998559707846131],[7.272780233426692,5.997859685277634],[7.254283128723353,5.9649586245582364],[7.2606859726591235,5.939057789523818],[7.2151546380047495,5.930657518701844],[7.186697553845766,5.899856525687941],[7.1489919173351115,5.916657067331888],[7.060063529338288,5.9313575412703425],[6.998169371292498,5.900556548256439],[6.948369474014276,5.838954562228632],[6.890032451488359,5.806053501509235],[6.882918180448614,5.751451741166407],[6.872246773888994,5.744451515481429],[6.810352615843204,5.787852914728292],[6.751304166213313,5.749351673460914],[6.714309956806634,5.761252057125376],[6.69510142499932,5.746551583186922],[6.691544289479447,5.699650071097569],[6.66877862215226,5.6898497551386],[6.65312722586482,5.6814494843166266],[6.601904474378649,5.687749687433106]]]}},{"type":"Feature","id":"kano","properties":{"id":"kano","name":"Kano","parentId":null,"level":"state"},"geometry":{"type":"Polygon","coordinates":[[[7.750859247297619,11.371232921066769],[7.748013538881722,11.387333440142218],[7.706039339747221,11.425834681409597],[7.675447974276313,11.483236532026417],[7.679716536900161,11.523837840999288],[7.711019329475043,11.54903865346521],[7.718845027618762,11.569339307951648],[7.704616485539271,11.592440052712075],[7.766510643585061,11.628841226273959],[7.81417625955136,11.63794151966443],[7.841210489502393,11.633041361684946],[7.872513282077275,11.658242174150867],[7.902393220444209,11.653342016171383],[7.888164678364717,11.707243753945715],[7.877493271805099,11.711443889356701],[7.861130448413682,11.761845514288542],[7.852593323165987,11.83604790654931],[7.86539901103753,11.873149102679694],[7.848324760542139,11.886449531481151],[7.8298276558388,11.92215068247454],[7.829116228734826,11.968352171995395],[7.855439031581886,12.000553210146293],[7.879627553117022,12.044654631961656],[7.868244719453427,12.082455850660537],[7.86539901103753,12.139857701277355],[7.855439031581886,12.146857926962333],[7.864687583933556,12.209859958127137],[7.878204698909073,12.253261357374],[7.864687583933556,12.280562237545414],[7.885318969948818,12.298762824326356],[7.892433240988565,12.330263839908758],[7.922313179355497,12.336564043025238],[7.950058836410507,12.358964765217168],[7.987053045817186,12.372965216587124],[8.002704442104626,12.393265871073561],[8.030450099159635,12.395365938779054],[8.055350047798747,12.417066638402487],[8.107995653492866,12.416366615833988],[8.130049893716079,12.440867405731412],[8.157084123667113,12.440167383162914],[8.162775540498911,12.474468489019305],[8.183406926514174,12.506669527170205],[8.174158374162504,12.519269933403166],[8.18127264520225,12.561971310081532],[8.246012511663938,12.59417234823243],[8.288698137902413,12.599772528780413],[8.3114638052296,12.507369549738703],[8.354860858572051,12.47936864699879],[8.358417994091925,12.43806731545742],[8.376915098795264,12.435267225183429],[8.387586505354882,12.470268353608319],[8.458729215752342,12.587172122547452],[8.556194728996863,12.602572619054403],[8.640854554369838,12.592772303095435],[8.64583454409766,12.559871242376037],[8.719111535807045,12.566871468061015],[8.704882993727553,12.502469391759218],[8.687808743232162,12.48286875984128],[8.695634441375882,12.442967473436905],[8.709862983455375,12.41566659326549],[8.763931443357444,12.419866728676476],[8.795234235932325,12.382065509977595],[8.780294266748859,12.341464201004722],[8.751837182589876,12.328863794771763],[8.723380098430892,12.29456268891537],[8.758240026525646,12.293162643778375],[8.78811996489258,12.277062124702924],[8.815865621947589,12.302262937168846],[8.83934271637875,12.30786311771683],[8.909773999672236,12.30086289203185],[8.952459625910711,12.185359168229713],[8.93823108383122,12.113956866242937],[8.914753989400058,12.076155647544056],[8.94605678197494,12.072655534701568],[8.978071001653797,12.083855895797532],[8.986608126901492,12.070555466996073],[9.074113660690367,12.073355557270064],[9.084785067249987,12.027154067749208],[9.098302182225504,12.022953932338222],[9.145256371087827,12.039054451413673],[9.15663920475142,12.067755376722083],[9.198613403885922,12.082455850660537],[9.22778191514888,12.01455366151625],[9.207150529133617,11.95645178833093],[9.202170539405794,11.904650118262094],[9.229916196460804,11.894849802303124],[9.198613403885922,11.86124871901523],[9.187230570222328,11.834647861412314],[9.143833516879878,11.82624759059034],[9.141699235567954,11.759045424014552],[9.157350631855396,11.741544859802106],[9.16588775710309,11.706543731377216],[9.20288196650977,11.730344498706142],[9.225647633836957,11.735944679254125],[9.246279019852219,11.70234359596623],[9.233473331980676,11.663142332130352],[9.241299030124397,11.645641767917908],[9.327381709705323,11.577039556205122],[9.360107356488154,11.560939037129673],[9.330227418121222,11.516837615314312],[9.283984656362874,11.502837163944356],[9.24770187406017,11.457335696991997],[9.229916196460804,11.445435313327536],[9.232761904876702,11.40553402692316],[9.222090498317083,11.37403301134076],[9.195056268366049,11.32643147668291],[9.161619194479243,11.314531093018445],[9.142410662671928,11.32643147668291],[9.084785067249987,11.315231115586943],[9.062730827026774,11.292830393395015],[9.02644804472407,11.277429896888062],[9.017910919476375,11.259929332675618],[8.952459625910711,11.194827233805322],[8.925425395959676,11.180126759866868],[8.89341117628082,11.117124728702066],[8.856416966874141,11.098224119352626],[8.817999903259514,11.096824074215629],[8.79452280882835,11.068823171475717],[8.779582839644885,11.011421320858897],[8.789542819100529,10.947719267125597],[8.759662880733597,10.923218477228176],[8.745434338654103,10.85741635578938],[8.766065724669367,10.851116152672901],[8.785985683580655,10.79721441489857],[8.821557038779385,10.769213512158657],[8.854994112666192,10.70761152613085],[8.847879841626446,10.67961062339094],[8.821557038779385,10.671910375137463],[8.783139975164758,10.597007960308197],[8.749702901277951,10.564806922157299],[8.711285837663324,10.543106222533869],[8.666465930112924,10.593507847465709],[8.649391679617533,10.624308840479612],[8.593900365507515,10.645309517534546],[8.54338904112532,10.632009088733088],[8.50639483171864,10.65020967551403],[8.48149488307953,10.716011796952824],[8.571846125284303,10.748212835103724],[8.563309000036607,10.81611502424801],[8.58536324025982,10.861616491200369],[8.571846125284303,10.921818432091179],[8.598880355235337,11.002321027468426],[8.61453175152278,11.017721523975379],[8.607417480483033,11.07092323918121],[8.59461179261149,11.082823622845673],[8.519911946694158,11.115024660996571],[8.50639483171864,11.132525225209019],[8.509240540134538,11.158426060243436],[8.461574924168241,11.171726489044895],[8.433829267113232,11.226328249387723],[8.324980920205117,11.227028271956222],[8.297946690254083,11.234028497641198],[8.285852429486516,11.268329603497591],[8.257395345327533,11.279529964593557],[8.248858220079837,11.325731454114411],[8.206884020945335,11.318731228429433],[8.149969852627368,11.375433056477755],[8.122935622676334,11.38663341757372],[8.113687070324664,11.408334117197152],[8.143567008691596,11.420234500861614],[8.140721300275699,11.4566356744235],[8.162064113394935,11.505637254218346],[8.149969852627368,11.518937683019804],[8.08665284037363,11.517537637882809],[8.081672850645807,11.505637254218346],[8.041121505719255,11.486736644868905],[8.000570160792703,11.492336825416889],[7.942233138266786,11.46293587753998],[7.900258939132286,11.43143486195758],[7.878916126013047,11.385933395005221],[7.826981947422901,11.369832875929774],[7.765087789377112,11.379633191888743],[7.750859247297619,11.371232921066769]]]}},{"type":"Feature","id":"nasarawa","properties":{"id":"nasarawa","name":"Nasarawa","parentId":null,"level":"state"},"geometry":{"type":"Polygon","coordinates":[[[6.981095120797107,8.443738539608956],[7.035875007803151,8.43953840419797],[7.079983488249576,8.44303851704046],[7.08354062376945,8.419237749711534],[7.124091968696002,8.422737862554023],[7.133340521047671,8.44933872015694],[7.2706459521147675,8.46473921666389],[7.365265756943389,8.487839961424317],[7.3802057261268565,8.521441044712212],[7.4179113626375095,8.569742601938561],[7.496168344074714,8.654445332726795],[7.59149957600731,8.835051155399228],[7.594345284423209,8.856051832454163],[7.588653867591413,9.129060634168304],[7.667622276132592,9.30336625372426],[7.723825017346586,9.329267088758677],[7.792833446432121,9.275365350984346],[7.808484842719562,9.272565260710355],[7.872513282077275,9.2900658249228],[7.918756043835625,9.317366705094216],[7.940810284058838,9.313866592251726],[8.061041464630543,9.265565035025377],[8.087364267477604,9.230563906600487],[8.071001444086187,9.154961469202725],[8.061752891734518,9.052058151633547],[8.098747101141196,9.039457745400586],[8.1378755918598,9.035957632558098],[8.191944051761869,9.052758174202046],[8.232495396688421,9.104559844270883],[8.25383820980766,9.147261220949249],[8.258106772431507,9.182962371942637],[8.300792398669982,9.18856255249062],[8.32853805572499,9.180862304237143],[8.345612306220382,9.1941627330386],[8.387586505354882,9.175962146257659],[8.446634954984773,9.112960115092857],[8.473669184935808,9.073058828688481],[8.504260550406716,9.001656526701705],[8.533429061669676,9.004456616975697],[8.564020427140582,9.03245751971561],[8.564020427140582,9.052058151633547],[8.62093459545855,9.115060182798349],[8.650103106721508,9.173162055983667],[8.657928804865229,9.20746316184006],[8.667177357216898,9.189962597627614],[8.748991474173977,9.178062213963152],[8.764642870461419,9.165461807730193],[8.760374307837571,9.10525986683938],[8.799502798556173,9.070958760982988],[8.798079944348224,9.031757497147112],[8.85001412293837,9.030357452010115],[8.924002541751728,9.01565697807166],[8.966688167990203,9.014956955503163],[9.039253732595611,9.026857339167627],[9.057039410194976,9.024057248893635],[9.070556525170494,8.98765607533175],[9.071979379378444,8.944954698653383],[9.045656576531384,8.922553976461455],[9.023602336308171,8.865852148413133],[9.010796648436628,8.853951764748668],[8.97380243902995,8.853951764748668],[8.949613917494814,8.835751177967726],[8.945345354870966,8.799350004405841],[8.907639718360311,8.78324948533039],[8.891988322072871,8.73284786039855],[8.914042562296084,8.685946348309196],[8.934673948311346,8.667745761528254],[8.958151042742509,8.612443978616927],[8.978071001653797,8.605443752931949],[8.987319554005467,8.564842443959076],[8.975225293237898,8.541041676630151],[8.99087668952534,8.521441044712212],[9.019333773684323,8.509540661047751],[9.049213712051257,8.51934097700672],[9.059885118610875,8.496940254814788],[9.101147890641402,8.473839510054361],[9.101147890641402,8.438838381629472],[9.132450683216284,8.428338043102006],[9.17513630945476,8.467539306937882],[9.21213051886144,8.457038968410416],[9.264064697451584,8.459839058684405],[9.320978865769552,8.469639374643375],[9.355127366760332,8.482939803444832],[9.380738742503418,8.478039645465348],[9.470378557604217,8.431138133375995],[9.55930694560104,8.401737185499089],[9.601281144735543,8.392636892108616],[9.616932541022983,8.371636215053684],[9.611952551295161,8.34993551543025],[9.617643968126957,8.303034003340898],[9.609818269983238,8.291133619676437],[9.547212684833474,8.305134071046393],[9.48318424547576,8.30583409361489],[9.389987294855088,8.349235492861753],[9.362953064904053,8.340835222039779],[9.342321678888789,8.283433371422959],[9.3252474283934,8.263832739505022],[9.329515991017248,8.236531859333606],[9.390698721959062,8.201530730908717],[9.4120415350783,8.177029941011295],[9.387141586439189,8.149029038271381],[9.392833003270987,8.10142750361353],[9.415598670598174,8.062226239777655],[9.40421583693458,8.045425698133707],[9.345878814408662,8.002024298886843],[9.335207407849044,7.9852237572428955],[9.179404872078607,7.908221274708137],[9.132450683216284,7.991523960359376],[9.062730827026774,8.074126623442117],[9.02502519051612,8.062926262346153],[8.911196853880185,8.055926036661173],[8.780294266748859,8.075526668579112],[8.696345868479858,8.096527345634046],[8.58820894867572,8.128728383784946],[8.524180509318006,8.157429309093356],[8.503549123302742,8.158129331661852],[8.426714996073486,8.111927842140998],[8.391143640874756,8.078326758853104],[8.371223681963468,8.046125720702204],[8.360552275403847,7.9621230124824685],[8.339920889388585,7.960722967345473],[8.347746587532306,7.927821906626075],[8.389009359562833,7.892820778201186],[8.420312152137715,7.774516964125057],[8.371935109067442,7.77031682871407],[8.274469595822922,7.814418250529432],[8.21542114619303,7.834718905015868],[8.159929832083012,7.859919717481789],[8.113687070324664,7.864119852892776],[8.072424298294138,7.877420281694234],[7.972824503737694,7.939022267722041],[7.867533292349453,7.985923779811394],[7.838364781086495,7.9852237572428955],[7.760819226753265,8.003424344023838],[7.676870828484262,8.014624705119804],[7.583673877863591,8.03772544988023],[7.505416896426384,8.0475257658392],[7.393011413998398,8.044025652996712],[7.253571701619379,8.015324727688302],[7.072869217209831,7.9425223805645295],[6.963309443197742,7.879520349399728],[6.952638036638124,7.918021590667107],[6.97824941238121,7.985923779811394],[6.971135141341463,8.030025201626755],[6.986786537628905,8.077626736284605],[6.983229402109032,8.115427954983486],[7.002437933916346,8.167229625052325],[6.972557995549412,8.224631475669144],[6.964732297405693,8.265232784642016],[6.934852359038759,8.300933935635404],[6.969712287133515,8.391236846971621],[6.981095120797107,8.443738539608956]]]}},{"type":"Feature","id":"kebbi","properties":{"id":"kebbi","name":"Kebbi","parentId":null,"level":"state"},"geometry":{"type":"Polygon","coordinates":[[[4.126138152547057,13.249393472346373],[4.178783758241177,13.254293630325858],[4.2136436863359314,13.263393923716329],[4.300437793020833,13.259893810873841],[4.374426211834191,13.201091915120026],[4.429917525944209,13.192691644298051],[4.467623162454863,13.180791260633589],[4.497503100821795,13.159790583578655],[4.5131544971092366,13.136689838818228],[4.622714271121324,13.070187694810937],[4.683185574959165,13.07858796563291],[4.724448346989691,13.049187017756001],[4.677494158127368,12.99878539282416],[4.660419907631978,12.959584128988283],[4.712354086222123,12.907782458919446],[4.740811170381107,12.893081984980991],[4.8069738910507445,12.819579615288722],[4.806262463946769,12.804179118781772],[4.769979681644065,12.789478644843317],[4.730139763821488,12.701975823781092],[4.732274045133412,12.671874853335686],[4.794879630283177,12.57527173888299],[4.795591057387151,12.512269707718186],[4.803416755530871,12.484968827546773],[4.769268254540091,12.46956833103982],[4.750059722732777,12.421266773813473],[4.7536168582526495,12.363864923196653],[4.709508377806225,12.364564945765151],[4.691011273102886,12.40026609675854],[4.62982854216107,12.433167157477936],[4.585720061714645,12.389065735662573],[4.592834332754391,12.347064381552705],[4.5764715093629755,12.33306393018275],[4.552282987827839,12.284062350387904],[4.555840123347712,12.212660048401126],[4.552282987827839,12.097856347167488],[4.575048655155026,12.074755602407059],[4.587854343026569,12.039054451413673],[4.567222957011306,11.919350592200548],[4.551571560723865,11.892049712029134],[4.548725852307966,11.795446597576436],[4.509597361589363,11.755545311172062],[4.43632036987998,11.710743866788203],[4.395057597849453,11.756945356309057],[4.368734795002394,11.747145040350087],[4.375137638938165,11.71494400219919],[4.427071817528311,11.670842580383827],[4.4192461193845896,11.614140752335505],[4.5231144765648805,11.53013804411577],[4.542323008372195,11.560239014561175],[4.570068665427204,11.573539443362634],[4.547302998100017,11.59734021069156],[4.5458801438920675,11.634441406821942],[4.570068665427204,11.633041361684946],[4.585720061714645,11.65474206130838],[4.623425698225299,11.65684212901387],[4.634808531888892,11.672242625520823],[4.666822751567749,11.667342467541339],[4.696702689934682,11.691843257438762],[4.7308511909254625,11.699543505692237],[4.768556827436116,11.738744769528115],[4.802705328426897,11.757645378877555],[4.843968100457423,11.752045198329572],[4.899459414567442,11.70864379908271],[4.940722186597968,11.73104452127464],[5.000482063331834,11.747845062918586],[5.051704814818005,11.719844160178674],[5.102927566304176,11.738044746959616],[5.1292503691512366,11.728944453569145],[5.177627412221508,11.744344950076098],[5.182607401949331,11.791946484733948],[5.2380987160593495,11.755545311172062],[5.251615831034867,11.774445920521503],[5.295012884377316,11.774445920521503],[5.31564427039258,11.790546439596952],[5.336275656407843,11.739444792096613],[5.37611557423042,11.709343821651206],[5.40386123128543,11.703043618534727],[5.440144013588134,11.70864379908271],[5.460063972499423,11.672942648089322],[5.497058181906102,11.656142106445374],[5.541878089456501,11.665942422404342],[5.563932329679714,11.684143009185286],[5.5802951530711296,11.675742738363311],[5.669934968171928,11.661742286993356],[5.704794896266684,11.687643122027776],[5.780206169287991,11.684143009185286],[5.819334660006593,11.648441858191898],[5.830006066566213,11.591740030143576],[5.81720037869467,11.560239014561175],[5.816488951590696,11.515437570177316],[5.824314649734416,11.498637028533368],[5.82644893104634,11.44403526819054],[5.844234608645705,11.432834907094575],[5.890477370404053,11.440535155348051],[5.933874423746504,11.436335019937065],[5.968022924737284,11.467136012950967],[6.00928569676781,11.46293587753998],[6.029917082783074,11.443335245622041],[6.053394177214235,11.400633868943675],[6.079716980061296,11.388733485279214],[6.20421672325685,11.38383332729973],[6.175048211993891,11.359332537402306],[6.190699608281332,11.334131724936384],[6.135919721275288,11.295630483669004],[6.108885491324253,11.235428542778195],[6.1174226165719485,11.207427640038283],[6.106039782908356,11.183626872709358],[6.069045573501676,11.164026240791419],[6.025648520159226,11.171726489044895],[6.015688540703582,11.138125405757],[5.977982904192928,11.16682633106541],[5.9146658919391895,11.145125631441978],[5.897591641443799,11.113624615859576],[5.800126128199279,11.082823622845673],[5.7752261795601685,11.059722878085246],[5.728983417801819,10.99812089205744],[5.679894947627573,10.975720169865511],[5.636497894285123,10.965219831338043],[5.5852751427989515,10.966619876475038],[5.557529485743943,10.947719267125597],[5.536186672624705,10.962419741064052],[5.522669557649188,10.990420643803963],[5.500615317425975,10.975020147297013],[5.44725828462788,10.983420418118985],[5.410975502325176,11.00442109517392],[5.388921262101963,11.037322155893317],[5.38678698079004,11.091923916236144],[5.40386123128543,11.147225699147471],[5.389632689205937,11.17312653418189],[5.388921262101963,11.231228407367208],[5.379672709750293,11.243128791031669],[5.348369917175411,11.339031882915869],[5.333429947991945,11.356532447128314],[5.249481549722942,11.30963093503896],[5.24450155999512,11.244528836168666],[5.2331187263315275,11.21792797856575],[5.185453110365229,11.227728294524718],[5.071624773729294,11.237528610483688],[5.0453019708822335,11.273229761477076],[5.01684488672325,11.251529061853644],[4.996213500707986,11.284430122573042],[4.958507864197333,11.369132853361275],[4.938587905286044,11.36423269538179],[4.898036560359492,11.387333440142218],[4.867445194888585,11.35793249226531],[4.811242453674591,11.340431928052865],[4.788476786347404,11.325031431545913],[4.711642659118148,11.297030528806001],[4.703816960974428,11.267629580929093],[4.738676889069183,11.250829039285147],[4.7031055338704535,11.228428317093217],[4.732985472237386,11.189927075825837],[4.745791160108929,11.14792572171597],[4.802705328426897,11.114324638428075],[4.839699537833576,11.113624615859576],[4.876693747240255,11.091923916236144],[4.908707966919112,11.082123600277175],[4.979850677316572,11.08072355514018],[4.996213500707986,11.054122697537263],[5.0403219811544115,11.05202262983177],[5.0630876484815985,11.012121343427395],[5.081584753184938,10.950519357399589],[5.075181909249167,10.915518228974697],[5.025382011970946,10.890317416508777],[5.028939147490818,10.859516423494874],[5.046724825090183,10.82521531763848],[5.083719034496862,10.817515069385006],[5.109330410239947,10.795814369761574],[5.100793284992252,10.761513263905183],[5.048147679298133,10.73701247400776],[5.026804866178894,10.750312902809217],[5.013287751203377,10.726512135480291],[4.95495072867746,10.706211480993854],[4.949259311845664,10.691511007055402],[4.907996539815137,10.690110961918407],[4.893767997735645,10.706911503562353],[4.843968100457423,10.699211255308878],[4.825470995754084,10.70831154869935],[4.796302484491125,10.629208998459097],[4.824048141546134,10.594907892602706],[4.818356724714338,10.507405071540479],[4.853216652809093,10.460503559451126],[4.905862258503213,10.454203356334647],[4.932185061350273,10.439502882396193],[4.949970738949638,10.389801280032849],[4.9464136034297645,10.285497917326676],[4.871713757512433,10.218295750750887],[4.7941682031792014,10.260997127429253],[4.696702689934682,10.239996450374319],[4.646191365552486,10.20499532194943],[4.6497485010723585,10.181194554620504],[4.624848552433248,10.102792026948748],[4.530228747604626,10.100691959243257],[4.527383039188728,10.142693313353124],[4.567222957011306,10.223195908730371],[4.56010868597156,10.26799735311423],[4.541611581268221,10.286897962463671],[4.491100256886024,10.314198842635086],[4.47971742322243,10.421302295615249],[4.485408840054227,10.469603852841598],[4.510308788693338,10.53540597428039],[4.58500863461067,10.5641068995888],[4.658997053424028,10.629208998459097],[4.691011273102886,10.662810081746992],[4.687454137583012,10.693611074760895],[4.697414117038656,10.718811887226817],[4.696702689934682,10.790214189213593],[4.720179784365843,10.859516423494874],[4.715911221741996,10.890317416508777],[4.695279835726733,10.919018341817187],[4.673937022607495,10.917618296680192],[4.651882782384282,10.896617619625257],[4.599948603794137,10.888917371371782],[4.539477299956296,10.919718364385686],[4.450548911959472,10.88611728109779],[4.407151858617022,10.87701698770732],[4.380829055769961,10.879817077981311],[4.338854856635461,10.903617845310237],[4.329606304283791,10.951219379968087],[4.27696069858967,10.954019470242077],[4.256329312574407,10.990420643803963],[4.2670007191340265,11.025421772228853],[4.2257379471035,11.019121569112373],[4.183763747968999,11.024721749660355],[4.100526776803971,11.026121794797351],[3.9931012841038074,11.016321478838382],[3.9326299802659666,10.942819109146113],[3.8024388202386157,10.946319221988603],[3.7697131734557843,10.919718364385686],[3.7419675164007753,10.962419741064052],[3.7170675677616645,11.01982159168087],[3.731296109841156,11.08702375825666],[3.713510432241791,11.13462529291451],[3.670113378899341,11.143725586304981],[3.6003935227098305,11.203927527195793],[3.564822167511101,11.252229084422142],[3.53067366652032,11.264129468086605],[3.485853758969921,11.31313104788145],[3.4751823524103016,11.430034816820584],[3.4773166337222254,11.455235629286506],[3.5107537076090316,11.524537863567787],[3.5135994160249298,11.623241045725976],[3.5107537076090316,11.67014255781533],[3.5264051038964728,11.678542828637305],[3.613910637685348,11.699543505692237],[3.6373877321165096,11.71774409247318],[3.6637105349635695,11.755545311172062],[3.6601533994436966,11.81014707151489],[3.631696315284713,11.825547568021843],[3.61889062741317,11.908150231104583],[3.67153623310729,11.975352397680371],[3.6708248060033153,12.009653503536764],[3.6352534508045857,12.101356460009978],[3.629562033972789,12.148957994667828],[3.6544619826119,12.17695889740774],[3.6658448162754933,12.207059867853145],[3.6615762536516456,12.41566659326549],[3.652327701299976,12.486368872683768],[3.6580191181317727,12.529070249362134],[3.672959087315239,12.552170994122562],[3.7953245491988694,12.642473905458779],[3.9525499391772554,12.748877335870445],[4.1047953394278185,12.996685325118667],[4.1325409964828275,13.140189951660716],[4.143212403042447,13.182191305770584],[4.126138152547057,13.249393472346373]]]}},{"type":"Feature","id":"imo","properties":{"id":"imo","name":"Imo","parentId":null,"level":"state"},"geometry":{"type":"Polygon","coordinates":[[[7.264243108178997,5.215934476265588],[7.231517461396166,5.194233776642156],[7.165354740726528,5.212434363423099],[7.122669114488053,5.216634498834085],[7.040143570426999,5.2495355595534825],[6.986786537628905,5.23413506304653],[6.904260993567851,5.219434589108077],[6.848769679457833,5.2495355595534825],[6.827426866338595,5.252335649827473],[6.770512698020628,5.300637207053821],[6.75557272883716,5.323737951814249],[6.762686999876907,5.410540750307977],[6.744189895173568,5.449041991575356],[6.741344186757669,5.493843435959215],[6.715732811014584,5.488943277979731],[6.638898683785327,5.493143413390717],[6.66877862215226,5.6898497551386],[6.691544289479447,5.699650071097569],[6.69510142499932,5.746551583186922],[6.714309956806634,5.761252057125376],[6.751304166213313,5.749351673460914],[6.810352615843204,5.787852914728292],[6.872246773888994,5.744451515481429],[6.882918180448614,5.751451741166407],[6.890032451488359,5.806053501509235],[6.948369474014276,5.838954562228632],[6.998169371292498,5.900556548256439],[7.060063529338288,5.9313575412703425],[7.1489919173351115,5.916657067331888],[7.186697553845766,5.899856525687941],[7.2151546380047495,5.930657518701844],[7.2606859726591235,5.939057789523818],[7.284874494194259,5.918057112468884],[7.396568549518271,5.900556548256439],[7.386608570062627,5.860655261852064],[7.3922999868944235,5.834054404249148],[7.394434268206348,5.755651876577394],[7.4079513831818655,5.67724934890564],[7.432139904717001,5.609347159761352],[7.4150656542216105,5.575746076473458],[7.406528528973915,5.533044699795092],[7.388031424270576,5.510643977603163],[7.356017204591719,5.446241901301365],[7.3218687036009396,5.404940569759995],[7.322580130704914,5.386739982979051],[7.291988765234006,5.325137996951245],[7.2912773381300315,5.303437297327813],[7.267088816594896,5.239735243594513],[7.264243108178997,5.215934476265588]]]}},{"type":"Feature","id":"gombe","properties":{"id":"gombe","name":"Gombe","parentId":null,"level":"state"},"geometry":{"type":"Polygon","coordinates":[[[11.583317056408765,10.594207870034207],[11.572645649849147,10.572507170410775],[11.599679879800181,10.534005929143396],[11.637385516310834,10.518605432636445],[11.66299689205392,10.496904733013013],[11.6551711939102,10.45630342404014],[11.60252558821608,10.42760249873173],[11.596834171384282,10.394701438012333],[11.552725690937859,10.368800602977915],[11.544899992794138,10.343599790511995],[11.546322847002086,10.300898413833629],[11.589719900344537,10.282697827052685],[11.612485567671724,10.24909674376479],[11.61177414056775,10.219695795887883],[11.639519797622759,10.202895254243934],[11.695722538836751,10.187494757736983],[11.731293894035481,10.143393335921623],[11.736273883763303,10.117492500887202],[11.789630916561398,10.03908997321545],[11.835873678319746,10.034189815235965],[11.82235656334423,9.969787738934166],[11.834450824111798,9.929886452529793],[11.808839448368712,9.87668473732396],[11.803148031536915,9.832583315508597],[11.851525074607189,9.814382728727654],[11.854370783023086,9.79338205167272],[11.817376573616407,9.740880359035385],[11.77611380158588,9.70727927574749],[11.74979099873882,9.708679320884485],[11.634539807894937,9.627476702938742],[11.613908421879673,9.65617762824715],[11.598257025592233,9.649177402562174],[11.562685670393503,9.605075980746811],[11.501502939451687,9.607876071020803],[11.468065865564881,9.598775777630332],[11.429648801950252,9.549774197835486],[11.278114828803664,9.547674130129991],[11.226892077317494,9.569374829753425],[11.150769377192212,9.550474220403983],[11.114486594889508,9.525273407938062],[11.076069531274879,9.55117424297248],[11.008483956397292,9.551874265540977],[10.977892590926384,9.574274987732908],[10.96935546567869,9.615576319274279],[10.98500686196613,9.642177176877194],[10.957261204911122,9.668778034480113],[10.956549777807147,9.711479411158479],[10.965798330158817,9.75208072013135],[10.981449726446257,9.77448144232328],[10.945166944143553,9.880184850166447],[10.857661410354678,9.95578728756421],[10.824935763571848,9.969787738934166],[10.788652981269143,10.006188912496054],[10.717510270871683,10.049590311742916],[10.711818854039887,10.076191169345833],[10.738141656886945,10.120992613729692],[10.77442443918965,10.13779315537364],[10.800035814932736,10.134993065099648],[10.818532919636075,10.157393787291578],[10.819955773844026,10.181194554620504],[10.851258566418906,10.22389593129887],[10.8626414000825,10.26799735311423],[10.81924434674005,10.31279879749809],[10.834184315923517,10.365300490135425],[10.835607170131466,10.399601595991818],[10.72177883349553,10.489904507328035],[10.662018956761663,10.49130455246503],[10.612219059483442,10.556406651335326],[10.558150599581372,10.600508073150687],[10.56241916220522,10.642509427260556],[10.52827066121444,10.649509652945532],[10.496967868639558,10.687310871644414],[10.499813577055455,10.711811661541837],[10.52044496307072,10.72721215804879],[10.568822006140993,10.810514843700028],[10.65205897730602,10.881217123118306],[10.646367560474223,10.893117506782769],[10.676958925945131,10.93091872548165],[10.641387570746401,10.961019695927057],[10.65988467544974,10.984820463255982],[10.66913322780141,11.040122246167307],[10.689764613816674,11.047122471852285],[10.708261718520014,11.084923690551168],[10.738141656886945,11.101024209626615],[10.772290157877727,11.060422900653744],[10.799324387828761,11.08422366798267],[10.9103070160488,11.088423803393656],[10.937341245999834,11.09612405164713],[11.008483956397292,11.149325766852964],[10.981449726446257,11.178726714729873],[11.077492385482829,11.286530190278533],[11.09172092756232,11.226328249387723],[11.133695126696821,11.207427640038283],[11.182072169767094,11.19902736921631],[11.224046368901595,11.164726263359917],[11.24823489043673,11.183626872709358],[11.275269120387765,11.172426511613391],[11.341431841057403,11.164026240791419],[11.374157487840234,11.101724232195114],[11.411863124350887,11.080023532571683],[11.448857333757568,11.046422449283789],[11.515020054427204,10.965919853906541],[11.530671450714646,10.935118860892636],[11.528537169402721,10.87701698770732],[11.539208575962341,10.851116152672901],[11.515020054427204,10.695011119897892],[11.524268606778874,10.660009991473],[11.513597200219255,10.607508298835665],[11.516442908635154,10.570407102705282],[11.551302836729908,10.587907666917726],[11.583317056408765,10.594207870034207]]]}},{"type":"Feature","id":"adamawa","properties":{"id":"adamawa","name":"Adamawa","parentId":null,"level":"state"},"geometry":{"type":"Polygon","coordinates":[[[11.835873678319746,10.034189815235965],[11.920533503692724,10.024389499276996],[11.989541932778259,10.037689928078454],[12.018710444041218,10.067090875955362],[12.034361840328659,10.05799058256489],[12.08700744602278,10.06079067283888],[12.101235988102271,10.07409110164034],[12.091276008646627,10.101391981811755],[12.089141727334702,10.142693313353124],[12.109061686245992,10.186794735168487],[12.126847363845357,10.203595276812433],[12.136095916197027,10.236496337531829],[12.178781542435502,10.27149746595672],[12.212930043426283,10.280597759347192],[12.24209855468924,10.319099000614571],[12.257038523872707,10.359700309587442],[12.279804191199894,10.32889931657354],[12.306126994046954,10.335899542258517],[12.328892661374141,10.31979902318307],[12.386518256796084,10.316998932909076],[12.379403985756337,10.350600016196971],[12.42137818489084,10.371600693251906],[12.503903728951892,10.379300941505381],[12.557260761749987,10.395401460580832],[12.554415053334088,10.42760249873173],[12.570777876725504,10.481504236506062],[12.602792096404361,10.484304326780052],[12.612752075860005,10.447903153218167],[12.652591993682583,10.438802859827696],[12.673934806801821,10.48500434934855],[12.735117537743635,10.576007283253265],[12.87526867722663,10.573207192979272],[12.95850564839166,10.548006380513353],[13.010439826981804,10.51370527465696],[13.015419816709626,10.49480466530752],[13.05170259901233,10.464703694862113],[13.122133882305816,10.443703017807179],[13.191142311391351,10.409401911950788],[13.22813652079803,10.443703017807179],[13.253036469437141,10.540306132259875],[13.233116510525852,10.55850671904082],[13.239519354461624,10.600508073150687],[13.258016459164963,10.611708434246651],[13.282916407804073,10.667710239726476],[13.311373491963058,10.713211706678834],[13.335562013498194,10.80001450517256],[13.336273440602168,10.907817980721223],[13.36757623317705,10.92461852236517],[13.383227629464491,10.878417032844315],[13.410973286519502,10.88051710054981],[13.46361889221362,10.902917822741738],[13.50203595582825,10.910618070995213],[13.577447228849556,10.948419289694096],[13.669932752366254,10.944919176851606],[13.750324015115384,10.914118183837703],[13.718309795436527,10.881217123118306],[13.706215534668958,10.846916017261915],[13.677047023405999,10.807714753426037],[13.632938542959575,10.734912406302264],[13.573178666225708,10.667010217157978],[13.555392988626345,10.627808953322102],[13.553970134418394,10.566206967294296],[13.51911020632364,10.394001415443835],[13.494210257684529,10.390501302601347],[13.498478820308376,10.337299587395513],[13.487807413748758,10.2777976690732],[13.51768735211569,10.257497014586765],[13.507727372660046,10.214795637908399],[13.46361889221362,10.217595728182388],[13.468598881941443,10.186094712599989],[13.451524631446054,10.154593697017587],[13.396033317336034,10.110492275202226],[13.317776335898829,10.099991936674758],[13.261573594684837,10.056590537427894],[13.243787917085472,10.031389724961974],[13.286473543323947,9.971187784071162],[13.274379282556378,9.938286723351766],[13.235250791837776,9.907485730337863],[13.240230781565598,9.85428401513203],[13.259439313372912,9.751380697562851],[13.24521077129342,9.593875619650847],[13.21888796844636,9.542773972150506],[13.150590966464799,9.514773069410595],[13.049568317700407,9.50707282115712],[13.023956941957321,9.495872460061154],[12.968465627847303,9.451771038245793],[12.898034344553817,9.348167698108117],[12.906571469801513,9.341167472423141],[12.921511438984979,9.150761333791738],[12.942142825000243,9.063258512729512],[12.925068574504852,8.993256255879732],[12.84894587437957,8.979955827078275],[12.843965884651748,8.969455488550807],[12.880960094058427,8.845551493926695],[12.878825812746504,8.750348424610994],[12.857482999627265,8.685946348309196],[12.816931654700713,8.650245197315808],[12.826180207052383,8.564842443959076],[12.755037496654925,8.571842669644054],[12.730848975119788,8.51234075132174],[12.681049077841566,8.467539306937882],[12.602792096404361,8.4934401419723],[12.58571784590897,8.46473921666389],[12.519555125239332,8.455638923273419],[12.440586716698153,8.455638923273419],[12.330315515582091,8.419237749711534],[12.29616701459131,8.434638246218485],[12.25419281545681,8.408037388615568],[12.242809981793215,8.377236395601665],[12.237118564961419,8.326834770669823],[12.24209855468924,8.27083296519],[12.252769961248859,8.247732220429572],[12.255615669664758,8.198030618066227],[12.210084335010384,8.132228496627434],[12.201547209762689,8.107027684161514],[12.201547209762689,8.042625607859716],[12.214352897634232,7.99012391522238],[12.207238626594485,7.968423215598948],[12.160995864836137,7.913121432687622],[12.141075905924849,7.8781203042627315],[12.096255998374449,7.826318634193894],[12.043610392680328,7.739515835700167],[12.03293898612071,7.715015045802744],[12.025113287976989,7.660413285459915],[12.040764684264431,7.628912269877514],[12.040764684264431,7.573610486966188],[11.896344982157588,7.428005792718645],[11.852947928815137,7.3909045965882605],[11.771845238962033,7.488207733609455],[11.762596686610364,7.54070942624679],[11.766153822130237,7.614911818507558],[11.772556666066007,7.651312992069444],[11.758328123986516,7.7248153617617135],[11.72631390430766,7.71921518121373],[11.633116953686987,7.750716196796132],[11.648768349974429,7.790617483200506],[11.650902631286352,7.857119627207798],[11.61959983871147,7.873920168851745],[11.590431327448512,7.908221274708137],[11.551302836729908,7.903321116728653],[11.541342857274264,7.892120755632687],[11.51430862732323,7.8158182956664275],[11.490120105788094,7.7997177765909775],[11.472334428188729,7.8158182956664275],[11.411863124350887,7.898420958749169],[11.393366019647548,7.938322245153543],[11.341431841057403,8.01882484053079],[11.362774654176642,8.064326307483148],[11.39052031123165,8.093027232791558],[11.477314417916551,8.169329692757819],[11.546322847002086,8.245632152724077],[11.60110273400813,8.352035583135745],[11.629559818167115,8.386336688992138],[11.648056922870454,8.442338494471961],[11.679359715445337,8.462639148958397],[11.729871039827533,8.471039419780372],[11.780382364209729,8.514440819027236],[11.79461090628922,8.545941834609636],[11.790342343665372,8.572542692212552],[11.757616696882542,8.617344136596412],[11.788919489457424,8.641144903925337],[11.74338815480305,8.677546077487222],[11.754059561362668,8.699946799679154],[11.78536235393755,8.711147160775116],[11.827336553072051,8.73914806351503],[11.840853668047568,8.844851471358197],[11.871445033518476,8.947054766358878],[11.83018226148795,8.993256255879732],[11.830893688591924,9.008656752386685],[11.791765197873321,9.019857113482647],[11.75263670715472,9.049958083928054],[11.707105372500346,9.074458873825478],[11.695011111732777,9.106659911976376],[11.702836809876498,9.160561649750708],[11.677936861237386,9.21026325211405],[11.687185413589056,9.229863884031989],[11.670111163093667,9.253664651360914],[11.648056922870454,9.305466321429751],[11.598968452696207,9.301266186018765],[11.581894202200816,9.316666682525717],[11.530671450714646,9.325766975916189],[11.535651440442468,9.36636828488906],[11.525691460986824,9.407669616430432],[11.470200146876804,9.477671873280212],[11.443877344029746,9.48817221180768],[11.429648801950252,9.549774197835486],[11.468065865564881,9.598775777630332],[11.501502939451687,9.607876071020803],[11.562685670393503,9.605075980746811],[11.598257025592233,9.649177402562174],[11.613908421879673,9.65617762824715],[11.634539807894937,9.627476702938742],[11.74979099873882,9.708679320884485],[11.77611380158588,9.70727927574749],[11.817376573616407,9.740880359035385],[11.854370783023086,9.79338205167272],[11.851525074607189,9.814382728727654],[11.803148031536915,9.832583315508597],[11.808839448368712,9.87668473732396],[11.834450824111798,9.929886452529793],[11.82235656334423,9.969787738934166],[11.835873678319746,10.034189815235965]]]}},{"type":"Feature","id":"yobe","properties":{"id":"yobe","name":"Yobe","parentId":null,"level":"state"},"geometry":{"type":"Polygon","coordinates":[[[12.429915310138535,13.072987785084926],[12.408572497019296,13.023286182721582],[12.414975340955067,12.984784941454205],[12.394343954939805,12.916182729741418],[12.408572497019296,12.88748180443301],[12.40928392412327,12.859480901693097],[12.431338164346483,12.851780653439622],[12.460506675609441,12.81397943474074],[12.484695197144578,12.80137902850778],[12.497500885016121,12.764977854945894],[12.496789457912145,12.664874627650708],[12.464775238233289,12.613772980150369],[12.42778102882661,12.602572619054403],[12.443432425114052,12.561271287513033],[12.41853247647494,12.524170091382649],[12.377269704444414,12.519969955971662],[12.353081182909278,12.459768015080853],[12.28691846223964,12.424766886655961],[12.284784180927717,12.266561786175458],[12.249924252832962,12.212660048401126],[12.263441367808479,12.178358942544735],[12.236407137857444,12.137057611003364],[12.237829992065393,12.089456076345513],[12.268421357536301,12.00475334555728],[12.28051561830387,11.995653052166809],[12.262729940704505,11.936151133844495],[12.256327096768732,11.885749508912653],[12.270555638848224,11.82624759059034],[12.244232836001165,11.809447048946392],[12.23569571075347,11.767445694836525],[12.221467168673978,11.756245333740559],[12.21577575184218,11.715644024767688],[12.195855792930892,11.65754215158237],[12.223601449985901,11.633041361684946],[12.274824201472072,11.693943325144255],[12.301147004319132,11.64494174534941],[12.299724150111183,11.608540571787524],[12.34881262028543,11.583339759321603],[12.37371256892454,11.549738676033709],[12.343832630557609,11.479036396615431],[12.246367117313088,11.39923382380668],[12.220755741570002,11.358632514833808],[12.201547209762689,11.356532447128314],[12.186607240579223,11.301930686785486],[12.112618821765864,11.259929332675618],[12.101947415206245,11.237528610483688],[12.120444519909585,11.140225473462493],[12.153170166692416,11.11922479640756],[12.167398708771909,11.079323510003185],[12.148190176964594,11.046422449283789],[12.094121717062524,11.038722201030312],[12.056416080551871,11.04852251698928],[12.035073267432633,11.043622359009795],[11.993810495402107,10.991820688940958],[11.937607754188114,10.947719267125597],[11.90772781582118,10.939318996303623],[11.894210700845663,10.958919628221562],[11.85508221012706,10.935118860892636],[11.798879468913068,10.937918951166628],[11.733428175347406,10.900817755036245],[11.676514007029438,10.87701698770732],[11.650902631286352,10.88051710054981],[11.632405526583012,10.85741635578938],[11.646634068662504,10.834315611028954],[11.738408165075228,10.822415227364491],[11.759750978194464,10.781813918391618],[11.766865249234211,10.705511458425358],[11.754059561362668,10.662810081746992],[11.71421964354009,10.634109156438582],[11.626714109751216,10.60260814085618],[11.583317056408765,10.594207870034207],[11.551302836729908,10.587907666917726],[11.516442908635154,10.570407102705282],[11.513597200219255,10.607508298835665],[11.524268606778874,10.660009991473],[11.515020054427204,10.695011119897892],[11.539208575962341,10.851116152672901],[11.528537169402721,10.87701698770732],[11.530671450714646,10.935118860892636],[11.515020054427204,10.965919853906541],[11.448857333757568,11.046422449283789],[11.411863124350887,11.080023532571683],[11.374157487840234,11.101724232195114],[11.341431841057403,11.164026240791419],[11.275269120387765,11.172426511613391],[11.24823489043673,11.183626872709358],[11.224046368901595,11.164726263359917],[11.182072169767094,11.19902736921631],[11.133695126696821,11.207427640038283],[11.09172092756232,11.226328249387723],[11.077492385482829,11.286530190278533],[10.981449726446257,11.178726714729873],[10.945878371247527,11.218628001134247],[10.92595841233624,11.251529061853644],[10.948012652559452,11.265529513223601],[10.928092693648162,11.284430122573042],[10.933072683375986,11.315231115586943],[10.9103070160488,11.330631612093896],[10.920978422608417,11.38663341757372],[10.920978422608417,11.425834681409597],[10.935918391791883,11.474836261204443],[10.928092693648162,11.525937908704783],[10.939475527311757,11.553938811444695],[10.926669839440214,11.609940616924519],[10.928804120752138,11.66664244497284],[10.920978422608417,11.718444115041677],[10.927381266544188,11.776545988226996],[10.905327026320975,11.827647635727335],[10.877581369265966,11.829047680864331],[10.860507118770578,11.855648538467248],[10.817110065428126,11.886449531481151],[10.800035814932736,11.943151359529473],[10.818532919636075,11.96975221713239],[10.825647190675822,12.045354654530152],[10.823512909363897,12.10975673083195],[10.804304377556583,12.116756956516928],[10.795055825204914,12.184659145661215],[10.789364408373117,12.274962056997431],[10.7758472933976,12.309963185422323],[10.764464459734006,12.369465103744636],[10.750235917654514,12.475868534156302],[10.691187468024623,12.514369775423681],[10.651347550202045,12.529070249362134],[10.614353340795367,12.532570362204623],[10.59799051740395,12.522070023677156],[10.587319110844332,12.542370678163593],[10.602259080027798,12.564771400355522],[10.596567663196002,12.61657307042436],[10.58233912111651,12.659974469671223],[10.596567663196002,12.663474582513713],[10.598701944507924,12.706175959192079],[10.583761975324459,12.71177613974006],[10.568822006140993,12.785978532000827],[10.53751921356611,12.823779750699709],[10.512619264926998,12.819579615288722],[10.474913628416346,12.790178667411814],[10.432939429281845,12.819579615288722],[10.385273813315546,12.841280314912154],[10.331205353413477,12.847580518028634],[10.32551393658168,12.81117934446675],[10.290654008486925,12.815379479877736],[10.304882550566417,12.860880946830093],[10.28994258138295,12.875581420768548],[10.289231154278976,12.905682391213952],[10.272156903783586,12.916882752309917],[10.264331205639865,12.954683971008798],[10.28211688323923,12.979184760906222],[10.224491287817289,13.01488591189961],[10.174691390539067,13.002285505666649],[10.149080014795981,12.987585031728194],[10.098568690413785,12.985484964022701],[9.988297489297722,12.956084016145795],[9.929960466771805,12.918282797446913],[9.896523392885,12.852480676008119],[9.858106329270372,12.82027963785722],[9.7649093786497,12.796478870528295],[9.680960980380696,12.820979660425719],[9.661752448573383,12.833580066658678],[9.873046298453838,13.075087852790421],[9.909329080756542,13.112189048920804],[9.944900435955272,13.121289342311275],[9.961974686450663,13.155590448167668],[9.994700333233494,13.176591125222602],[10.148368587692007,13.259893810873841],[10.173268536331117,13.26969412683281],[10.33760819734925,13.300495119846714],[10.464242221856727,13.318695706627656],[10.644944706266275,13.37469751210748],[10.74952449055054,13.388697963477437],[10.834895743027491,13.386597895771942],[10.93236125627201,13.369097331559498],[11.021289644268835,13.376097557244476],[11.105949469641812,13.360697060737524],[11.238274910981087,13.375397534675978],[11.392654592543574,13.38099771522396],[11.45241446927744,13.377497602381471],[11.615331276087622,13.329196045155124],[11.654459766806225,13.315195593785166],[11.749079571634846,13.292794871593237],[11.819510854928332,13.273194239675298],[11.894922127949638,13.235393020976417],[12.008039037481598,13.171690967243117],[12.060684643175719,13.133889748544236],[12.116887384389711,13.114289116626297],[12.201547209762689,13.126889522859258],[12.233561429441545,13.110088981215311],[12.258461378080657,13.117789229468787],[12.28051561830387,13.096788552413852],[12.336006932413888,13.083488123612394],[12.429915310138535,13.072987785084926]]]}},{"type":"Feature","id":"abia","properties":{"id":"abia","name":"Abia","parentId":null,"level":"state"},"geometry":{"type":"Polygon","coordinates":[[[7.89029895967664,5.6849495971591155],[7.915198908315752,5.655548649282208],[7.908084637276005,5.535844790069083],[7.930850304603192,5.477042894315268],[7.954327399034355,5.442041765890378],[7.986341618713212,5.370639463903602],[7.977093066361542,5.354538944828152],[7.880338980220996,5.3671393510611125],[7.883896115740869,5.384639915273558],[7.86539901103753,5.418240998561453],[7.821290530591105,5.423141156540937],[7.788564883808274,5.444141833595872],[7.780027758560578,5.47004266863029],[7.748724965985696,5.516244158151145],[7.711019329475043,5.512744045308656],[7.700347922915423,5.435741562773898],[7.660508005092847,5.4476419464383605],[7.639165191973609,5.430141382225916],[7.622090941478218,5.388140028116047],[7.624936649894117,5.364339260787122],[7.661219432196821,5.3671393510611125],[7.670467984548491,5.351738854554162],[7.649125171429253,5.325137996951245],[7.622090941478218,5.318137771266267],[7.572291044199996,5.324437974382747],[7.55592822080858,5.306237387601804],[7.543833960041013,5.258635852943954],[7.538853970313191,5.187233550957178],[7.528182563753571,5.155732535374776],[7.5345854076893435,5.108831023285424],[7.54667966845691,5.08783034623049],[7.506128323530358,5.013627953969722],[7.460596988875984,4.977926802976334],[7.491899781450867,4.94432571968844],[7.480516947787274,4.933125358592475],[7.480516947787274,4.882723733660633],[7.4990140524906135,4.858922966331708],[7.49545691697074,4.8281219733178045],[7.446368446796493,4.84562253753025],[7.416488508429561,4.866623214585184],[7.384474288750702,4.862423079174197],[7.352460069071846,4.872223395133166],[7.271357379218742,4.8729234177016645],[7.224403190356419,4.85822294376321],[7.198791814613333,4.861723056605699],[7.156106188374858,4.883423756229131],[7.141877646295367,4.901624343010074],[7.168200449142427,4.945025742256938],[7.208751794068979,4.956226103352902],[7.24147744085181,4.994027322051784],[7.2557059829313015,5.077330007703022],[7.2784716502584885,5.1165312715389],[7.29270019233798,5.1725330770187234],[7.264243108178997,5.215934476265588],[7.267088816594896,5.239735243594513],[7.2912773381300315,5.303437297327813],[7.291988765234006,5.325137996951245],[7.322580130704914,5.386739982979051],[7.3218687036009396,5.404940569759995],[7.356017204591719,5.446241901301365],[7.388031424270576,5.510643977603163],[7.406528528973915,5.533044699795092],[7.4150656542216105,5.575746076473458],[7.432139904717001,5.609347159761352],[7.4079513831818655,5.67724934890564],[7.394434268206348,5.755651876577394],[7.3922999868944235,5.834054404249148],[7.386608570062627,5.860655261852064],[7.396568549518271,5.900556548256439],[7.284874494194259,5.918057112468884],[7.2606859726591235,5.939057789523818],[7.254283128723353,5.9649586245582364],[7.272780233426692,5.997859685277634],[7.318311568081066,5.998559707846131],[7.3389429540963285,6.041961107092995],[7.386608570062627,6.036360926545012],[7.404394247661992,6.012560159216087],[7.4307170505090525,6.006259956099607],[7.510396886154206,6.021660452606559],[7.530316845065496,6.006259956099607],[7.528893990857545,5.951658195756778],[7.506128323530358,5.911756909352404],[7.505416896426384,5.8830559840439935],[7.527471136649597,5.869055532674038],[7.5267597095456225,5.844554742776614],[7.551659658184732,5.843154697639619],[7.61782237885437,5.827054178564169],[7.76935635200096,5.813753749762711],[7.786430602496349,5.80465345637224],[7.804216280095714,5.745151538049926],[7.854016177373936,5.717850657878512],[7.89029895967664,5.6849495971591155]]]}},{"type":"Feature","id":"ekiti","properties":{"id":"ekiti","name":"Ekiti","parentId":null,"level":"state"},"geometry":{"type":"Polygon","coordinates":[[[5.773091898248245,7.747216083953642],[5.716177729930277,7.701014594432788],[5.69483491681104,7.67161364655588],[5.680606374731547,7.624012111898029],[5.654994998988462,7.628912269877514],[5.624403633517554,7.582710780356659],[5.613020799853961,7.537209313404302],[5.610175091438062,7.484707620766967],[5.599503684878444,7.450406514910574],[5.521246703441237,7.332802723402944],[5.504172452945848,7.316002181758996],[5.388209834997989,7.2831011210396],[5.358329896631055,7.29570152727256],[5.3469470629674625,7.381104280629292],[5.320624260120402,7.441306221520103],[5.2174673300440855,7.434305995835125],[5.048859106402107,7.457406740595552],[5.0047506259556815,7.414005341348688],[4.952105020261562,7.447606424636583],[4.920090800582705,7.516908658917865],[4.90230512298334,7.576410577240178],[4.883096591176026,7.611411705665069],[4.863888059368712,7.622612066761034],[4.888076580903848,7.691914301042316],[4.89305657063167,7.730415542309696],[4.914399383750908,7.78291723494703],[4.9108422482310345,7.85011940152282],[4.949970738949638,7.903321116728653],[4.99052208387619,7.931322019468565],[5.031073428802742,7.976823486420923],[5.03534199142659,8.004824389160834],[5.057396231649802,8.039125495017228],[5.084430461600837,8.024425021078773],[5.117867535487642,8.062926262346153],[5.142056057022779,8.061526217209156],[5.1818959748453555,8.036325404743236],[5.196124516924848,8.018124817962292],[5.230984445019603,8.021624930804782],[5.282918623609749,8.008324502003322],[5.332718520887971,8.00972454714032],[5.36046417794298,8.03842547244873],[5.364021313462852,8.090227142517566],[5.3874984078940145,8.102127526182029],[5.497769609010076,8.110527797004004],[5.514132432401492,8.1112278195725],[5.504172452945848,8.023724998510275],[5.508441015569695,8.017424795393794],[5.576738017551257,8.071326533168126],[5.656417853196411,8.074826646010614],[5.640055029804996,8.05382596895568],[5.667800686860005,8.002024298886843],[5.647880727948716,7.985923779811394],[5.645746446636792,7.962823035050966],[5.598792257774469,7.951622673955001],[5.61444365406191,7.865519898029771],[5.642900738220893,7.828418701899388],[5.728983417801819,7.828418701899388],[5.768111908520423,7.787817392926515],[5.791589002951584,7.782217212378533],[5.773091898248245,7.747216083953642]]]}},{"type":"Feature","id":"osun","properties":{"id":"osun","name":"Osun","parentId":null,"level":"state"},"geometry":{"type":"Polygon","coordinates":[[[4.609908583249782,7.031092996380391],[4.57718293646695,7.0233927481269145],[4.516000205525135,7.022692725558416],[4.4889659755741,6.991891732544513],[4.424226109112412,7.002392071071981],[4.40074901468125,6.980691371448549],[4.375849066042139,6.994691822818504],[4.368734795002394,7.0590938991203025],[4.298303511708909,7.090594914702704],[4.268423573341975,7.088494846997211],[4.218623676063753,7.04719351545584],[4.197992290048491,7.049293583161333],[4.1858980292809225,7.085694756723219],[4.1709580600974565,7.170397487511453],[4.088432516036403,7.13329629138107],[4.072781119748962,7.146596720182528],[4.078472536580758,7.190698141997889],[4.0941239328682,7.228499360696771],[4.125426725443082,7.257900308573678],[4.131118142274879,7.299201640115049],[4.11119818336359,7.327202542854961],[4.133963850690777,7.3678038518278335],[4.148903819874244,7.477707395081989],[4.153883809602066,7.568710328986703],[4.138943840418599,7.598811299432109],[4.093412505764225,7.621212021624038],[4.068512557125114,7.666013466007898],[4.078472536580758,7.708014820117766],[4.070646838437038,7.759816490186603],[4.076338255268835,7.8249185890568995],[4.099103922596022,7.863419830324278],[4.116889600195387,7.849419378954321],[4.14676953856232,7.849419378954321],[4.202972279776313,7.86902001087226],[4.191589446112719,7.910321342413631],[4.2342750723511955,7.931322019468565],[4.235697926559144,7.956522831934485],[4.276249271485696,7.97122330587294],[4.328183450075842,7.934822132311053],[4.360197669754698,7.883020462242216],[4.370869076314317,7.848719356385824],[4.397191879161378,7.896320891043675],[4.432763234360107,7.891420733064191],[4.4420117867117765,7.929221951763072],[4.458374610103192,7.941822357996032],[4.496080246613846,7.943222403133028],[4.5359201644364235,7.96142298991397],[4.557262977555661,7.981023621831909],[4.5686458112192545,8.054525991524178],[4.6220028440173495,8.075526668579112],[4.637654240304791,8.05382596895568],[4.6653998973598,8.043325630428214],[4.720891211469818,8.064326307483148],[4.785631077931507,8.068526442894134],[4.818356724714338,8.05382596895568],[4.85748521543294,8.07272657830512],[4.853928079913068,8.09582732306555],[4.927205071622451,8.079726803990098],[4.970602124964901,8.032825291900746],[4.995502073604012,8.029325179058258],[5.039610554050437,8.072026555736624],[5.057396231649802,8.039125495017228],[5.03534199142659,8.004824389160834],[5.031073428802742,7.976823486420923],[4.99052208387619,7.931322019468565],[4.949970738949638,7.903321116728653],[4.9108422482310345,7.85011940152282],[4.914399383750908,7.78291723494703],[4.89305657063167,7.730415542309696],[4.888076580903848,7.691914301042316],[4.863888059368712,7.622612066761034],[4.883096591176026,7.611411705665069],[4.90230512298334,7.576410577240178],[4.920090800582705,7.516908658917865],[4.952105020261562,7.447606424636583],[5.0047506259556815,7.414005341348688],[4.989810656772216,7.377604167786803],[4.943567895013866,7.369903919533327],[4.878116601448204,7.379004212923798],[4.754328285356625,7.3608036261428555],[4.734408326445335,7.283801143608097],[4.746502587212904,7.222899180148788],[4.720891211469818,7.1948982774088766],[4.7031055338704535,7.16199721668948],[4.683897002063139,7.16829741980596],[4.673225595503521,7.140296517066048],[4.634808531888892,7.113695659463131],[4.614177145873629,7.080094576175236],[4.609908583249782,7.031092996380391]]]}},{"type":"Feature","id":"bauchi","properties":{"id":"bauchi","name":"Bauchi","parentId":null,"level":"state"},"geometry":{"type":"Polygon","coordinates":[[[10.541076349085984,9.483272053828195],[10.523290671486619,9.48817221180768],[10.489142170495837,9.552574288109476],[10.423690876930175,9.584775326260376],[10.382428104899649,9.598075755061833],[10.260774070119993,9.686978621261055],[10.191054213930482,9.689078688966548],[10.15192572321188,9.678578350439082],[10.115642940909176,9.693978846946033],[10.103548680141607,9.719179659411953],[10.041654522095817,9.73038002050792],[9.984028926673874,9.712879456295473],[9.972646093010281,9.699579027494014],[9.991854624817595,9.645677289719684],[9.980471791154002,9.623276567527753],[9.935651883603603,9.605075980746811],[9.915731924692313,9.610676161294794],[9.838897797463057,9.601575867904323],[9.803326442264327,9.579175145712393],[9.76348652444175,9.539973881876517],[9.69234381404429,9.52247331766407],[9.668155292509155,9.535073723897032],[9.648235333597865,9.52247331766407],[9.609818269983238,9.547674130129991],[9.577804050304382,9.542773972150506],[9.589898311071948,9.511272956568106],[9.569266925056686,9.472771715300727],[9.425558650053818,9.476971850711713],[9.397101565894834,9.530873588486045],[9.350858804136484,9.53227363362304],[9.303904615274162,9.571474897458916],[9.309596032105958,9.598775777630332],[9.28967607319467,9.614176274137282],[9.287541791882745,9.692578801809038],[9.266910405867483,9.680678418144574],[9.223513352525032,9.682778485850069],[9.177982017870658,9.728279952802424],[9.159484913167319,9.758380923247831],[9.21853336279721,9.773081397186285],[9.26050756193171,9.81858286413864],[9.271890395595305,9.845883744310056],[9.232050477772727,9.861984263385505],[9.214264800173362,10.017389273592016],[9.25125900958004,10.024389499276996],[9.229916196460804,10.048190266605921],[9.18296200759848,10.038389950646952],[9.128182120592436,10.058690605133389],[9.085496494353961,10.025089521845494],[9.03569659707574,10.015989228455023],[9.007239512916755,10.032789770098969],[9.002970950292907,9.988688348283608],[8.977359574549823,9.987288303146613],[8.938942510935194,10.032789770098969],[8.951748198806737,10.09299171098978],[8.968111022198153,10.102792026948748],[8.978071001653797,10.180494532052005],[8.930405385687498,10.214795637908399],[8.93538537541532,10.267297330545734],[8.954593907222636,10.308598662087103],[8.93538537541532,10.34849994849148],[8.869934081849658,10.35760024188195],[8.817999903259514,10.380700986642378],[8.782428548060784,10.424102385889242],[8.748991474173977,10.440902927533187],[8.776737131228986,10.479404168800567],[8.773179995709114,10.504604981266489],[8.793099954620402,10.565506944725797],[8.783139975164758,10.597007960308197],[8.821557038779385,10.671910375137463],[8.847879841626446,10.67961062339094],[8.854994112666192,10.70761152613085],[8.821557038779385,10.769213512158657],[8.785985683580655,10.79721441489857],[8.766065724669367,10.851116152672901],[8.745434338654103,10.85741635578938],[8.759662880733597,10.923218477228176],[8.789542819100529,10.947719267125597],[8.779582839644885,11.011421320858897],[8.79452280882835,11.068823171475717],[8.817999903259514,11.096824074215629],[8.856416966874141,11.098224119352626],[8.89341117628082,11.117124728702066],[8.925425395959676,11.180126759866868],[8.952459625910711,11.194827233805322],[9.017910919476375,11.259929332675618],[9.02644804472407,11.277429896888062],[9.062730827026774,11.292830393395015],[9.084785067249987,11.315231115586943],[9.142410662671928,11.32643147668291],[9.161619194479243,11.314531093018445],[9.195056268366049,11.32643147668291],[9.28683036477877,11.349532221443337],[9.35157023124046,11.343232018326855],[9.37931588829547,11.331331634662394],[9.411330107974326,11.299830619079993],[9.463975713668445,11.281630032299049],[9.497412787555252,11.27812991945656],[9.511641329634744,11.31313104788145],[9.609106842879262,11.315231115586943],[9.598435436319644,11.292830393395015],[9.595589727903747,11.247328926442657],[9.683806688796595,11.222128113976737],[9.72791516924302,11.250829039285147],[9.762775097337775,11.245928881305662],[9.779137920729191,11.261329377812613],[9.824669255383565,11.278829942025059],[9.841743505878956,11.229828362230212],[9.873757725557812,11.186426962983347],[9.883006277909482,11.164026240791419],[9.87802628818166,11.132525225209019],[9.888697694741278,11.09402398394164],[9.855260620854473,11.076523419729194],[9.863086318998194,11.006521162879412],[9.881583423701533,10.989020598666968],[9.92924903966783,10.991820688940958],[9.985451780881824,10.958219605653063],[10.010351729520934,10.970119989317528],[10.045923084719664,10.965919853906541],[10.087897283854165,10.989720621235467],[10.112085805389302,10.992520711509457],[10.111374378285328,10.962419741064052],[10.134140045612515,10.947719267125597],[10.172557109227142,10.942119086577616],[10.220222725193441,10.9470192445571],[10.204571328905999,10.975720169865511],[10.168999973707269,10.989020598666968],[10.153348577419829,11.013521388564392],[10.168999973707269,11.05832283294825],[10.188919932618559,11.081423577708678],[10.226625569129212,11.09402398394164],[10.24796838224845,11.079323510003185],[10.269311195367688,11.087723780825158],[10.28994258138295,11.120624841544554],[10.335473916037325,11.143725586304981],[10.364642427300284,11.179426737298371],[10.358239583364512,11.208127662606781],[10.279271174823332,11.203227504627296],[10.235162694376907,11.224228181682228],[10.189631359722533,11.222128113976737],[10.122045784844946,11.247328926442657],[10.084340148334293,11.269729648634588],[9.998257468753367,11.264829490655103],[9.957706123826815,11.286530190278533],[9.941343300435399,11.313831070449949],[9.914309070484364,11.31663116072394],[9.918577633108212,11.347432153737843],[9.885140559221407,11.356532447128314],[9.885851986325381,11.406234049491658],[9.87802628818166,11.448235403601526],[9.855972047958447,11.465735967813972],[9.801192160952404,11.443335245622041],[9.784829337560987,11.468536058087963],[9.787675045976886,11.504937231649848],[9.831072099319337,11.540638382643237],[9.816843557239844,11.604340436376535],[9.828226390903438,11.634441406821942],[9.821112119863692,11.671542602952325],[9.801903588056378,11.691143234870264],[9.779849347833165,11.736644701822621],[9.712263772955579,11.720544182747172],[9.63969820835017,11.733144588980132],[9.619066822334908,11.749245108055582],[9.643255343870043,11.775845965658498],[9.669578146717104,11.784246236480472],[9.675980990652874,11.812947161788882],[9.673846709340951,11.859148651309738],[9.707995210331731,11.850048357919265],[9.83320638063126,11.890649666892138],[9.883006277909482,11.933351043570504],[10.016754573456707,11.982352623365351],[10.037385959471969,11.974652375111875],[10.080071585710446,11.997053097303805],[10.100702971725708,12.016653729221742],[10.154771431627777,12.022953932338222],[10.174691390539067,12.046054677098649],[10.152637150315854,12.090156098914012],[10.157617140043676,12.12935736274989],[10.17042282791522,12.165058513743276],[10.151214296107904,12.20215970987366],[10.147657160588032,12.238560883435547],[10.196034203658304,12.311363230559317],[10.207417037321898,12.354064607237683],[10.25437122618422,12.391165803368066],[10.240142684104729,12.433867180046432],[10.257928361704094,12.459768015080853],[10.339031051557198,12.441567428299908],[10.381005250691699,12.463968150491839],[10.429382293761972,12.456267902238363],[10.45855080502493,12.440867405731412],[10.512619264926998,12.468168285902825],[10.554593464061501,12.480768692135786],[10.57166771455689,12.475868534156302],[10.605816215547671,12.48916896295776],[10.59799051740395,12.522070023677156],[10.614353340795367,12.532570362204623],[10.651347550202045,12.529070249362134],[10.691187468024623,12.514369775423681],[10.750235917654514,12.475868534156302],[10.764464459734006,12.369465103744636],[10.7758472933976,12.309963185422323],[10.789364408373117,12.274962056997431],[10.795055825204914,12.184659145661215],[10.804304377556583,12.116756956516928],[10.823512909363897,12.10975673083195],[10.825647190675822,12.045354654530152],[10.818532919636075,11.96975221713239],[10.800035814932736,11.943151359529473],[10.817110065428126,11.886449531481151],[10.860507118770578,11.855648538467248],[10.877581369265966,11.829047680864331],[10.905327026320975,11.827647635727335],[10.927381266544188,11.776545988226996],[10.920978422608417,11.718444115041677],[10.928804120752138,11.66664244497284],[10.926669839440214,11.609940616924519],[10.939475527311757,11.553938811444695],[10.928092693648162,11.525937908704783],[10.935918391791883,11.474836261204443],[10.920978422608417,11.425834681409597],[10.920978422608417,11.38663341757372],[10.9103070160488,11.330631612093896],[10.933072683375986,11.315231115586943],[10.928092693648162,11.284430122573042],[10.948012652559452,11.265529513223601],[10.92595841233624,11.251529061853644],[10.945878371247527,11.218628001134247],[10.981449726446257,11.178726714729873],[11.008483956397292,11.149325766852964],[10.937341245999834,11.09612405164713],[10.9103070160488,11.088423803393656],[10.799324387828761,11.08422366798267],[10.772290157877727,11.060422900653744],[10.738141656886945,11.101024209626615],[10.708261718520014,11.084923690551168],[10.689764613816674,11.047122471852285],[10.66913322780141,11.040122246167307],[10.65988467544974,10.984820463255982],[10.641387570746401,10.961019695927057],[10.676958925945131,10.93091872548165],[10.646367560474223,10.893117506782769],[10.65205897730602,10.881217123118306],[10.568822006140993,10.810514843700028],[10.52044496307072,10.72721215804879],[10.499813577055455,10.711811661541837],[10.496967868639558,10.687310871644414],[10.52827066121444,10.649509652945532],[10.56241916220522,10.642509427260556],[10.558150599581372,10.600508073150687],[10.612219059483442,10.556406651335326],[10.662018956761663,10.49130455246503],[10.72177883349553,10.489904507328035],[10.835607170131466,10.399601595991818],[10.834184315923517,10.365300490135425],[10.81924434674005,10.31279879749809],[10.8626414000825,10.26799735311423],[10.851258566418906,10.22389593129887],[10.819955773844026,10.181194554620504],[10.818532919636075,10.157393787291578],[10.800035814932736,10.134993065099648],[10.77442443918965,10.13779315537364],[10.738141656886945,10.120992613729692],[10.711818854039887,10.076191169345833],[10.717510270871683,10.049590311742916],[10.788652981269143,10.006188912496054],[10.824935763571848,9.969787738934166],[10.857661410354678,9.95578728756421],[10.945166944143553,9.880184850166447],[10.981449726446257,9.77448144232328],[10.965798330158817,9.75208072013135],[10.956549777807147,9.711479411158479],[10.957261204911122,9.668778034480113],[10.98500686196613,9.642177176877194],[10.96935546567869,9.615576319274279],[10.917421287088544,9.55467435581497],[10.773713012085675,9.447570902834805],[10.61791047631524,9.462971399341757],[10.541076349085984,9.483272053828195]]]}},{"type":"Feature","id":"niger","properties":{"id":"niger","name":"Niger","parentId":null,"level":"state"},"geometry":{"type":"Polygon","coordinates":[[[7.378782871918906,9.336267314443656],[7.219423200628597,9.113660137661354],[7.015243621787889,9.269065147867867],[6.788298375619993,9.270465193004862],[6.783318385892171,8.849051606769184],[6.792566938243841,8.839951313378712],[6.781184104580246,8.744048221494513],[6.779761250372298,8.580242940466029],[6.78474124010012,8.457738990978912],[6.828138293442569,8.457738990978912],[6.824581157922697,8.432538178512992],[6.837386845794239,8.396837027519604],[6.807506907427307,8.342935289745274],[6.772646979332551,8.335235041491798],[6.761264145668958,8.272933032895493],[6.717867092326507,8.243532085018586],[6.712887102598685,8.202230753477215],[6.683718591335727,8.212731092004681],[6.641744392201225,8.255432468683047],[6.626804423017759,8.287633506833947],[6.59905876596275,8.324034680395833],[6.579850234155436,8.330334883512313],[6.551393149996452,8.369536147348189],[6.527204628461316,8.37583635046467],[6.503727534030155,8.412237524026555],[6.453216209647958,8.448638697588441],[6.424759125488974,8.549441947452124],[6.398436322641914,8.629244520260874],[6.358596404819337,8.684546303172201],[6.3023936636053435,8.727947702419065],[6.267533735510589,8.738448040946531],[6.2084852858806965,8.732147837830052],[6.149436836250805,8.720947476734086],[6.13165115865144,8.75174846974799],[6.084696969789118,8.760848763138462],[6.033474218302947,8.758748695432967],[5.928183006914706,8.74264817635752],[5.88692023488418,8.746848311768506],[5.795857565575432,8.741948153789021],[5.774514752456194,8.753148514884986],[5.728271990697845,8.819650658892277],[5.642189311116919,8.835751177967726],[5.601637966190367,8.877052509509095],[5.56322090257574,8.89875320913253],[5.539743808144578,8.930254224714929],[5.511998151089568,8.944254676084885],[5.47358108747494,8.947754788927375],[5.457929691187498,8.968755465982309],[5.391055543413887,8.982755917352264],[5.370424157398624,8.996056346153722],[5.323469968536301,8.992556233311234],[5.272247217050129,9.014956955503163],[5.2380987160593495,9.018457068345652],[5.20893020479639,9.0352576099896],[5.1591303075181685,9.106659911976376],[5.065221929793522,9.1626617174562],[5.048147679298133,9.187862529922121],[4.996924927811961,9.20746316184006],[4.9108422482310345,9.17176201084667],[4.885942299591925,9.167561875435684],[4.828316704169982,9.13396079214779],[4.785631077931507,9.135360837284786],[4.764288264812269,9.15006131122324],[4.7521940040447,9.180162281668645],[4.754328285356625,9.248064470812931],[4.737254034861234,9.269065147867867],[4.639077094512739,9.308266411703743],[4.6170228542895275,9.330667133895673],[4.609908583249782,9.361468126909577],[4.578605790674899,9.388068984512493],[4.501060236341669,9.440570677149829],[4.443434640919726,9.50987291143111],[4.387231899705733,9.562374604068445],[4.350237690299054,9.588275439102866],[4.282652115421468,9.69467886951453],[4.1709580600974565,9.819982909275637],[4.1531723824980915,9.861984263385505],[4.095546787076149,9.878084782460956],[4.083452526308581,9.851483924858037],[4.038632618758181,9.864784353659497],[4.022269795366766,9.85708410540602],[4.002349836455477,9.906785707769366],[3.946147095241484,9.908185752906359],[3.9347642615778904,9.927786384824298],[3.9703356167766204,9.948787061879234],[3.941167105513662,9.962087490680691],[3.948992803657382,9.9914884385576],[3.921247146602373,9.999888709379572],[3.8870986456115926,9.98798832571511],[3.8906557811314655,10.015989228455023],[3.8643329782844056,10.050290334311414],[3.8330301857095233,10.046790221468925],[3.7988816847187428,10.071291011366348],[3.7711360276637333,10.047490244037423],[3.75050464164847,10.068490921092357],[3.730584682737182,10.068490921092357],[3.6843419209788326,10.15669376472308],[3.6765162228351125,10.183994644894494],[3.6445020031562554,10.199395141401446],[3.581896418006491,10.274997578799208],[3.6373877321165096,10.41150197965628],[3.6836304938748583,10.447903153218167],[3.7063961612020453,10.447203130649669],[3.7682903192478348,10.410801957087783],[3.793901694990921,10.405901799108298],[3.8131102267982344,10.449303198355162],[3.855084425932736,10.585107576643736],[3.8486815819969644,10.683110736233427],[3.8259159146697774,10.713911729247332],[3.754061777168343,10.79441432462458],[3.7455246519206478,10.820315159658996],[3.775404590287581,10.898717687330752],[3.7697131734557843,10.919718364385686],[3.8024388202386157,10.946319221988603],[3.9326299802659666,10.942819109146113],[3.9931012841038074,11.016321478838382],[4.100526776803971,11.026121794797351],[4.183763747968999,11.024721749660355],[4.2257379471035,11.019121569112373],[4.2670007191340265,11.025421772228853],[4.256329312574407,10.990420643803963],[4.27696069858967,10.954019470242077],[4.329606304283791,10.951219379968087],[4.338854856635461,10.903617845310237],[4.380829055769961,10.879817077981311],[4.407151858617022,10.87701698770732],[4.450548911959472,10.88611728109779],[4.539477299956296,10.919718364385686],[4.599948603794137,10.888917371371782],[4.651882782384282,10.896617619625257],[4.673937022607495,10.917618296680192],[4.695279835726733,10.919018341817187],[4.715911221741996,10.890317416508777],[4.720179784365843,10.859516423494874],[4.696702689934682,10.790214189213593],[4.697414117038656,10.718811887226817],[4.687454137583012,10.693611074760895],[4.691011273102886,10.662810081746992],[4.658997053424028,10.629208998459097],[4.58500863461067,10.5641068995888],[4.510308788693338,10.53540597428039],[4.485408840054227,10.469603852841598],[4.47971742322243,10.421302295615249],[4.491100256886024,10.314198842635086],[4.541611581268221,10.286897962463671],[4.56010868597156,10.26799735311423],[4.567222957011306,10.223195908730371],[4.527383039188728,10.142693313353124],[4.530228747604626,10.100691959243257],[4.624848552433248,10.102792026948748],[4.6497485010723585,10.181194554620504],[4.646191365552486,10.20499532194943],[4.696702689934682,10.239996450374319],[4.7941682031792014,10.260997127429253],[4.871713757512433,10.218295750750887],[4.9464136034297645,10.285497917326676],[4.949970738949638,10.389801280032849],[4.932185061350273,10.439502882396193],[4.905862258503213,10.454203356334647],[4.853216652809093,10.460503559451126],[4.818356724714338,10.507405071540479],[4.824048141546134,10.594907892602706],[4.796302484491125,10.629208998459097],[4.825470995754084,10.70831154869935],[4.843968100457423,10.699211255308878],[4.893767997735645,10.706911503562353],[4.907996539815137,10.690110961918407],[4.949259311845664,10.691511007055402],[4.95495072867746,10.706211480993854],[5.013287751203377,10.726512135480291],[5.026804866178894,10.750312902809217],[5.048147679298133,10.73701247400776],[5.100793284992252,10.761513263905183],[5.109330410239947,10.795814369761574],[5.083719034496862,10.817515069385006],[5.046724825090183,10.82521531763848],[5.028939147490818,10.859516423494874],[5.025382011970946,10.890317416508777],[5.075181909249167,10.915518228974697],[5.081584753184938,10.950519357399589],[5.0630876484815985,11.012121343427395],[5.0403219811544115,11.05202262983177],[4.996213500707986,11.054122697537263],[4.979850677316572,11.08072355514018],[4.908707966919112,11.082123600277175],[4.876693747240255,11.091923916236144],[4.839699537833576,11.113624615859576],[4.802705328426897,11.114324638428075],[4.745791160108929,11.14792572171597],[4.732985472237386,11.189927075825837],[4.7031055338704535,11.228428317093217],[4.738676889069183,11.250829039285147],[4.703816960974428,11.267629580929093],[4.711642659118148,11.297030528806001],[4.788476786347404,11.325031431545913],[4.811242453674591,11.340431928052865],[4.867445194888585,11.35793249226531],[4.898036560359492,11.387333440142218],[4.938587905286044,11.36423269538179],[4.958507864197333,11.369132853361275],[4.996213500707986,11.284430122573042],[5.01684488672325,11.251529061853644],[5.0453019708822335,11.273229761477076],[5.071624773729294,11.237528610483688],[5.185453110365229,11.227728294524718],[5.2331187263315275,11.21792797856575],[5.24450155999512,11.244528836168666],[5.249481549722942,11.30963093503896],[5.333429947991945,11.356532447128314],[5.348369917175411,11.339031882915869],[5.379672709750293,11.243128791031669],[5.388921262101963,11.231228407367208],[5.389632689205937,11.17312653418189],[5.40386123128543,11.147225699147471],[5.38678698079004,11.091923916236144],[5.388921262101963,11.037322155893317],[5.410975502325176,11.00442109517392],[5.44725828462788,10.983420418118985],[5.500615317425975,10.975020147297013],[5.522669557649188,10.990420643803963],[5.536186672624705,10.962419741064052],[5.557529485743943,10.947719267125597],[5.5852751427989515,10.966619876475038],[5.636497894285123,10.965219831338043],[5.679894947627573,10.975720169865511],[5.728983417801819,10.99812089205744],[5.7752261795601685,11.059722878085246],[5.800126128199279,11.082823622845673],[5.897591641443799,11.113624615859576],[5.9146658919391895,11.145125631441978],[5.977982904192928,11.16682633106541],[6.015688540703582,11.138125405757],[6.016399967807557,11.118524773839061],[6.046279906174489,11.054122697537263],[6.1124426268441265,11.061122923222243],[6.1629539512263225,11.042922336441299],[6.2084852858806965,11.005121117742418],[6.242633786871478,10.98832057609847],[6.2668223084066135,10.965919853906541],[6.237653797143656,10.945619199420104],[6.231250953207884,10.91831831924869],[6.209196712984672,10.901517777604742],[6.164376805434272,10.893117506782769],[6.1629539512263225,10.856016310652386],[6.1224026062997705,10.84481594955642],[6.103905501596431,10.769213512158657],[6.116711189467974,10.742612654555742],[6.098925511868609,10.701311323014371],[6.137342575483238,10.67891060082244],[6.11457690815605,10.605408231130172],[6.133785439963365,10.59000773462322],[6.124536887611695,10.554306583629831],[6.093945522140787,10.545906312807858],[6.092522667932839,10.522105545478933],[6.158685388602475,10.501104868424],[6.175048211993891,10.442302972670184],[6.161531097018374,10.41780218277276],[6.172913930681967,10.380700986642378],[6.209196712984672,10.375100806094395],[6.235519515831731,10.384901122053364],[6.254728047639046,10.42760249873173],[6.285319413109953,10.414302069930272],[6.321602195412658,10.443703017807179],[6.3151993514768865,10.480104191369065],[6.382784926354473,10.540306132259875],[6.402704885265761,10.574607238116268],[6.4596190535837295,10.594207870034207],[6.494478981678484,10.615908569657638],[6.524358920045417,10.594907892602706],[6.521513211629519,10.572507170410775],[6.540010316332859,10.54520629023936],[6.574158817323639,10.557106673903824],[6.586964505195182,10.57390721554777],[6.646724381929047,10.593507847465709],[6.710041394182786,10.58720764434923],[6.731384207302025,10.5963079377397],[6.720001373638432,10.643209449829055],[6.803238344803459,10.643209449829055],[6.829561147650519,10.62500886304811],[6.841655408418086,10.572507170410775],[6.835252564482316,10.538206064554384],[6.869401065473097,10.555706628766828],[6.912798118815546,10.538206064554384],[6.953349463742098,10.482204259074559],[6.92275809827119,10.382101031779372],[6.934140931934785,10.361100354724439],[6.977537985277234,10.364600467566927],[7.020223611515711,10.35410012903946],[7.050814976986619,10.316998932909076],[7.045834987258797,10.29109809787466],[7.019512184411736,10.273597533662214],[7.009552204956092,10.250496788901785],[6.970423714237489,10.232996224689341],[6.954772317950047,10.191694893147972],[6.921335244063242,10.190994870579473],[6.885052461760537,10.151093584175097],[6.882206753344638,10.116792478318706],[6.901415285151954,10.076191169345833],[6.914220973023495,10.07759121448283],[6.95192660953415,10.047490244037423],[7.06504351906611,10.042590086057938],[7.105594863992662,10.02648956698249],[7.138320510775493,10.03558986037296],[7.1795832828060195,10.027189589550986],[7.254283128723353,10.03908997321545],[7.277760223154514,10.01668925102352],[7.285585921298235,9.933386565372281],[7.2962573278578535,9.869684511638981],[7.2884316297141325,9.840283563762073],[7.29270019233798,9.810882615885166],[7.2734916605306665,9.783581735713751],[7.251437420307454,9.794082074241217],[7.210174648276928,9.780081622871261],[7.204483231445131,9.758380923247831],[7.276337368946566,9.689778711535045],[7.305505880209523,9.627476702938742],[7.233651742708089,9.56447467177394],[7.251437420307454,9.521073272527076],[7.218711773524623,9.492372347218666],[7.200926095925258,9.45947128649927],[7.22155748194052,9.375468578279532],[7.222268909044496,9.332067179032668],[7.23222888850014,9.318066727662712],[7.3339629643685065,9.340467449854643],[7.378782871918906,9.336267314443656]]]}},{"type":"Feature","id":"kaduna","properties":{"id":"kaduna","name":"Kaduna","parentId":null,"level":"state"},"geometry":{"type":"Polygon","coordinates":[[[7.723825017346586,9.329267088758677],[7.693233651875678,9.349567743245114],[7.64699089011733,9.408369638998929],[7.614265243334497,9.406269571293436],[7.542411105833063,9.387368961943995],[7.5089740319462575,9.355167923793097],[7.378782871918906,9.336267314443656],[7.3339629643685065,9.340467449854643],[7.23222888850014,9.318066727662712],[7.222268909044496,9.332067179032668],[7.22155748194052,9.375468578279532],[7.200926095925258,9.45947128649927],[7.218711773524623,9.492372347218666],[7.251437420307454,9.521073272527076],[7.233651742708089,9.56447467177394],[7.305505880209523,9.627476702938742],[7.276337368946566,9.689778711535045],[7.204483231445131,9.758380923247831],[7.210174648276928,9.780081622871261],[7.251437420307454,9.794082074241217],[7.2734916605306665,9.783581735713751],[7.29270019233798,9.810882615885166],[7.2884316297141325,9.840283563762073],[7.2962573278578535,9.869684511638981],[7.285585921298235,9.933386565372281],[7.277760223154514,10.01668925102352],[7.254283128723353,10.03908997321545],[7.1795832828060195,10.027189589550986],[7.138320510775493,10.03558986037296],[7.105594863992662,10.02648956698249],[7.06504351906611,10.042590086057938],[6.95192660953415,10.047490244037423],[6.914220973023495,10.07759121448283],[6.901415285151954,10.076191169345833],[6.882206753344638,10.116792478318706],[6.885052461760537,10.151093584175097],[6.921335244063242,10.190994870579473],[6.954772317950047,10.191694893147972],[6.970423714237489,10.232996224689341],[7.009552204956092,10.250496788901785],[7.019512184411736,10.273597533662214],[7.045834987258797,10.29109809787466],[7.050814976986619,10.316998932909076],[7.020223611515711,10.35410012903946],[6.977537985277234,10.364600467566927],[6.934140931934785,10.361100354724439],[6.92275809827119,10.382101031779372],[6.953349463742098,10.482204259074559],[6.912798118815546,10.538206064554384],[6.869401065473097,10.555706628766828],[6.835252564482316,10.538206064554384],[6.841655408418086,10.572507170410775],[6.829561147650519,10.62500886304811],[6.803238344803459,10.643209449829055],[6.720001373638432,10.643209449829055],[6.731384207302025,10.5963079377397],[6.710041394182786,10.58720764434923],[6.646724381929047,10.593507847465709],[6.586964505195182,10.57390721554777],[6.574158817323639,10.557106673903824],[6.540010316332859,10.54520629023936],[6.521513211629519,10.572507170410775],[6.524358920045417,10.594907892602706],[6.494478981678484,10.615908569657638],[6.4596190535837295,10.594207870034207],[6.402704885265761,10.574607238116268],[6.382784926354473,10.540306132259875],[6.3151993514768865,10.480104191369065],[6.321602195412658,10.443703017807179],[6.285319413109953,10.414302069930272],[6.254728047639046,10.42760249873173],[6.235519515831731,10.384901122053364],[6.209196712984672,10.375100806094395],[6.172913930681967,10.380700986642378],[6.161531097018374,10.41780218277276],[6.175048211993891,10.442302972670184],[6.158685388602475,10.501104868424],[6.092522667932839,10.522105545478933],[6.093945522140787,10.545906312807858],[6.124536887611695,10.554306583629831],[6.133785439963365,10.59000773462322],[6.11457690815605,10.605408231130172],[6.137342575483238,10.67891060082244],[6.098925511868609,10.701311323014371],[6.116711189467974,10.742612654555742],[6.103905501596431,10.769213512158657],[6.1224026062997705,10.84481594955642],[6.1629539512263225,10.856016310652386],[6.164376805434272,10.893117506782769],[6.209196712984672,10.901517777604742],[6.231250953207884,10.91831831924869],[6.237653797143656,10.945619199420104],[6.2668223084066135,10.965919853906541],[6.278916569174182,10.963119763632548],[6.303816517813293,11.003021050036924],[6.337253591700099,11.021221636817867],[6.364999248755108,11.017721523975379],[6.3913220516021685,11.033822043050828],[6.4190677086571775,11.027521839934348],[6.4368533862565425,11.007921208016409],[6.5108418050699,11.043622359009795],[6.533607472397087,11.047822494420783],[6.577004525739538,11.021221636817867],[6.605461609898521,11.046422449283789],[6.656684361384692,11.05202262983177],[6.687275726855599,11.091923916236144],[6.685141445543676,11.15142583455846],[6.689410008167524,11.203927527195793],[6.703638550247016,11.238928655620683],[6.766955562500755,11.27182971634008],[6.770512698020628,11.320131273566428],[6.829561147650519,11.307530867333469],[6.839521127106163,11.318731228429433],[6.833118283170393,11.35163228914883],[6.879361044928741,11.36703278565578],[6.889321024384385,11.38383332729973],[6.919200962751319,11.385233372436725],[6.961175161885819,11.358632514833808],[7.005995069436219,11.362132627676296],[7.013820767579938,11.349532221443337],[7.008840777852116,11.293530415963513],[6.96757800582159,11.245228858737164],[7.025203601243533,11.209527707743776],[7.076426352729703,11.19552725637382],[7.129071958423824,11.138125405757],[7.151837625751011,11.129025112366527],[7.200926095925258,11.15352590226395],[7.211597502484876,11.202527482058798],[7.1945232519894855,11.257829264970123],[7.227248898772318,11.278829942025059],[7.297680182065802,11.273929784045574],[7.357440058799668,11.264129468086605],[7.370245746671211,11.333431702367886],[7.3922999868944235,11.374733033909258],[7.472691249643553,11.376133079046252],[7.496168344074714,11.35163228914883],[7.577271033927818,11.315231115586943],[7.607150972294752,11.27182971634008],[7.706039339747221,11.310330957607459],[7.720979308930687,11.325031431545913],[7.720979308930687,11.369832875929774],[7.750859247297619,11.371232921066769],[7.765087789377112,11.379633191888743],[7.826981947422901,11.369832875929774],[7.878916126013047,11.385933395005221],[7.900258939132286,11.43143486195758],[7.942233138266786,11.46293587753998],[8.000570160792703,11.492336825416889],[8.041121505719255,11.486736644868905],[8.081672850645807,11.505637254218346],[8.08665284037363,11.517537637882809],[8.149969852627368,11.518937683019804],[8.162064113394935,11.505637254218346],[8.140721300275699,11.4566356744235],[8.143567008691596,11.420234500861614],[8.113687070324664,11.408334117197152],[8.122935622676334,11.38663341757372],[8.149969852627368,11.375433056477755],[8.206884020945335,11.318731228429433],[8.248858220079837,11.325731454114411],[8.257395345327533,11.279529964593557],[8.285852429486516,11.268329603497591],[8.297946690254083,11.234028497641198],[8.324980920205117,11.227028271956222],[8.433829267113232,11.226328249387723],[8.461574924168241,11.171726489044895],[8.509240540134538,11.158426060243436],[8.50639483171864,11.132525225209019],[8.519911946694158,11.115024660996571],[8.59461179261149,11.082823622845673],[8.607417480483033,11.07092323918121],[8.61453175152278,11.017721523975379],[8.598880355235337,11.002321027468426],[8.571846125284303,10.921818432091179],[8.58536324025982,10.861616491200369],[8.563309000036607,10.81611502424801],[8.571846125284303,10.748212835103724],[8.48149488307953,10.716011796952824],[8.50639483171864,10.65020967551403],[8.54338904112532,10.632009088733088],[8.593900365507515,10.645309517534546],[8.649391679617533,10.624308840479612],[8.666465930112924,10.593507847465709],[8.711285837663324,10.543106222533869],[8.749702901277951,10.564806922157299],[8.783139975164758,10.597007960308197],[8.793099954620402,10.565506944725797],[8.773179995709114,10.504604981266489],[8.776737131228986,10.479404168800567],[8.748991474173977,10.440902927533187],[8.782428548060784,10.424102385889242],[8.817999903259514,10.380700986642378],[8.80519421538797,10.355500174176456],[8.799502798556173,10.30299848153912],[8.763220016253468,10.28129778191569],[8.73405150499051,10.274997578799208],[8.728360088158714,10.248396721196293],[8.686385889024212,10.211295525065909],[8.67215734694472,10.146193426195612],[8.67215734694472,10.081791349893816],[8.679983045088441,10.004788867359057],[8.634451710434067,9.86688442136499],[8.643700262785737,9.834683383214092],[8.643700262785737,9.775181464891777],[8.633740283330093,9.754880810405341],[8.598880355235337,9.727579930233926],[8.598880355235337,9.678578350439082],[8.581806104739947,9.675778260165089],[8.554771874788912,9.580575190849387],[8.556194728996863,9.553974333246472],[8.577537542116099,9.499372572903644],[8.60243749075521,9.482572031259696],[8.617377459938677,9.434970496601846],[8.648680252513559,9.395769232765968],[8.669311638528823,9.396469255334466],[8.695634441375882,9.378268668553524],[8.694211587167933,9.3222668630737],[8.657928804865229,9.20746316184006],[8.650103106721508,9.173162055983667],[8.62093459545855,9.115060182798349],[8.564020427140582,9.052058151633547],[8.564020427140582,9.03245751971561],[8.533429061669676,9.004456616975697],[8.504260550406716,9.001656526701705],[8.473669184935808,9.073058828688481],[8.446634954984773,9.112960115092857],[8.387586505354882,9.175962146257659],[8.345612306220382,9.1941627330386],[8.32853805572499,9.180862304237143],[8.300792398669982,9.18856255249062],[8.258106772431507,9.182962371942637],[8.25383820980766,9.147261220949249],[8.232495396688421,9.104559844270883],[8.191944051761869,9.052758174202046],[8.1378755918598,9.035957632558098],[8.098747101141196,9.039457745400586],[8.061752891734518,9.052058151633547],[8.071001444086187,9.154961469202725],[8.087364267477604,9.230563906600487],[8.061041464630543,9.265565035025377],[7.940810284058838,9.313866592251726],[7.918756043835625,9.317366705094216],[7.872513282077275,9.2900658249228],[7.808484842719562,9.272565260710355],[7.792833446432121,9.275365350984346],[7.723825017346586,9.329267088758677]]]}},{"type":"Feature","id":"enugu","properties":{"id":"enugu","name":"Enugu","parentId":null,"level":"state"},"geometry":{"type":"Polygon","coordinates":[[[6.860863940225402,6.753184036686763],[6.877938190720791,6.760884284940238],[6.897146722528106,6.792385300522639],[6.952638036638124,6.807785797029592],[6.963309443197742,6.844186970591477],[6.986786537628905,6.844186970591477],[6.991055100252751,6.785385074837661],[7.042277851738923,6.783285007132168],[7.081406342457525,6.800085548776115],[7.119823406072154,6.848387106002464],[7.146857636023189,6.864487625077913],[7.176026147286146,6.896688663228812],[7.210174648276928,6.90368888891379],[7.238631732435911,6.941490107612672],[7.24147744085181,6.971591078058077],[7.311908724145294,7.005192161345972],[7.3268486933287615,7.024092770695413],[7.384474288750702,7.051393650866826],[7.386608570062627,7.086394779291717],[7.432139904717001,7.101795275798668],[7.457751280460087,7.096195095250686],[7.501859760906511,7.068894215079272],[7.530316845065496,7.032493041517386],[7.577982461031793,6.9323898142222],[7.619956660166295,6.919089385420742],[7.657662296676948,6.867987737920402],[7.691810797667728,6.851887218844952],[7.71386503789094,6.870787828194393],[7.818444822175206,6.891788505249328],[7.863264729725605,6.879888121584865],[7.888164678364717,6.853987286550446],[7.886741824156768,6.793785345659636],[7.903104647548183,6.781184939426675],[7.878204698909073,6.760184262371741],[7.85615045868586,6.699982321480929],[7.817733395071231,6.637680312884625],[7.775759195936731,6.633480177473638],[7.720267881826713,6.6467806062750965],[7.691099370563753,6.638380335453123],[7.703905058435296,6.606879319870721],[7.704616485539271,6.578178394562312],[7.725959298658509,6.559977807781369],[7.741610694945949,6.494175686342576],[7.751570674401595,6.385672188225416],[7.720979308930687,6.331070427882588],[7.708885048163118,6.277868712676755],[7.733073569698256,6.226767065176415],[7.725959298658509,6.114763454216766],[7.71386503789094,6.083962461202863],[7.669756557444517,6.063661806716427],[7.663353713508744,6.047561287640978],[7.675447974276313,6.0097600689420965],[7.711019329475043,5.971258827674717],[7.714576464994915,5.946058015208796],[7.691810797667728,5.924357315585364],[7.664776567716693,5.929957496133347],[7.573002471303971,5.969158759969224],[7.530316845065496,6.006259956099607],[7.510396886154206,6.021660452606559],[7.4307170505090525,6.006259956099607],[7.404394247661992,6.012560159216087],[7.386608570062627,6.036360926545012],[7.3389429540963285,6.041961107092995],[7.3040830260015746,6.044761197366986],[7.309774442833371,6.079062303223378],[7.261397399763098,6.079762325791876],[7.254994555827327,6.104963138257797],[7.229383180084241,6.1273638604497265],[7.223691763252445,6.1917659367515245],[7.1895432622616635,6.239367471409375],[7.150414771543062,6.228867132881908],[7.142589073399341,6.289069073772719],[7.160374750998706,6.303069525142675],[7.141877646295367,6.359771353190998],[7.1440119276072895,6.388472278499407],[7.115554843448306,6.401772707300866],[7.089232040601246,6.426273497198289],[7.032317872283279,6.442374016273738],[7.049392122778668,6.474575054424637],[7.048680695674694,6.527776769630471],[7.109151999512536,6.593578891069264],[7.131917666839723,6.6432804934326075],[7.129071958423824,6.659381012508057],[7.070023508793932,6.685281847542475],[7.050814976986619,6.6824817572684845],[7.016666475995837,6.70628252459741],[6.956195172157997,6.709782637439899],[6.909952410399649,6.696482208638441],[6.860863940225402,6.753184036686763]]]}},{"type":"Feature","id":"taraba","properties":{"id":"taraba","name":"Taraba","parentId":null,"level":"state"},"geometry":{"type":"Polygon","coordinates":[[[9.59772400921567,6.499775866890558],[9.606261134463365,6.5718781914458315],[9.62262395785478,6.664281170487541],[9.646101052285943,6.738483562748309],[9.64894676070184,6.799385526207617],[9.64112106255812,6.866587692783407],[9.645389625181968,6.894588595523318],[9.699458085084036,7.011492364462452],[9.737875148698665,7.077994508469743],[9.82395782827959,7.172497555216946],[9.835340661943185,7.217298999600806],[9.824669255383565,7.25440019573119],[9.841032078774981,7.27960100819711],[9.883006277909482,7.414005341348688],[9.888697694741278,7.461606876006539],[9.88442913211743,7.507808365527394],[9.846012068502803,7.574310509534685],[9.747123701050334,7.654813104911932],[9.70159236639596,7.710114887823259],[9.643255343870043,7.7997177765909775],[9.601281144735543,7.829818747036383],[9.561441226912965,7.838919040426855],[9.386430159335214,7.844519220974838],[9.31457602183378,7.834718905015868],[9.27260182269928,7.822818521351405],[9.190076278638227,7.810218115118445],[9.130316401904361,7.787817392926515],[9.115376432720893,7.808118047412952],[9.124624985072563,7.827018656762393],[9.18296200759848,7.895620868475177],[9.179404872078607,7.908221274708137],[9.335207407849044,7.9852237572428955],[9.345878814408662,8.002024298886843],[9.40421583693458,8.045425698133707],[9.415598670598174,8.062226239777655],[9.392833003270987,8.10142750361353],[9.387141586439189,8.149029038271381],[9.4120415350783,8.177029941011295],[9.390698721959062,8.201530730908717],[9.329515991017248,8.236531859333606],[9.3252474283934,8.263832739505022],[9.342321678888789,8.283433371422959],[9.362953064904053,8.340835222039779],[9.389987294855088,8.349235492861753],[9.48318424547576,8.30583409361489],[9.547212684833474,8.305134071046393],[9.609818269983238,8.291133619676437],[9.617643968126957,8.303034003340898],[9.611952551295161,8.34993551543025],[9.616932541022983,8.371636215053684],[9.620489676542856,8.383536598718145],[9.664598156989282,8.382836576149648],[9.756372253402004,8.367436079642697],[9.821112119863692,8.403137230636084],[9.890831976053203,8.447938675019945],[9.92000048731616,8.478739668033846],[10.05161450155146,8.591443301561993],[10.11635436801315,8.672645919507739],[10.180382807370863,8.732147837830052],[10.188208505514584,8.748248356905501],[10.248679809352424,8.808450297796313],[10.324802509477706,8.856751855022662],[10.34116533286912,8.879852599783089],[10.420133741410302,8.944254676084885],[10.463530794752751,8.963155285434325],[10.565976297725094,8.969455488550807],[10.596567663196002,8.976455714235785],[10.62715902866691,9.01915709091415],[10.637830435226528,9.081459099510454],[10.622179038939088,9.094059505743417],[10.63640758101858,9.119260318209337],[10.61791047631524,9.141661040401267],[10.610796205275493,9.189262575059118],[10.580204839804585,9.24596440310744],[10.578070558492662,9.332767201601166],[10.559573453789323,9.350967788382109],[10.560284880893297,9.389469029649488],[10.578070558492662,9.409769684135924],[10.578781985596637,9.439170632012832],[10.565976297725094,9.46507146704725],[10.541076349085984,9.483272053828195],[10.61791047631524,9.462971399341757],[10.773713012085675,9.447570902834805],[10.917421287088544,9.55467435581497],[10.96935546567869,9.615576319274279],[10.977892590926384,9.574274987732908],[11.008483956397292,9.551874265540977],[11.076069531274879,9.55117424297248],[11.114486594889508,9.525273407938062],[11.150769377192212,9.550474220403983],[11.226892077317494,9.569374829753425],[11.278114828803664,9.547674130129991],[11.429648801950252,9.549774197835486],[11.443877344029746,9.48817221180768],[11.470200146876804,9.477671873280212],[11.525691460986824,9.407669616430432],[11.535651440442468,9.36636828488906],[11.530671450714646,9.325766975916189],[11.581894202200816,9.316666682525717],[11.598968452696207,9.301266186018765],[11.648056922870454,9.305466321429751],[11.670111163093667,9.253664651360914],[11.687185413589056,9.229863884031989],[11.677936861237386,9.21026325211405],[11.702836809876498,9.160561649750708],[11.695011111732777,9.106659911976376],[11.707105372500346,9.074458873825478],[11.75263670715472,9.049958083928054],[11.791765197873321,9.019857113482647],[11.830893688591924,9.008656752386685],[11.83018226148795,8.993256255879732],[11.871445033518476,8.947054766358878],[11.840853668047568,8.844851471358197],[11.827336553072051,8.73914806351503],[11.78536235393755,8.711147160775116],[11.754059561362668,8.699946799679154],[11.74338815480305,8.677546077487222],[11.788919489457424,8.641144903925337],[11.757616696882542,8.617344136596412],[11.790342343665372,8.572542692212552],[11.79461090628922,8.545941834609636],[11.780382364209729,8.514440819027236],[11.729871039827533,8.471039419780372],[11.679359715445337,8.462639148958397],[11.648056922870454,8.442338494471961],[11.629559818167115,8.386336688992138],[11.60110273400813,8.352035583135745],[11.546322847002086,8.245632152724077],[11.477314417916551,8.169329692757819],[11.39052031123165,8.093027232791558],[11.362774654176642,8.064326307483148],[11.341431841057403,8.01882484053079],[11.393366019647548,7.938322245153543],[11.411863124350887,7.898420958749169],[11.472334428188729,7.8158182956664275],[11.490120105788094,7.7997177765909775],[11.51430862732323,7.8158182956664275],[11.541342857274264,7.892120755632687],[11.551302836729908,7.903321116728653],[11.590431327448512,7.908221274708137],[11.61959983871147,7.873920168851745],[11.650902631286352,7.857119627207798],[11.648768349974429,7.790617483200506],[11.633116953686987,7.750716196796132],[11.72631390430766,7.71921518121373],[11.758328123986516,7.7248153617617135],[11.772556666066007,7.651312992069444],[11.766153822130237,7.614911818507558],[11.762596686610364,7.54070942624679],[11.771845238962033,7.488207733609455],[11.852947928815137,7.3909045965882605],[11.799590896017042,7.2964015498410575],[11.764730967922288,7.283801143608097],[11.751925280050745,7.260000376279172],[11.795322333393194,7.250200060320203],[11.88282786718207,7.131896246244073],[11.864330762478732,7.084994734154721],[11.762596686610364,7.003092093640478],[11.63809694341481,6.943590175318166],[11.587585619032613,6.892488527817825],[11.554859972249782,6.821086225831049],[11.583317056408765,6.794485368228133],[11.588297046136587,6.759484239803243],[11.579048493784917,6.713282750282388],[11.555571399353756,6.653780831960074],[11.518577189947077,6.6075793424392195],[11.473045855292703,6.602679184459735],[11.43534021878205,6.585878642815787],[11.414708832766786,6.515876385966008],[11.412574551454863,6.4843753703836065],[11.385540321503829,6.457074490212192],[11.340008986849455,6.440973971136742],[11.26673199514007,6.433273722883267],[11.201992128678382,6.436773835725756],[11.140809397736568,6.433273722883267],[11.11662087620143,6.444474083979232],[11.095278063082192,6.498375821753562],[11.084606656522574,6.541777221000427],[11.062552416299361,6.596378981343255],[11.059706707883464,6.642580470864109],[11.082472375210651,6.697882253775436],[11.071089541547057,6.71888293083037],[11.019155362956912,6.778384849152683],[10.938764100207782,6.779784894289679],[10.882561358993788,6.828086451516027],[10.881849931889814,6.867287715351905],[10.864775681394423,6.923289520831728],[10.842010014067236,6.958290649256619],[10.770155876565804,6.961790762099108],[10.720355979287582,6.988391619702025],[10.700436020376292,7.013592432167945],[10.620044757627163,7.053493718572319],[10.61506476789934,7.068894215079272],[10.560284880893297,7.021992702989919],[10.513330692030973,6.877788053879371],[10.269311195367688,6.87498796360538],[10.238008402792806,6.877788053879371],[10.205282756009973,6.900888798639799],[10.189631359722533,6.933089836790698],[10.187497078410608,6.978591303743055],[10.164731411083421,7.021292680421421],[9.874469152661787,6.775584758878692],[9.795500744120607,6.801485593913111],[9.786252191768938,6.777684826584186],[9.708706637435707,6.521476566513989],[9.637563927038247,6.523576634219483],[9.59772400921567,6.499775866890558]]]}},{"type":"Feature","id":"ebonyi","properties":{"id":"ebonyi","name":"Ebonyi","parentId":null,"level":"state"},"geometry":{"type":"Polygon","coordinates":[[[8.294389554734211,6.6789816444259955],[8.339920889388585,6.575378304288321],[8.391143640874756,6.522876611650986],[8.418889297929764,6.514476340829011],[8.406083610058221,6.485075392952105],[8.422446433449638,6.4773751446986285],[8.45659493444042,6.428373564903782],[8.445212100776825,6.385672188225416],[8.403949328746299,6.366071556307478],[8.39185506797873,6.306569637985165],[8.41817787082579,6.261068171032807],[8.400392193226425,6.216266726648948],[8.371223681963468,6.196666094731009],[8.33138376414089,6.135064108703203],[8.30221525287793,6.108463251100286],[8.28656385659049,6.016760294627074],[8.258106772431507,5.997859685277634],[8.24458965745599,6.018160339764069],[8.214709719089056,6.012560159216087],[8.167755530226733,5.969158759969224],[8.113687070324664,5.9383577669553205],[8.100881382453121,5.96075848914725],[8.064598600150417,5.943957947503303],[8.047524349655026,5.955858331167765],[8.052504339382848,5.985959301613171],[8.024047255223865,5.997859685277634],[7.986341618713212,5.981759166202184],[7.98776447292116,5.885156051749487],[7.966421659801922,5.869055532674038],[7.959307388762177,5.843154697639619],[7.932273158811142,5.822154020584685],[7.951481690618456,5.775252508495332],[7.921601752251522,5.7598520119883805],[7.911641772795878,5.725550906131988],[7.886741824156768,5.700350093666067],[7.89029895967664,5.6849495971591155],[7.854016177373936,5.717850657878512],[7.804216280095714,5.745151538049926],[7.786430602496349,5.80465345637224],[7.76935635200096,5.813753749762711],[7.61782237885437,5.827054178564169],[7.551659658184732,5.843154697639619],[7.5267597095456225,5.844554742776614],[7.527471136649597,5.869055532674038],[7.505416896426384,5.8830559840439935],[7.506128323530358,5.911756909352404],[7.528893990857545,5.951658195756778],[7.530316845065496,6.006259956099607],[7.573002471303971,5.969158759969224],[7.664776567716693,5.929957496133347],[7.691810797667728,5.924357315585364],[7.714576464994915,5.946058015208796],[7.711019329475043,5.971258827674717],[7.675447974276313,6.0097600689420965],[7.663353713508744,6.047561287640978],[7.669756557444517,6.063661806716427],[7.71386503789094,6.083962461202863],[7.725959298658509,6.114763454216766],[7.733073569698256,6.226767065176415],[7.708885048163118,6.277868712676755],[7.720979308930687,6.331070427882588],[7.751570674401595,6.385672188225416],[7.741610694945949,6.494175686342576],[7.725959298658509,6.559977807781369],[7.704616485539271,6.578178394562312],[7.703905058435296,6.606879319870721],[7.691099370563753,6.638380335453123],[7.720267881826713,6.6467806062750965],[7.775759195936731,6.633480177473638],[7.817733395071231,6.637680312884625],[7.85615045868586,6.580978484836303],[7.878204698909073,6.561377852918365],[7.945078846682684,6.539677153294933],[7.955038826138329,6.583078552541797],[7.987053045817186,6.6110794552817085],[7.978515920569491,6.648180651412092],[7.974247357945643,6.7111826825768945],[8.031872953367586,6.732183359631828],[8.098747101141196,6.706982547165907],[8.144278435795572,6.72518313394685],[8.152815561043266,6.754584081823758],[8.172735519954555,6.7734846911731985],[8.220401135920852,6.779084871721182],[8.241032521936116,6.792385300522639],[8.255972491119582,6.765784442919723],[8.27873815844677,6.697882253775436],[8.294389554734211,6.6789816444259955]]]}}]}