{"type":"FeatureCollection","features":[{"type":"Feature","id":"eastern-obolo","properties":{"id":"eastern-obolo","name":"Eastern Obolo","parentId":"akwa-ibom","level":"lga"},"geometry":{"type":"Polygon","coordinates":[[[7.561937014525139,4.513523025396641],[7.616474903005484,4.559365742921723],[7.6737396859098475,4.528510067664457],[7.6982817357260025,4.547023472818816],[7.750092729782331,4.576115966632811],[7.804630618262678,4.570826422302994],[7.810993371918718,4.5188125697264585],[7.6673769322538075,4.495009620242282],[7.614656973389472,4.4685618985931965],[7.561937014525139,4.513523025396641]]]}},{"type":"Feature","id":"ekeremor","properties":{"id":"ekeremor","name":"Ekeremor","parentId":"bayelsa","level":"lga"},"geometry":{"type":"Polygon","coordinates":[[[5.992154791099179,4.892607035700199],[5.827632160850136,4.816790233639487],[5.690378474841265,4.778881832609132],[5.648566093673,4.774473879000951],[5.626750938280861,4.730394342919142],[5.532218598248262,4.75155252023841],[5.4440490118717015,4.923462710957465],[5.441322117447685,4.975476563534],[5.374967686463264,5.126228576933787],[5.448593835911731,5.133281302706877],[5.464955202455835,5.097136083119793],[5.511312407664128,5.088320175903431],[5.551306859216383,5.055701319202893],[5.584938557112595,5.054819728481256],[5.633113691936901,5.018674508894173],[5.710375700617392,5.02396405322399],[5.730372926393518,5.054819728481256],[5.779457026025829,5.058346091367801],[5.791273568529904,5.085675403738523],[5.869444542018401,5.070688361470708],[5.881261084522476,5.109478353222699],[5.914892782418689,5.107715171779427],[5.92761828973077,5.160610615077598],[5.97488445974707,5.137689256315057],[5.959432058010972,5.1006624460063374],[5.992154791099179,5.048648593429803],[5.980338248595104,4.938449753225281],[5.992154791099179,4.892607035700199]]]}},{"type":"Feature","id":"degema","properties":{"id":"degema","name":"Degema","parentId":"rivers","level":"lga"},"geometry":{"type":"Polygon","coordinates":[[[6.858398253128675,4.398034640862302],[6.8165858719604095,4.5020623460153715],[6.813858977536393,4.577879148076082],[6.838401027352548,4.618432321271347],[6.7865900332962195,4.666038220239701],[6.7929527869522595,4.727749570754233],[6.83385620331252,4.659867085188248],[6.912936141609022,4.656340722301703],[6.904755458336968,4.75155252023841],[6.929297508153125,4.78152660477404],[6.957475417201303,4.774473879000951],[6.9883802206735,4.761250018176408],[6.984744361441477,4.703946621270057],[6.963838170857343,4.685433216115697],[6.98383539663347,4.616669139828074],[6.975654713361418,4.597274143952078],[7.0056505520256085,4.369823737769944],[6.858398253128675,4.398034640862302]]]}},{"type":"Feature","id":"andoni","properties":{"id":"andoni","name":"Andoni","parentId":"rivers","level":"lga"},"geometry":{"type":"Polygon","coordinates":[[[7.324697199635633,4.439469404779202],[7.32742409405965,4.50470711818028],[7.261978627883234,4.5020623460153715],[7.281975853659363,4.5602473336433595],[7.304699973859506,4.5937477810655345],[7.362873721571875,4.5717080130246295],[7.41559368043621,4.569063240859721],[7.476494322572597,4.584050283127536],[7.453770202372452,4.535562793437546],[7.473767428148578,4.495891210963918],[7.5637549441411505,4.470325080036469],[7.578298381069242,4.495891210963918],[7.580116310685254,4.450048493438836],[7.487401900268665,4.448285311995564],[7.418320574860227,4.431535088284477],[7.324697199635633,4.439469404779202]]]}},{"type":"Feature","id":"akpabuyo","properties":{"id":"akpabuyo","name":"Akpabuyo","parentId":"cross-river","level":"lga"},"geometry":{"type":"Polygon","coordinates":[[[8.396366708274432,4.780645014052404],[8.371824658458277,4.775355469722587],[8.302743333049838,4.8441195460102096],[8.337283995754056,4.870567267659295],[8.366370869610241,4.956081567658004],[8.355463291914173,4.98693724291527],[8.362735010378218,5.034543141883624],[8.368188799226253,5.078622677965433],[8.396366708274432,5.126228576933787],[8.514532133315182,5.022200871780718],[8.603610684499747,5.041595867656714],[8.700869918956364,5.014266555285992],[8.644514100860006,4.9084756686896505],[8.614518262195816,4.896133398586744],[8.584522423531626,4.854698634669844],[8.504533520427119,4.842356364566937],[8.474537681762929,4.850290681061662],[8.410001180394518,4.825606140855849],[8.396366708274432,4.780645014052404]]]}},{"type":"Feature","id":"oron","properties":{"id":"oron","name":"Oron","parentId":"akwa-ibom","level":"lga"},"geometry":{"type":"Polygon","coordinates":[[[8.300925403433826,4.772710697557678],[8.224572359561343,4.778000241887495],[8.180942048777066,4.792105693433674],[8.21457374667328,4.861751360442933],[8.183668943201083,4.8943702171434715],[8.195485485705158,4.954318386214732],[8.222754429945331,4.934041799617099],[8.27456542400166,4.854698634669844],[8.309106086705878,4.804447963536581],[8.300925403433826,4.772710697557678]]]}},{"type":"Feature","id":"bakassi","properties":{"id":"bakassi","name":"Bakassi","parentId":"cross-river","level":"lga"},"geometry":{"type":"Polygon","coordinates":[[[8.396366708274432,4.780645014052404],[8.410001180394518,4.825606140855849],[8.474537681762929,4.850290681061662],[8.504533520427119,4.842356364566937],[8.584522423531626,4.854698634669844],[8.614518262195816,4.896133398586744],[8.604519649307752,4.868804086216023],[8.628152734315902,4.8220797779693045],[8.545436936787377,4.8026847820933085],[8.522712816587234,4.733920705805687],[8.480900435418969,4.688959579002241],[8.384550165770357,4.753315701681682],[8.396366708274432,4.780645014052404]]]}},{"type":"Feature","id":"calabar-south","properties":{"id":"calabar-south","name":"Calabar South","parentId":"cross-river","level":"lga"},"geometry":{"type":"Polygon","coordinates":[[[8.355463291914173,4.98693724291527],[8.366370869610241,4.956081567658004],[8.337283995754056,4.870567267659295],[8.302743333049838,4.8441195460102096],[8.27456542400166,4.854698634669844],[8.222754429945331,4.934041799617099],[8.301834368241831,4.98693724291527],[8.355463291914173,4.98693724291527]]]}},{"type":"Feature","id":"udung-uko","properties":{"id":"udung-uko","name":"Udung Uko","parentId":"akwa-ibom","level":"lga"},"geometry":{"type":"Polygon","coordinates":[[[8.224572359561343,4.778000241887495],[8.300925403433826,4.772710697557678],[8.320013664401948,4.715407300651327],[8.278201283233683,4.726867980032598],[8.201848239361198,4.704828211991693],[8.206393063401226,4.769184334671134],[8.224572359561343,4.778000241887495]]]}},{"type":"Feature","id":"southern-ijaw","properties":{"id":"southern-ijaw","name":"Southern Ijaw","parentId":"bayelsa","level":"lga"},"geometry":{"type":"Polygon","coordinates":[[[5.532218598248262,4.75155252023841],[5.626750938280861,4.730394342919142],[5.648566093673,4.774473879000951],[5.690378474841265,4.778881832609132],[5.827632160850136,4.816790233639487],[5.992154791099179,4.892607035700199],[5.989427896675162,4.814145461474579],[6.061236116507617,4.817671824361124],[6.090322990363802,4.977239744977273],[6.054873362851577,5.0389510954918055],[6.074870588627704,5.060109272811074],[6.116682969795969,4.992226787245087],[6.141225019612126,4.998397922296541],[6.147587773268166,4.940212934668553],[6.156677421348223,4.849409090340027],[6.238484254068743,4.852053862504935],[6.206670485788541,4.7718291068360426],[6.202125661748511,4.642235270755524],[6.159404315772241,4.566418468694812],[6.07577955343571,4.4879568944691925],[5.994881685523197,4.452693265603745],[5.953069304354932,4.369823737769944],[5.843084562586234,4.402442594470483],[5.700377087729328,4.517049388283186],[5.635840586360919,4.598155734673715],[5.532218598248262,4.75155252023841]]]}},{"type":"Feature","id":"iwajowa","properties":{"id":"iwajowa","name":"Iwajowa","parentId":"oyo","level":"lga"},"geometry":{"type":"Polygon","coordinates":[[[3.353429953458439,7.8362384552434055],[3.2825306984339893,7.780698239780326],[3.244354176497747,7.7718823325639645],[3.135278399537055,7.808909142872684],[3.1407321883850896,7.853870269676129],[3.0834674054807265,7.8750284469953975],[3.048926742776507,7.867975721222308],[3.0325653762324034,7.795685282048142],[2.9816633469840808,7.807145961429411],[2.960757156399948,7.744553020193242],[2.886222042143475,7.7692375603990556],[2.8807682532954404,7.857396632562674],[2.9071282327276076,7.912936848025753],[2.7935076317268868,7.942029341839747],[2.777146265182783,7.905002531531028],[2.7126097638143736,7.852107088232857],[2.692612538038247,7.9067657129743],[2.727153200742466,8.108649988228986],[2.7535131801746333,8.206506558330602],[2.746241461710587,8.228546326371506],[2.869860675599371,8.259402001628771],[2.8962206550315384,8.245296550082593],[2.9598481915919423,8.262046773793681],[3.027111587384369,8.219730419155145],[3.1152811737609283,8.212677693382055],[3.135278399537055,8.133334528434798],[3.201632830521476,8.120110667610255],[3.229810739569655,8.07074158719863],[3.248899000537776,8.018727734622095],[3.287984487282024,7.994924785137918],[3.270714155929914,7.951726839777745],[3.3243430796022544,7.851225497511221],[3.353429953458439,7.8362384552434055]]]}},{"type":"Feature","id":"ibarapa-north","properties":{"id":"ibarapa-north","name":"Ibarapa North","parentId":"oyo","level":"lga"},"geometry":{"type":"Polygon","coordinates":[[[3.0325653762324034,7.795685282048142],[3.048926742776507,7.867975721222308],[3.0834674054807265,7.8750284469953975],[3.1407321883850896,7.853870269676129],[3.135278399537055,7.808909142872684],[3.244354176497747,7.7718823325639645],[3.2825306984339893,7.780698239780326],[3.2752589799699434,7.7313291593687],[3.3207072203702315,7.718105298544158],[3.356156847882456,7.640525315040174],[3.3597927071144795,7.547958289268374],[3.341613410954364,7.501233981021657],[3.313435501906185,7.47743103153748],[3.285257592858007,7.507405116073111],[3.19436111205743,7.53032647483565],[3.1852714639773723,7.469496715042755],[3.1289156458810146,7.442167402672033],[3.0752867222086744,7.452746491331667],[3.064379144512605,7.519747386176016],[3.007114361608242,7.5558926057631],[2.972573698904023,7.611432821226179],[3.0007516079522016,7.661683492359442],[3.0325653762324034,7.795685282048142]]]}},{"type":"Feature","id":"okrika","properties":{"id":"okrika","name":"Okrika","parentId":"rivers","level":"lga"},"geometry":{"type":"Polygon","coordinates":[[[6.98383539663347,4.616669139828074],[6.963838170857343,4.685433216115697],[6.984744361441477,4.703946621270057],[6.9883802206735,4.761250018176408],[7.042918109153845,4.748907748073502],[7.06109740531396,4.80709273570149],[7.073822912626042,4.816790233639487],[7.119271153026331,4.767421153227861],[7.121998047450347,4.7021834398267846],[7.123815977066359,4.669564583126245],[7.170173182274652,4.604326869725168],[7.177444900738699,4.529391658386093],[7.159265604578584,4.463272354263379],[7.044736038769857,4.436824632614294],[7.0238298481857235,4.441232586222474],[6.98383539663347,4.616669139828074]]]}},{"type":"Feature","id":"imeko-afon","properties":{"id":"imeko-afon","name":"Imeko Afon","parentId":"ogun","level":"lga"},"geometry":{"type":"Polygon","coordinates":[[[2.7126097638143736,7.852107088232857],[2.777146265182783,7.905002531531028],[2.7935076317268868,7.942029341839747],[2.9071282327276076,7.912936848025753],[2.8807682532954404,7.857396632562674],[2.886222042143475,7.7692375603990556],[2.960757156399948,7.744553020193242],[2.9816633469840808,7.807145961429411],[3.0325653762324034,7.795685282048142],[3.0007516079522016,7.661683492359442],[2.972573698904023,7.611432821226179],[3.007114361608242,7.5558926057631],[3.064379144512605,7.519747386176016],[3.0752867222086744,7.452746491331667],[3.019839868920323,7.430706723290763],[3.0180219393043113,7.361061056281504],[2.995297819104167,7.341666060405508],[2.924398564079717,7.367232191332958],[2.914399951191654,7.342547651127145],[2.9543944027439077,7.30199447793188],[2.938033036199804,7.260559714014979],[2.8734965348313946,7.265849258344797],[2.841682766551193,7.334613334632419],[2.774419370758766,7.356653102673324],[2.7362428488225237,7.317863110921332],[2.716245623046397,7.598208960401637],[2.742605602478564,7.782461421223599],[2.7126097638143736,7.852107088232857]]]}},{"type":"Feature","id":"ibeno","properties":{"id":"ibeno","name":"Ibeno","parentId":"akwa-ibom","level":"lga"},"geometry":{"type":"Polygon","coordinates":[[[7.810993371918718,4.5188125697264585],[7.804630618262678,4.570826422302994],[7.901889852719295,4.56465528725154],[7.944611198695565,4.5602473336433595],[8.002784946407935,4.60168209756026],[8.137311737992789,4.60168209756026],[8.217300641097296,4.59462937178717],[8.248205444569491,4.561128924364995],[8.300925403433826,4.5549577893135424],[8.291835755353768,4.536444384159182],[8.17548825992903,4.544378700653908],[8.02732699622409,4.542615519210636],[7.810993371918718,4.5188125697264585]]]}},{"type":"Feature","id":"nembe","properties":{"id":"nembe","name":"Nembe","parentId":"bayelsa","level":"lga"},"geometry":{"type":"MultiPolygon","coordinates":[[[[6.540260570326657,4.501180755293735],[6.524808168590559,4.469443489314832],[6.502084048390414,4.4800225779744665],[6.486631646654317,4.556720970756815],[6.508446802046455,4.561128924364995],[6.540260570326657,4.501180755293735]]],[[[6.159404315772241,4.566418468694812],[6.202125661748511,4.642235270755524],[6.293022142549088,4.662511857353156],[6.338470382949376,4.621077093436256],[6.386645517773681,4.620195502714619],[6.393008271429722,4.584050283127536],[6.438456511830011,4.500299164572099],[6.444819265486052,4.404205775913756],[6.427548934133942,4.385692370759395],[6.35483174949348,4.365415784161764],[6.2821145648530194,4.375113282099761],[6.239393218876748,4.399797822305574],[6.151223632500189,4.462390763541743],[6.159404315772241,4.566418468694812]]]]}},{"type":"Feature","id":"ilaje","properties":{"id":"ilaje","name":"Ilaje","parentId":"ondo","level":"lga"},"geometry":{"type":"Polygon","coordinates":[[[4.976841100556738,5.887922960427447],[4.84776809781992,6.0280958851676],[4.749599898555296,6.120662910939398],[4.692335115650933,6.160334493413027],[4.615073106970443,6.235269704752102],[4.483273209809607,6.326073549080629],[4.572351760994172,6.2969810552666345],[4.59871174042634,6.3666267222758925],[4.535084203865935,6.408061486192793],[4.559626253682091,6.451259431552966],[4.56417107772212,6.49886533052132],[4.60507449408238,6.4918126047482305],[4.65870341775472,6.42745648206879],[4.700515798922985,6.3974823975331585],[4.752326792979314,6.393956034646614],[4.8359515553158445,6.414232621244246],[4.855039816283965,6.430982844955334],[4.865038429172029,6.438035570728424],[4.849586027435931,6.371034675884074],[4.865947393980035,6.315494460420995],[4.832315696083821,6.261717426401187],[4.853221886667954,6.207058801659744],[4.91412252880434,6.14358426970194],[4.945027332276537,6.08099132846577],[4.976841100556738,6.053662016095049],[5.00865486883694,6.062477923311411],[5.046831390773182,6.014872024343057],[4.976841100556738,5.887922960427447]]]}},{"type":"Feature","id":"brass","properties":{"id":"brass","name":"Brass","parentId":"bayelsa","level":"lga"},"geometry":{"type":"MultiPolygon","coordinates":[[[[5.843084562586234,4.402442594470483],[5.953069304354932,4.369823737769944],[5.994881685523197,4.452693265603745],[6.07577955343571,4.4879568944691925],[6.159404315772241,4.566418468694812],[6.151223632500189,4.462390763541743],[6.239393218876748,4.399797822305574],[6.213942204252586,4.331033746017952],[6.220304957908627,4.279019893441418],[6.0875960959397855,4.270203986225056],[5.977611354171087,4.312520340863593],[5.963976882051,4.334560108904497],[5.843084562586234,4.402442594470483]]],[[[6.540260570326657,4.501180755293735],[6.508446802046455,4.561128924364995],[6.486631646654317,4.556720970756815],[6.502084048390414,4.4800225779744665],[6.524808168590559,4.469443489314832],[6.512082661278478,4.380402826429578],[6.549350218406714,4.324862610966499],[6.412096532397843,4.305467615090503],[6.254845620612846,4.289598982101052],[6.233939430028713,4.298414889317414],[6.2821145648530194,4.375113282099761],[6.35483174949348,4.365415784161764],[6.427548934133942,4.385692370759395],[6.444819265486052,4.404205775913756],[6.438456511830011,4.500299164572099],[6.393008271429722,4.584050283127536],[6.386645517773681,4.620195502714619],[6.461180632030155,4.7136441192080545],[6.527535063014575,4.753315701681682],[6.607523966119084,4.746262975908593],[6.57389226822287,4.704828211991693],[6.512082661278478,4.64311686147716],[6.548441253598709,4.586695055292445],[6.560257796102784,4.5408523377673635],[6.540260570326657,4.501180755293735]]]]}},{"type":"Feature","id":"warri-north","properties":{"id":"warri-north","name":"Warri North","parentId":"delta","level":"lga"},"geometry":{"type":"Polygon","coordinates":[[[4.976841100556738,5.887922960427447],[5.046831390773182,6.014872024343057],[5.101369279253529,6.125070864547579],[5.1340920123417355,6.1691504006293885],[5.216807809870261,6.1356499532072135],[5.234987106030376,6.073057011971045],[5.270436733542601,6.054543606816685],[5.248621578150463,5.98401634908579],[5.275890522390635,5.906436365581807],[5.304977396246819,5.917015454241441],[5.35860631991916,5.969910897539611],[5.3277015164469645,6.018398387229602],[5.4131442083995065,6.021043159394511],[5.443140047063697,6.041319745992142],[5.4740448505358925,6.0272142944459635],[5.469500026495863,5.93112090578762],[5.547670999984359,5.886159778984174],[5.54312617594433,5.840317061459093],[5.570395120184504,5.778605710944561],[5.5413082463283185,5.770671394449835],[5.464046237647829,5.805053432593645],[5.454956589567772,5.825330019191278],[5.381330440119305,5.823566837748006],[5.331337375678987,5.786540027439286],[5.338609094143033,5.723065495481481],[5.434050398983638,5.708960043935303],[5.434959363791645,5.652538237750587],[5.39950973627942,5.6375511954827715],[5.387693193775345,5.608458701668778],[5.351334601455114,5.596116431565871],[5.301341537014797,5.613748245998595],[5.227715387566329,5.619037790328412],[5.1704506046619665,5.593471659400962],[5.1213665050296555,5.642840739812589],[5.067737581357315,5.766263440841654],[4.976841100556738,5.887922960427447]]]}},{"type":"Feature","id":"ese-odo","properties":{"id":"ese-odo","name":"Ese Odo","parentId":"ondo","level":"lga"},"geometry":{"type":"Polygon","coordinates":[[[5.046831390773182,6.014872024343057],[5.00865486883694,6.062477923311411],[4.976841100556738,6.053662016095049],[4.945027332276537,6.08099132846577],[4.91412252880434,6.14358426970194],[4.853221886667954,6.207058801659744],[4.832315696083821,6.261717426401187],[4.865947393980035,6.315494460420995],[4.849586027435931,6.371034675884074],[4.865038429172029,6.438035570728424],[4.9268480361164215,6.446851477944785],[4.956843874780612,6.352521270729714],[5.015926587300986,6.292573101658453],[5.063192757317286,6.248493565576645],[5.089552736749454,6.200887666608291],[5.1340920123417355,6.1691504006293885],[5.101369279253529,6.125070864547579],[5.046831390773182,6.014872024343057]]]}},{"type":"Feature","id":"jalingo","properties":{"id":"jalingo","name":"Jalingo","parentId":"taraba","level":"lga"},"geometry":{"type":"Polygon","coordinates":[[[11.443216744709762,8.80951461192975],[11.428673307781668,8.829791198527381],[11.336867862173087,8.895910502650095],[11.324142354861007,8.919713452134271],[11.259605853492596,8.93646367584536],[11.229610014828406,8.9593850346079],[11.218702437132338,9.015806840792614],[11.264150677532626,9.056360013987879],[11.335958897365082,8.992003891308439],[11.389587821037422,8.969964123267534],[11.393223680269445,8.917950270690998],[11.480484301837999,8.834199152135561],[11.443216744709762,8.80951461192975]]]}},{"type":"Feature","id":"burutu","properties":{"id":"burutu","name":"Burutu","parentId":"delta","level":"lga"},"geometry":{"type":"MultiPolygon","coordinates":[[[[5.881261084522476,5.109478353222699],[5.869444542018401,5.070688361470708],[5.791273568529904,5.085675403738523],[5.779457026025829,5.058346091367801],[5.730372926393518,5.054819728481256],[5.710375700617392,5.02396405322399],[5.633113691936901,5.018674508894173],[5.584938557112595,5.054819728481256],[5.551306859216383,5.055701319202893],[5.511312407664128,5.088320175903431],[5.464955202455835,5.097136083119793],[5.448593835911731,5.133281302706877],[5.387693193775345,5.138570847036694],[5.35224356626312,5.167663340850687],[5.320429797982918,5.354560573837558],[5.466773132071847,5.371310797548645],[5.526764809400227,5.407456017135729],[5.594937170000659,5.377481932600098],[5.70219501734534,5.410100789300637],[5.728554996777508,5.328112852188473],[5.747643257745628,5.273454227447029],[5.812179759114038,5.247006505797944],[5.758550835441698,5.209979695489224],[5.800363216609963,5.187058336726683],[5.879443154906465,5.176479248067049],[5.881261084522476,5.109478353222699]]],[[[5.4313235045596215,5.385416249094824],[5.354970460687137,5.389824202703005],[5.226806422758324,5.451535553217537],[5.300432572206791,5.467404186206989],[5.4313235045596215,5.385416249094824]]]]}},{"type":"Feature","id":"girei","properties":{"id":"girei","name":"Girei","parentId":"adamawa","level":"lga"},"geometry":{"type":"Polygon","coordinates":[[[12.601237910109107,9.248546791304566],[12.511250394116537,9.23355974903675],[12.492162133148415,9.262652242850745],[12.440351139092087,9.289099964499831],[12.385813250611742,9.341995407798002],[12.354908447139545,9.390482897487992],[12.34309190463547,9.446023112951071],[12.272192649611021,9.521839915011782],[12.331275362131395,9.541234910887779],[12.392176004267782,9.607354215010492],[12.47852766102833,9.611762168618672],[12.648504080125408,9.562393088207047],[12.563970352980872,9.428391298518347],[12.618508241461218,9.38166699027163],[12.587603437989022,9.32171882120037],[12.649413044933414,9.299679053159466],[12.601237910109107,9.248546791304566]]]}},{"type":"Feature","id":"yorro","properties":{"id":"yorro","name":"Yorro","parentId":"taraba","level":"lga"},"geometry":{"type":"Polygon","coordinates":[[[11.443216744709762,8.80951461192975],[11.480484301837999,8.834199152135561],[11.393223680269445,8.917950270690998],[11.389587821037422,8.969964123267534],[11.335958897365082,8.992003891308439],[11.420492624509617,9.073991828420603],[11.513207034926205,9.069583874812423],[11.592286973222707,9.133058406770228],[11.698635855759383,9.14363749542986],[11.710452398263458,9.071347056255695],[11.657732439399123,9.027267520173886],[11.573198712254586,8.99376707275171],[11.557746310518489,8.958503443886263],[11.626827635926926,8.875633916052461],[11.6540965801671,8.776014164507574],[11.693182066911348,8.717829176879587],[11.743175131351665,8.677276003684321],[11.788623371751953,8.64113078409724],[11.757718568279756,8.61732783461306],[11.675002770751233,8.657881007808326],[11.607739374958806,8.677276003684321],[11.53138633108632,8.666696915024687],[11.443216744709762,8.80951461192975]]]}},{"type":"Feature","id":"ardo-kola","properties":{"id":"ardo-kola","name":"Ardo-Kola","parentId":"taraba","level":"lga"},"geometry":{"type":"Polygon","coordinates":[[[11.218702437132338,9.015806840792614],[11.229610014828406,8.9593850346079],[11.259605853492596,8.93646367584536],[11.324142354861007,8.919713452134271],[11.336867862173087,8.895910502650095],[11.428673307781668,8.829791198527381],[11.443216744709762,8.80951461192975],[11.53138633108632,8.666696915024687],[11.468667759333924,8.651709872756872],[11.344139580637133,8.718710767601223],[11.278694114460718,8.6913814552305],[11.255969994260573,8.634959649045786],[11.275967220036701,8.588235340799066],[11.234154838868434,8.570603526366344],[11.165073513459998,8.591761703685613],[11.11053562497965,8.63143328615924],[11.032364651491156,8.677276003684321],[11.032364651491156,8.72400031193104],[10.997823988786935,8.762790303683031],[10.891475106250262,8.8253832449192],[10.966010220506734,9.020214794400797],[11.01418535533104,9.084570917080237],[11.060542560539334,9.123360908832229],[11.12598802671575,9.043136153163337],[11.218702437132338,9.015806840792614]]]}},{"type":"Feature","id":"yola-north","properties":{"id":"yola-north","name":"Yola North","parentId":"adamawa","level":"lga"},"geometry":{"type":"Polygon","coordinates":[[[12.440351139092087,9.289099964499831],[12.492162133148415,9.262652242850745],[12.511250394116537,9.23355974903675],[12.496706957188445,9.220335888212208],[12.39672082830781,9.221217478933845],[12.41399115965992,9.29174473666474],[12.440351139092087,9.289099964499831]]]}},{"type":"Feature","id":"yola-south","properties":{"id":"yola-south","name":"Yola South","parentId":"adamawa","level":"lga"},"geometry":{"type":"Polygon","coordinates":[[[12.511250394116537,9.23355974903675],[12.601237910109107,9.248546791304566],[12.609418593381161,9.186835440790034],[12.572151036252924,9.099557959348052],[12.410355300427897,9.119834545945684],[12.364907060027608,9.108373866564413],[12.345818799059488,9.131295225326955],[12.375814637723678,9.167440444914039],[12.327639502899373,9.230033386150208],[12.263103001530963,9.260889061407473],[12.21220097228264,9.234441339758387],[12.155845154186283,9.241494065531477],[12.11585070263403,9.274112922232016],[12.078583145505792,9.267060196458926],[12.077674180697787,9.315547686148916],[12.104943124937959,9.364035175838907],[12.16311687265033,9.375495855220176],[12.231289233250761,9.369324720168724],[12.26582989595498,9.433680842848165],[12.31945881962732,9.438088796456345],[12.354908447139545,9.390482897487992],[12.385813250611742,9.341995407798002],[12.440351139092087,9.289099964499831],[12.41399115965992,9.29174473666474],[12.39672082830781,9.221217478933845],[12.496706957188445,9.220335888212208],[12.511250394116537,9.23355974903675]]]}},{"type":"Feature","id":"mbo","properties":{"id":"mbo","name":"Mbo","parentId":"akwa-ibom","level":"lga"},"geometry":{"type":"Polygon","coordinates":[[[8.201848239361198,4.704828211991693],[8.278201283233683,4.726867980032598],[8.320013664401948,4.715407300651327],[8.343646749410098,4.606971641890077],[8.300925403433826,4.5549577893135424],[8.248205444569491,4.561128924364995],[8.217300641097296,4.59462937178717],[8.137311737992789,4.60168209756026],[8.154582069344897,4.666919810961337],[8.201848239361198,4.704828211991693]]]}},{"type":"Feature","id":"lau","properties":{"id":"lau","name":"Lau","parentId":"taraba","level":"lga"},"geometry":{"type":"Polygon","coordinates":[[[11.335958897365082,8.992003891308439],[11.264150677532626,9.056360013987879],[11.218702437132338,9.015806840792614],[11.12598802671575,9.043136153163337],[11.060542560539334,9.123360908832229],[11.130532850755777,9.168322035635674],[11.260514818300603,9.209756799552576],[11.306872023508896,9.274112922232016],[11.443216744709762,9.355219268622545],[11.490482914726062,9.366679948003814],[11.520478753390252,9.403706758312534],[11.524114612622276,9.395772441817808],[11.530477366278316,9.32612677480855],[11.598649726878747,9.301442234602737],[11.639553143239008,9.306731778932555],[11.687728278063313,9.229151795428571],[11.67772966517525,9.21063839027421],[11.698635855759383,9.14363749542986],[11.592286973222707,9.133058406770228],[11.513207034926205,9.069583874812423],[11.420492624509617,9.073991828420603],[11.335958897365082,8.992003891308439]]]}},{"type":"Feature","id":"ibarapa-central","properties":{"id":"ibarapa-central","name":"Ibarapa Central","parentId":"oyo","level":"lga"},"geometry":{"type":"Polygon","coordinates":[[[3.0752867222086744,7.452746491331667],[3.1289156458810146,7.442167402672033],[3.1852714639773723,7.469496715042755],[3.19436111205743,7.53032647483565],[3.285257592858007,7.507405116073111],[3.313435501906185,7.47743103153748],[3.341613410954364,7.501233981021657],[3.3988781938587276,7.443930584115305],[3.3861526865466467,7.401614229476769],[3.3061637834421393,7.314336748034787],[3.257079683809828,7.363705828446413],[3.1698190622412743,7.373403326384411],[3.1152811737609283,7.4077853645282215],[3.0752867222086744,7.452746491331667]]]}},{"type":"Feature","id":"abeokuta-north","properties":{"id":"abeokuta-north","name":"Abeokuta North","parentId":"ogun","level":"lga"},"geometry":{"type":"Polygon","coordinates":[[[2.995297819104167,7.341666060405508],[3.0180219393043113,7.361061056281504],[3.019839868920323,7.430706723290763],[3.0752867222086744,7.452746491331667],[3.1152811737609283,7.4077853645282215],[3.1698190622412743,7.373403326384411],[3.216176267449568,7.278191528447703],[3.2625334726578625,7.252625397520254],[3.314344466714191,7.252625397520254],[3.3161623963302027,7.220888131541352],[3.354338918266445,7.194440409892266],[3.3316147980663007,7.135373831542642],[3.3061637834421393,7.117742017109919],[3.2398093524577183,7.06660975525502],[3.1270977162650033,7.061320210925203],[3.1380052939610725,7.1318474686560975],[3.0952839479848016,7.1679926882431815],[3.0989198072168245,7.234111992365895],[3.0843763702887323,7.272901984117887],[3.021657798536334,7.30199447793188],[2.995297819104167,7.341666060405508]]]}},{"type":"Feature","id":"bonny","properties":{"id":"bonny","name":"Bonny","parentId":"rivers","level":"lga"},"geometry":{"type":"Polygon","coordinates":[[[7.261978627883234,4.5020623460153715],[7.32742409405965,4.50470711818028],[7.324697199635633,4.439469404779202],[7.328333058867656,4.416548046016662],[7.215621422674941,4.380402826429578],[7.131996660338411,4.385692370759395],[7.134723554762427,4.4103769109652085],[7.217439352290953,4.520575751169731],[7.216530387482948,4.545260291375544],[7.261978627883234,4.5020623460153715]]]}},{"type":"Feature","id":"warri-south-west","properties":{"id":"warri-south-west","name":"Warri South-West","parentId":"delta","level":"lga"},"geometry":{"type":"MultiPolygon","coordinates":[[[[5.70219501734534,5.410100789300637],[5.594937170000659,5.377481932600098],[5.526764809400227,5.407456017135729],[5.507676548432106,5.443601236722812],[5.51949309093618,5.500904633629164],[5.599481994040689,5.51324690373207],[5.6385674807849355,5.502667815072436],[5.673108143489156,5.466522595485353],[5.750370152169646,5.491207135691166],[5.788546674105888,5.4427196460011755],[5.70219501734534,5.410100789300637]]],[[[5.4313235045596215,5.385416249094824],[5.300432572206791,5.467404186206989],[5.226806422758324,5.451535553217537],[5.15681613254188,5.5370498532162475],[5.207718161790202,5.5987612037307795],[5.28770706489471,5.599642794452416],[5.39314698262338,5.588182115071145],[5.417689032439535,5.6401959676476805],[5.466773132071847,5.631380060431319],[5.5104034428561235,5.596116431565871],[5.582211662688579,5.514128494453706],[5.509494478048117,5.500904633629164],[5.472226920919881,5.399521700641003],[5.4313235045596215,5.385416249094824]]],[[[5.434959363791645,5.652538237750587],[5.434050398983638,5.708960043935303],[5.338609094143033,5.723065495481481],[5.331337375678987,5.786540027439286],[5.381330440119305,5.823566837748006],[5.454956589567772,5.825330019191278],[5.464046237647829,5.805053432593645],[5.5413082463283185,5.770671394449835],[5.504040689200083,5.738934128470932],[5.526764809400227,5.694854592389124],[5.485861393039968,5.631380060431319],[5.434959363791645,5.652538237750587]]]]}},{"type":"Feature","id":"warri-south","properties":{"id":"warri-south","name":"Warri South","parentId":"delta","level":"lga"},"geometry":{"type":"Polygon","coordinates":[[[5.5413082463283185,5.770671394449835],[5.570395120184504,5.778605710944561],[5.6012999236567,5.732762993419479],[5.650384023289011,5.701025727440577],[5.692196404457277,5.662235735688585],[5.655837812137046,5.614629836720231],[5.705830876577362,5.582010980019692],[5.7776390964098185,5.541457806824428],[5.784001850065859,5.515891675896979],[5.750370152169646,5.491207135691166],[5.673108143489156,5.466522595485353],[5.6385674807849355,5.502667815072436],[5.599481994040689,5.51324690373207],[5.582211662688579,5.514128494453706],[5.5104034428561235,5.596116431565871],[5.485861393039968,5.631380060431319],[5.526764809400227,5.694854592389124],[5.504040689200083,5.738934128470932],[5.5413082463283185,5.770671394449835]]]}},{"type":"Feature","id":"akuku-toru","properties":{"id":"akuku-toru","name":"Akuku Toru","parentId":"rivers","level":"lga"},"geometry":{"type":"Polygon","coordinates":[[[6.7929527869522595,4.727749570754233],[6.7865900332962195,4.666038220239701],[6.838401027352548,4.618432321271347],[6.813858977536393,4.577879148076082],[6.8165858719604095,4.5020623460153715],[6.858398253128675,4.398034640862302],[6.874759619672778,4.3574814676670375],[6.762956948288069,4.3460207882857675],[6.693875622879631,4.330152155296316],[6.549350218406714,4.324862610966499],[6.512082661278478,4.380402826429578],[6.524808168590559,4.469443489314832],[6.540260570326657,4.501180755293735],[6.560257796102784,4.5408523377673635],[6.548441253598709,4.586695055292445],[6.512082661278478,4.64311686147716],[6.57389226822287,4.704828211991693],[6.623885332663187,4.734802296527323],[6.734779039239891,4.767421153227861],[6.741141792895931,4.825606140855849],[6.784772103680208,4.820316596526032],[6.775682455600149,4.747144566630229],[6.7929527869522595,4.727749570754233]]]}},{"type":"Feature","id":"isokan","properties":{"id":"isokan","name":"Isokan","parentId":"osun","level":"lga"},"geometry":{"type":"Polygon","coordinates":[[[4.082419729479064,7.200611544943719],[4.125141075455335,7.257914941850071],[4.12605004026334,7.311691975869879],[4.135139688343399,7.403377410920041],[4.153318984503514,7.369876963497866],[4.243306500496084,7.348718786178598],[4.287845776088367,7.301112887210245],[4.260576831848194,7.241164718138984],[4.146047266039467,7.202374726386992],[4.082419729479064,7.200611544943719]]]}},{"type":"Feature","id":"irewole","properties":{"id":"irewole","name":"Irewole","parentId":"osun","level":"lga"},"geometry":{"type":"Polygon","coordinates":[[[4.287845776088367,7.301112887210245],[4.243306500496084,7.348718786178598],[4.153318984503514,7.369876963497866],[4.135139688343399,7.403377410920041],[4.13695761795941,7.458917626383121],[4.148774160463485,7.47743103153748],[4.173316210279641,7.493299664526932],[4.294208529744408,7.471259896486027],[4.293299564936402,7.438641039785488],[4.320568509176574,7.3804560521575],[4.287845776088367,7.301112887210245]]]}},{"type":"Feature","id":"essien-udim","properties":{"id":"essien-udim","name":"Essien Udim","parentId":"akwa-ibom","level":"lga"},"geometry":{"type":"Polygon","coordinates":[[[7.684647263605916,5.043359049099986],[7.621928691853519,5.0195560996158095],[7.603749395693404,5.04953018415144],[7.54648461278904,5.0865569944601585],[7.538303929516989,5.101544036727974],[7.532850140668954,5.1729528851805044],[7.5637549441411505,5.165018568685779],[7.651015565709704,5.175597657345413],[7.718278961502129,5.142978800644874],[7.754637553822361,5.1420972099232385],[7.787360286910568,5.09096494806834],[7.726459644774183,5.076859496522161],[7.684647263605916,5.043359049099986]]]}},{"type":"Feature","id":"onna","properties":{"id":"onna","name":"Onna","parentId":"akwa-ibom","level":"lga"},"geometry":{"type":"Polygon","coordinates":[[[7.901889852719295,4.56465528725154],[7.804630618262678,4.570826422302994],[7.8237188792308,4.6607486759098835],[7.802812688646666,4.720696844981144],[7.875529873287128,4.676617308899335],[7.901889852719295,4.56465528725154]]]}},{"type":"Feature","id":"udenu","properties":{"id":"udenu","name":"Udenu","parentId":"enugu","level":"lga"},"geometry":{"type":"Polygon","coordinates":[[[7.688283122837939,6.852383209897429],[7.670103826677824,6.816237990310345],[7.621019727045512,6.841804121237795],[7.604658360501409,6.780974361444898],[7.569208732989184,6.803895720207438],[7.45831502641248,6.824172306805071],[7.422865398900257,6.863843889278698],[7.481039146612625,6.885002066597966],[7.4846750058446485,6.920265695463414],[7.555574260869097,6.980213864534674],[7.577389416261235,6.932607965566321],[7.620110762237507,6.919384104741778],[7.658287284173749,6.868251842886879],[7.688283122837939,6.852383209897429]]]}},{"type":"Feature","id":"ogu-bolo","properties":{"id":"ogu-bolo","name":"Ogu Bolo","parentId":"rivers","level":"lga"},"geometry":{"type":"Polygon","coordinates":[[[7.281975853659363,4.5602473336433595],[7.261978627883234,4.5020623460153715],[7.216530387482948,4.545260291375544],[7.190170408050779,4.609616414054985],[7.152902850922542,4.659867085188248],[7.123815977066359,4.669564583126245],[7.121998047450347,4.7021834398267846],[7.189261443242774,4.740973431578777],[7.233800718835056,4.695130714053695],[7.235618648451068,4.626366637766073],[7.281975853659363,4.5602473336433595]]]}},{"type":"Feature","id":"enugu-south","properties":{"id":"enugu-south","name":"Enugu South","parentId":"enugu","level":"lga"},"geometry":{"type":"Polygon","coordinates":[[[7.579207345877247,6.393956034646614],[7.556483225677104,6.361337177946076],[7.461041920836498,6.3789689923788],[7.46922260410855,6.416877393409155],[7.537394964708982,6.423048528460608],[7.540121859133,6.454785794439511],[7.592841817997334,6.43186443567697],[7.579207345877247,6.393956034646614]]]}},{"type":"Feature","id":"ikot-ekpene","properties":{"id":"ikot-ekpene","name":"Ikot Ekpene","parentId":"akwa-ibom","level":"lga"},"geometry":{"type":"Polygon","coordinates":[[[7.754637553822361,5.1420972099232385],[7.718278961502129,5.142978800644874],[7.651015565709704,5.175597657345413],[7.647379706477681,5.22937469136522],[7.721914820734153,5.276980590333574],[7.7709989203664644,5.223203556313766],[7.754637553822361,5.1420972099232385]]]}},{"type":"Feature","id":"nsit-ubium","properties":{"id":"nsit-ubium","name":"Nsit Ubium","parentId":"akwa-ibom","level":"lga"},"geometry":{"type":"Polygon","coordinates":[[[8.051869046040247,4.7497893387951375],[8.06186765892831,4.697775486218603],[8.034598714688137,4.681906853229152],[7.965517389279698,4.689841169723878],[7.934612585807502,4.723341617146053],[7.8918912398312315,4.7136441192080545],[7.874620908479121,4.720696844981144],[7.875529873287128,4.798276828485128],[7.92643190253545,4.8220797779693045],[7.9764249669757685,4.837948410958756],[7.975516002167762,4.800921600650036],[8.021873207376055,4.75155252023841],[8.051869046040247,4.7497893387951375]]]}},{"type":"Feature","id":"urue-offongoruko","properties":{"id":"urue-offongoruko","name":"Urue Offong/Oruko","parentId":"akwa-ibom","level":"lga"},"geometry":{"type":"Polygon","coordinates":[[[8.180942048777066,4.792105693433674],[8.224572359561343,4.778000241887495],[8.206393063401226,4.769184334671134],[8.201848239361198,4.704828211991693],[8.154582069344897,4.666919810961337],[8.099135216056546,4.696012304775331],[8.127313125104726,4.772710697557678],[8.180942048777066,4.792105693433674]]]}},{"type":"Feature","id":"abak","properties":{"id":"abak","name":"Abak","parentId":"akwa-ibom","level":"lga"},"geometry":{"type":"Polygon","coordinates":[[[7.684647263605916,5.043359049099986],[7.726459644774183,5.076859496522161],[7.787360286910568,5.09096494806834],[7.829172668078833,5.039832686213441],[7.833717492118863,5.033661551161988],[7.829172668078833,4.986055652193635],[7.8237188792308,4.957844749101277],[7.8009947590306545,4.883791128483837],[7.790087181334586,4.881146356318929],[7.775543744406493,4.902304533638198],[7.790087181334586,4.9666606563176385],[7.757364448246378,4.998397922296541],[7.718278961502129,4.991345196523452],[7.684647263605916,5.043359049099986]]]}},{"type":"Feature","id":"nkanu-east","properties":{"id":"nkanu-east","name":"Nkanu East","parentId":"enugu","level":"lga"},"geometry":{"type":"Polygon","coordinates":[[[7.579207345877247,6.393956034646614],[7.592841817997334,6.43186443567697],[7.605567325309416,6.477707153202052],[7.648288671285686,6.509444419180954],[7.646470741669674,6.57027417897385],[7.704644489382044,6.5782084954685764],[7.726459644774183,6.559695090314216],[7.741912046510279,6.4944573769131395],[7.751001694590338,6.385140127430253],[7.721005855926148,6.331363093410445],[7.709189313422073,6.2775860593906385],[7.732822398430223,6.22645379753574],[7.726459644774183,6.114491775887945],[7.713734137462101,6.083636100630679],[7.669194861869819,6.0633595140330465],[7.614656973389472,6.14358426970194],[7.555574260869097,6.128597227434124],[7.534668070284965,6.174439944959206],[7.538303929516989,6.217637890319378],[7.560119084909127,6.267006970731004],[7.622837656661524,6.289928329493545],[7.639199023205629,6.3278367305239005],[7.56557287375716,6.341060591348444],[7.579207345877247,6.393956034646614]]]}},{"type":"Feature","id":"igbo-eze-south","properties":{"id":"igbo-eze-south","name":"Igbo-Eze-South","parentId":"enugu","level":"lga"},"geometry":{"type":"Polygon","coordinates":[[[7.4846750058446485,6.920265695463414],[7.481039146612625,6.885002066597966],[7.422865398900257,6.863843889278698],[7.3510571790678,6.92114728618505],[7.300155149819478,6.945831826390863],[7.329242023675661,6.984621818142855],[7.316516516363581,7.010187949070305],[7.3510571790678,7.033109307832845],[7.3755992288839565,6.980213864534674],[7.440135730252365,6.933489556287957],[7.4846750058446485,6.920265695463414]]]}},{"type":"Feature","id":"nsukka","properties":{"id":"nsukka","name":"Nsukka","parentId":"enugu","level":"lga"},"geometry":{"type":"Polygon","coordinates":[[[7.422865398900257,6.863843889278698],[7.45831502641248,6.824172306805071],[7.569208732989184,6.803895720207438],[7.604658360501409,6.780974361444898],[7.5946597476133455,6.743065960414542],[7.598295606845369,6.6557884789725605],[7.530123246244937,6.71573664804382],[7.461950885644503,6.7395395975279975],[7.414684715628203,6.768632091341991],[7.349239249451788,6.7227893738169096],[7.30197307943549,6.7368948253630885],[7.275613100003321,6.760697774847266],[7.305608938667511,6.847093665567611],[7.202895915362861,6.90263388103069],[7.241072437299103,6.971397957318313],[7.316516516363581,7.010187949070305],[7.329242023675661,6.984621818142855],[7.300155149819478,6.945831826390863],[7.3510571790678,6.92114728618505],[7.422865398900257,6.863843889278698]]]}},{"type":"Feature","id":"tai","properties":{"id":"tai","name":"Tai","parentId":"rivers","level":"lga"},"geometry":{"type":"Polygon","coordinates":[[[7.233800718835056,4.695130714053695],[7.189261443242774,4.740973431578777],[7.184716619202746,4.807974326423126],[7.250162085379161,4.822961368690941],[7.32742409405965,4.763013199619681],[7.33196891809968,4.71011775632151],[7.233800718835056,4.695130714053695]]]}},{"type":"Feature","id":"ife-north","properties":{"id":"ife-north","name":"Ife North","parentId":"osun","level":"lga"},"geometry":{"type":"Polygon","coordinates":[[[4.424190497289232,7.190914047005721],[4.397830517857065,7.2464542624688],[4.3987394826650705,7.346955604735325],[4.374197432848915,7.375166507827683],[4.3869229401609955,7.490654892362023],[4.413282919593163,7.5162210232894715],[4.438733934217325,7.58145873669055],[4.476910456153567,7.565590103701098],[4.4896359634656475,7.5144578418462],[4.476001491345561,7.475667850094208],[4.466002878457497,7.458917626383121],[4.5450828167539985,7.420127634631129],[4.513269048473797,7.353126739786779],[4.490544928273653,7.314336748034787],[4.495089752313682,7.269375621231342],[4.424190497289232,7.190914047005721]]]}},{"type":"Feature","id":"ayedade","properties":{"id":"ayedade","name":"Ayedade","parentId":"osun","level":"lga"},"geometry":{"type":"Polygon","coordinates":[[[4.082419729479064,7.200611544943719],[4.146047266039467,7.202374726386992],[4.260576831848194,7.241164718138984],[4.287845776088367,7.301112887210245],[4.320568509176574,7.3804560521575],[4.293299564936402,7.438641039785488],[4.294208529744408,7.471259896486027],[4.270575444736258,7.502997162464929],[4.298753353784436,7.5576557872063725],[4.346928488608742,7.584103508855458],[4.305116107440477,7.620248728442542],[4.329658157256633,7.635235770710357],[4.371470538424898,7.596445778958365],[4.48690906904163,7.621130319164178],[4.508724224433768,7.599090551123274],[4.476910456153567,7.565590103701098],[4.438733934217325,7.58145873669055],[4.413282919593163,7.5162210232894715],[4.3869229401609955,7.490654892362023],[4.374197432848915,7.375166507827683],[4.3987394826650705,7.346955604735325],[4.397830517857065,7.2464542624688],[4.424190497289232,7.190914047005721],[4.410556025169146,7.127439515047916],[4.3505643478407645,7.065728164533384],[4.342383664568713,7.068372936698292],[4.268757515120246,7.088649523295924],[4.197858260095796,7.048977940822296],[4.171498280663629,7.17063746040809],[4.0887824831351045,7.13361065009937],[4.082419729479064,7.200611544943719]]]}},{"type":"Feature","id":"ayedire","properties":{"id":"ayedire","name":"Ayedire","parentId":"osun","level":"lga"},"geometry":{"type":"Polygon","coordinates":[[[4.294208529744408,7.471259896486027],[4.173316210279641,7.493299664526932],[4.148774160463485,7.47743103153748],[4.15422794931152,7.568234875866007],[4.141502441999439,7.59291941607182],[4.247851324536113,7.640525315040174],[4.285118881664349,7.656393948029624],[4.305116107440477,7.620248728442542],[4.346928488608742,7.584103508855458],[4.298753353784436,7.5576557872063725],[4.270575444736258,7.502997162464929],[4.294208529744408,7.471259896486027]]]}},{"type":"Feature","id":"ahoada-east","properties":{"id":"ahoada-east","name":"Ahoada East","parentId":"rivers","level":"lga"},"geometry":{"type":"Polygon","coordinates":[[[6.667515643447464,4.888199082092019],[6.613886719775124,4.926107483122374],[6.608432930927089,4.977239744977273],[6.552986077638737,4.972831791369091],[6.576619162646887,5.026608825388899],[6.578437092262899,5.177360838788686],[6.684785974799573,5.2143876490974055],[6.675696326719516,5.179124020231958],[6.698420446919659,5.115649488274153],[6.722053531927809,5.105070399614519],[6.724780426351828,5.096254492398157],[6.699329411727666,5.055701319202893],[6.712054919039746,5.017792918172537],[6.672060467487492,4.987818833636907],[6.667515643447464,4.888199082092019]]]}},{"type":"Feature","id":"iseyin","properties":{"id":"iseyin","name":"Iseyin","parentId":"oyo","level":"lga"},"geometry":{"type":"Polygon","coordinates":[[[3.2825306984339893,7.780698239780326],[3.353429953458439,7.8362384552434055],[3.4406905750269927,7.9138184387473895],[3.465232624843148,7.967595472767196],[3.4579609063791024,8.04958340987936],[3.465232624843148,8.096307718126079],[3.5306780910195634,8.076912722250082],[3.575217366611846,8.092781355239534],[3.6043042404680308,8.180058836681516],[3.59157873315595,8.211796102660418],[3.6270283606681746,8.261165183072045],[3.6279373254761804,8.307007900597126],[3.659751093756382,8.315823807813487],[3.687929002804561,8.405746061420377],[3.797004779765253,8.342271529462574],[3.8569964570936337,8.327284487194758],[3.853360597861611,8.22325678204169],[3.809730287077334,8.13950566348625],[3.7361041376288666,8.06633363359045],[3.7415579264769017,8.021372506787003],[3.712471052620717,7.981700924313375],[3.747011715324936,7.860041404727582],[3.7333772432048495,7.800974826377958],[3.684293143572538,7.696065530503253],[3.631573184708204,7.710170982049432],[3.6088490645080595,7.7727639232856],[3.5779442610358636,7.795685282048142],[3.5424946335236385,7.741026657306698],[3.5388587742916155,7.703999846997979],[3.4525071175310678,7.6943023490599805],[3.356156847882456,7.640525315040174],[3.3207072203702315,7.718105298544158],[3.2752589799699434,7.7313291593687],[3.2825306984339893,7.780698239780326]]]}},{"type":"Feature","id":"itesiwaju","properties":{"id":"itesiwaju","name":"Itesiwaju","parentId":"oyo","level":"lga"},"geometry":{"type":"Polygon","coordinates":[[[3.229810739569655,8.07074158719863],[3.201632830521476,8.120110667610255],[3.135278399537055,8.133334528434798],[3.1152811737609283,8.212677693382055],[3.027111587384369,8.219730419155145],[2.9598481915919423,8.262046773793681],[2.8962206550315384,8.245296550082593],[2.869860675599371,8.259402001628771],[2.86804274598336,8.312297444926944],[2.9280344233117406,8.352850618122208],[2.9816633469840808,8.330810850081303],[3.0671060389366227,8.315823807813487],[3.1843624991693664,8.340508348019302],[3.1952700768654356,8.376653567606384],[3.2516258949617933,8.37048243255493],[3.361610636730491,8.309652672762034],[3.478867096963235,8.334337212967847],[3.477958132155229,8.361666525338569],[3.5588560000677423,8.396930154204016],[3.687929002804561,8.405746061420377],[3.659751093756382,8.315823807813487],[3.6279373254761804,8.307007900597126],[3.6270283606681746,8.261165183072045],[3.59157873315595,8.211796102660418],[3.6043042404680308,8.180058836681516],[3.575217366611846,8.092781355239534],[3.5306780910195634,8.076912722250082],[3.465232624843148,8.096307718126079],[3.4579609063791024,8.04958340987936],[3.4252381732908947,8.068096815033721],[3.41978438444286,8.161545431527156],[3.377063038466589,8.169479748021882],[3.341613410954364,8.203861786165692],[3.2925293113220526,8.191519516062787],[3.297074135362082,8.143913617094432],[3.229810739569655,8.07074158719863]]]}},{"type":"Feature","id":"kajola","properties":{"id":"kajola","name":"Kajola","parentId":"oyo","level":"lga"},"geometry":{"type":"Polygon","coordinates":[[[3.353429953458439,7.8362384552434055],[3.3243430796022544,7.851225497511221],[3.270714155929914,7.951726839777745],[3.287984487282024,7.994924785137918],[3.248899000537776,8.018727734622095],[3.229810739569655,8.07074158719863],[3.297074135362082,8.143913617094432],[3.2925293113220526,8.191519516062787],[3.341613410954364,8.203861786165692],[3.377063038466589,8.169479748021882],[3.41978438444286,8.161545431527156],[3.4252381732908947,8.068096815033721],[3.4579609063791024,8.04958340987936],[3.465232624843148,7.967595472767196],[3.4406905750269927,7.9138184387473895],[3.353429953458439,7.8362384552434055]]]}},{"type":"Feature","id":"nkanu-west","properties":{"id":"nkanu-west","name":"Nkanu West","parentId":"enugu","level":"lga"},"geometry":{"type":"Polygon","coordinates":[[[7.461041920836498,6.3789689923788],[7.556483225677104,6.361337177946076],[7.579207345877247,6.393956034646614],[7.56557287375716,6.341060591348444],[7.639199023205629,6.3278367305239005],[7.622837656661524,6.289928329493545],[7.560119084909127,6.267006970731004],[7.538303929516989,6.217637890319378],[7.504672231620775,6.237032886195374],[7.5037632668127685,6.272296515060821],[7.441953659868377,6.2890467387719085],[7.431955046980313,6.3110865068128135],[7.423774363708262,6.356047633616258],[7.461041920836498,6.3789689923788]]]}},{"type":"Feature","id":"afikpo-north","properties":{"id":"afikpo-north","name":"Afikpo North","parentId":"ebonyi","level":"lga"},"geometry":{"type":"Polygon","coordinates":[[[7.970062213319727,5.768026622284927],[7.916433289647387,5.747750035687294],[7.89007331021522,5.769789803728199],[7.887346415791203,5.869409555273087],[7.869167119631086,5.877343871767813],[7.837353351350885,5.948752720220344],[7.852805753086983,5.967266125374703],[7.91370639522337,5.975200441869429],[7.992786333519872,5.98401634908579],[7.987332544671837,5.8852781882625385],[7.931885691383485,5.821803656304733],[7.970062213319727,5.768026622284927]]]}},{"type":"Feature","id":"donga","properties":{"id":"donga","name":"Donga","parentId":"taraba","level":"lga"},"geometry":{"type":"Polygon","coordinates":[[[10.755130385049396,7.616722365555997],[10.606969121344456,7.480075803702389],[10.562429845752174,7.448338537723487],[10.480623013031654,7.353126739786779],[10.420631335703273,7.317863110921332],[10.402452039543158,7.257033351128435],[10.323372101246656,7.247335853190437],[10.267925247958305,7.278191528447703],[10.231566655638074,7.3460740140136895],[10.247019057374173,7.434233086177308],[10.06704402538903,7.558537377928008],[10.017050960948714,7.586748281020366],[9.904339324755998,7.6079064583396345],[9.83980282338759,7.579695555247277],[9.829804210499526,7.587629871742003],[9.797990442219323,7.614959184112724],[9.86525383801175,7.688131214008527],[9.948878600348282,7.7313291593687],[10.027958538644782,7.820369822253954],[10.111583300981314,7.882081172768487],[10.169757048693683,7.9482004768912],[10.205206676205908,8.004622283075916],[10.272470071998335,8.067215224312084],[10.327916925286686,8.004622283075916],[10.342460362214778,7.959661156272471],[10.373365165686973,7.808909142872684],[10.376092060110992,7.751605745966332],[10.35700379914287,7.695183939781616],[10.315191417974605,7.6608019016378055],[10.358821728758882,7.572642829474187],[10.439719596671395,7.500352390300021],[10.506074027655815,7.515339432567836],[10.561520880944167,7.56294533153619],[10.704228355801073,7.6299462263805395],[10.755130385049396,7.616722365555997]]]}},{"type":"Feature","id":"oji-river","properties":{"id":"oji-river","name":"Oji-River","parentId":"enugu","level":"lga"},"geometry":{"type":"Polygon","coordinates":[[[7.2901565369314145,6.278467650112274],[7.364691651187886,6.214111527432833],[7.3983233490841,6.162979265577935],[7.416502645244215,6.100386324341766],[7.3983233490841,6.068649058362864],[7.402868173124128,6.014872024343057],[7.339240636563725,6.042201336713778],[7.3092447978995345,6.079228147022498],[7.271068275963293,6.079228147022498],[7.229255894795028,6.127715636712487],[7.223802105946993,6.191190168670293],[7.189261443242774,6.239677658360283],[7.150175956498526,6.228216978979012],[7.142904238034479,6.2890467387719085],[7.160174569386589,6.303152190318087],[7.243799331723119,6.262599017122824],[7.2901565369314145,6.278467650112274]]]}},{"type":"Feature","id":"oyun","properties":{"id":"oyun","name":"Oyun","parentId":"kwara","level":"lga"},"geometry":{"type":"Polygon","coordinates":[[[4.7995929629956136,8.065452042868813],[4.7214219895071174,8.064570452147176],[4.665975136218766,8.043412274827908],[4.621435860626484,8.076031131528447],[4.568715901762149,8.054872954209179],[4.527812485401889,8.076031131528447],[4.573260725802178,8.126281802661708],[4.597802775618334,8.186229971732969],[4.590531057154287,8.251467685134047],[4.637797227170587,8.327284487194758],[4.68869925641891,8.285849723277858],[4.747781968939285,8.210032921217145],[4.785958490875528,8.180058836681516],[4.815045364731711,8.13068975626989],[4.7995929629956136,8.065452042868813]],[[4.650522734482668,8.162427022248792],[4.6841544323788815,8.124518621218437],[4.727784743163157,8.1236370304968],[4.723239919123129,8.193282697506058],[4.694153045266945,8.217085646990235],[4.650522734482668,8.162427022248792]]]}},{"type":"Feature","id":"ogbia","properties":{"id":"ogbia","name":"Ogbia","parentId":"bayelsa","level":"lga"},"geometry":{"type":"Polygon","coordinates":[[[6.202125661748511,4.642235270755524],[6.206670485788541,4.7718291068360426],[6.238484254068743,4.852053862504935],[6.339379347757382,4.907594077968014],[6.4220951452859065,4.981647698585453],[6.433911687789982,4.930515436730555],[6.398462060277756,4.864396132607841],[6.40209791950978,4.827369322299122],[6.461180632030155,4.7136441192080545],[6.386645517773681,4.620195502714619],[6.338470382949376,4.621077093436256],[6.293022142549088,4.662511857353156],[6.202125661748511,4.642235270755524]]]}},{"type":"Feature","id":"asari-toru","properties":{"id":"asari-toru","name":"Asari-Toru","parentId":"rivers","level":"lga"},"geometry":{"type":"Polygon","coordinates":[[[6.904755458336968,4.75155252023841],[6.912936141609022,4.656340722301703],[6.83385620331252,4.659867085188248],[6.7929527869522595,4.727749570754233],[6.775682455600149,4.747144566630229],[6.784772103680208,4.820316596526032],[6.812950012728386,4.842356364566937],[6.862034112360698,4.8247245501342135],[6.875668584480785,4.778000241887495],[6.904755458336968,4.75155252023841]]]}},{"type":"Feature","id":"uyo","properties":{"id":"uyo","name":"Uyo","parentId":"akwa-ibom","level":"lga"},"geometry":{"type":"Polygon","coordinates":[[[7.829172668078833,4.986055652193635],[7.833717492118863,5.033661551161988],[7.87734780290314,5.045122230543258],[7.934612585807502,5.076859496522161],[7.974607037359757,5.068043589305799],[8.031871820264119,5.021319281059082],[8.024600101800074,4.981647698585453],[7.99096840390386,4.951673614049823],[7.933703620999497,5.001042694461449],[7.8918912398312315,4.991345196523452],[7.829172668078833,4.986055652193635]]]}},{"type":"Feature","id":"ikono","properties":{"id":"ikono","name":"Ikono","parentId":"akwa-ibom","level":"lga"},"geometry":{"type":"Polygon","coordinates":[[[7.787360286910568,5.09096494806834],[7.754637553822361,5.1420972099232385],[7.7709989203664644,5.223203556313766],[7.721914820734153,5.276980590333574],[7.721005855926148,5.297257176931206],[7.8073575126866945,5.289322860436481],[7.843716105006926,5.247006505797944],[7.829172668078833,5.039832686213441],[7.787360286910568,5.09096494806834]]]}},{"type":"Feature","id":"baruten","properties":{"id":"baruten","name":"Baruten","parentId":"kwara","level":"lga"},"geometry":{"type":"Polygon","coordinates":[[[2.7562400745986504,8.575011479974524],[2.742605602478564,8.770724620177756],[2.7835090188388234,9.01668843151425],[2.7944165965348926,9.057241604709516],[2.9053103031115963,9.079281372750419],[2.968028874863994,9.081044554193692],[2.9871171358321154,9.06076796759606],[3.0952839479848016,9.090742052131692],[3.1661832030092514,9.303205416046008],[3.167092167817257,9.365798357282179],[3.1416411531930954,9.440733568621255],[3.171636991857286,9.496273784084334],[3.285257592858007,9.636446708824487],[3.3525209886504332,9.703447603668835],[3.330705833258295,9.75546145624537],[3.341613410954364,9.807475308821905],[3.36615546077052,9.837449393357534],[3.4715953784991886,9.855962798511895],[3.525224302171529,9.844502119130624],[3.6097580293160654,9.947648233562058],[3.6761124603004864,10.10368979129166],[3.684293143572538,10.156585234589834],[3.7306503487808325,10.068426162426213],[3.7715537651410918,10.047267985106945],[3.797004779765253,10.065781390261307],[3.7988227093812648,10.02787298923095],[3.677021425108492,9.63292034593794],[3.7170158766607457,9.530655822228145],[3.7242875951247916,9.364916766560542],[3.770644800333086,9.147163858316405],[3.7533744689809767,9.12071613666732],[3.743375856092913,9.046662516049881],[3.6915648620365844,8.996411844916619],[3.5961235571959786,8.999056617081528],[3.599759416428002,8.956740262442992],[3.525224302171529,8.928529359350634],[3.4188754196348543,8.862410055227919],[3.3879706161626584,8.842133468630287],[3.2370824580337008,8.782185299559028],[3.163456308585234,8.808633021208113],[3.1034646312568532,8.750448033580124],[3.0143860800722884,8.70989486038486],[2.9207627048476943,8.612038290283245],[2.8025972798069447,8.610275108839971],[2.7562400745986504,8.575011479974524]]]}},{"type":"Feature","id":"lagelu","properties":{"id":"lagelu","name":"Lagelu","parentId":"oyo","level":"lga"},"geometry":{"type":"Polygon","coordinates":[[[4.148774160463485,7.47743103153748],[4.13695761795941,7.458917626383121],[4.094236271983139,7.434233086177308],[3.9442570786621873,7.403377410920041],[3.940621219430164,7.419246043909492],[3.9369853601981415,7.422772406796037],[3.9478929378942107,7.482720575867297],[4.005157720798573,7.515339432567836],[3.976979811750395,7.5603005593712815],[3.9860694598304525,7.594682597515092],[4.063331468510943,7.651104403699808],[4.076056975823024,7.652867585143079],[4.093327307175133,7.621130319164178],[4.141502441999439,7.59291941607182],[4.15422794931152,7.568234875866007],[4.148774160463485,7.47743103153748]]]}},{"type":"Feature","id":"idah","properties":{"id":"idah","name":"Idah","parentId":"kogi","level":"lga"},"geometry":{"type":"Polygon","coordinates":[[[6.679332185951539,6.972279548039949],[6.677514256335527,7.033990898554482],[6.715690778271769,7.123031561439736],[6.753867300208011,7.139781785150824],[6.789316927720236,7.1221499707181],[6.800224505416306,7.052504303708841],[6.722962496735816,7.021648628451574],[6.679332185951539,6.972279548039949]]]}},{"type":"Feature","id":"machina","properties":{"id":"machina","name":"Machina","parentId":"yobe","level":"lga"},"geometry":{"type":"Polygon","coordinates":[[[9.765267709131116,12.796067855168557],[9.68073398198658,12.82075239537437],[9.66164572101846,12.833976256198913],[9.873434521283802,13.075532113927226],[9.945242741116259,13.121374831452307],[9.962513072468367,13.155756869596118],[10.147941893301544,13.259784574749187],[10.224294937174028,13.28006116134682],[10.218841148325994,13.243915941759736],[10.17884669677374,13.16457277681248],[10.26065352949426,13.088755974751768],[10.234293550062091,13.008531219082876],[10.174301872733711,13.002360084031423],[9.987964087092529,12.956517366506342],[9.92979033938016,12.918608965475986],[9.896158641483947,12.852489661353273],[9.857982119547705,12.819870804652734],[9.765267709131116,12.796067855168557]]]}},{"type":"Feature","id":"ibaji","properties":{"id":"ibaji","name":"Ibaji","parentId":"kogi","level":"lga"},"geometry":{"type":"Polygon","coordinates":[[[6.679332185951539,6.972279548039949],[6.722962496735816,7.021648628451574],[6.800224505416306,7.052504303708841],[6.95383955796928,6.9537661428855895],[6.965656100473355,6.901752290309054],[6.961111276433327,6.840922530516158],[6.952021628353268,6.808303673815619],[6.8965747750649165,6.7924350408261684],[6.861125147552691,6.753645049074176],[6.7993155406082995,6.679591428456737],[6.808405188688358,6.589669174849846],[6.763865913096074,6.563221453200761],[6.662061854599429,6.557931908870944],[6.6529722065193715,6.634630301653292],[6.617522579007147,6.705157559384186],[6.623885332663187,6.793316631547804],[6.611159825351106,6.822409125361798],[6.672969432295499,6.935252737731229],[6.679332185951539,6.972279548039949]]]}},{"type":"Feature","id":"municipal-area-council","properties":{"id":"municipal-area-council","name":"Municipal Area Council","parentId":"abuja-federal-capital-territory","level":"lga"},"geometry":{"type":"Polygon","coordinates":[[[7.55284736644508,8.761908712961395],[7.477403287380602,8.63143328615924],[7.335604777331703,8.639367602653966],[7.342876495795748,8.680802366570866],[7.3883247361960365,8.729289856260856],[7.4974005131567285,8.730171446982492],[7.480130181804618,8.7839484810023],[7.48194811142063,8.867699599557737],[7.40923092678017,8.876515506774098],[7.411957821204187,8.908252772753002],[7.334695812523696,8.921476633577544],[7.32742409405965,8.883568232547187],[7.229255894795028,8.919713452134271],[7.191079372858786,8.906489591309729],[7.115635293794307,8.92676617790736],[7.151993886114537,8.969964123267534],[7.154720780538554,9.015806840792614],[7.219257281906964,9.063412739760969],[7.2183483170989575,9.092505233574963],[7.277431029619333,9.133058406770228],[7.343785460603755,9.14363749542986],[7.37469026407595,9.123360908832229],[7.5892059587653105,9.101321140791324],[7.5946597476133455,8.856238920176466],[7.55284736644508,8.761908712961395]]]}},{"type":"Feature","id":"kaiama","properties":{"id":"kaiama","name":"Kaiama","parentId":"kwara","level":"lga"},"geometry":{"type":"Polygon","coordinates":[[[3.770644800333086,9.147163858316405],[3.7242875951247916,9.364916766560542],[3.7170158766607457,9.530655822228145],[3.677021425108492,9.63292034593794],[3.7988227093812648,10.02787298923095],[3.797004779765253,10.065781390261307],[3.86426817555768,10.049912757271855],[3.890628154989847,10.015530719128044],[3.948801902702216,9.991727769643866],[3.934258465774124,9.927371646964424],[4.002430826374557,9.906213469645158],[4.021519087342678,9.856844389233531],[4.0833286942870695,9.851554844903713],[4.0951452367911445,9.8780025665528],[4.152410019695508,9.86213393356335],[4.171498280663629,9.819817578924813],[4.282391987240333,9.694631696452474],[4.3505643478407645,9.587959219134497],[4.443278758257353,9.509497644908876],[4.501452505969722,9.440733568621255],[4.609619318122409,9.361390403673997],[4.639615156786599,9.308494960375826],[4.737783356051222,9.268823377902198],[4.754144722595326,9.24766520058293],[4.764143335483389,9.149808630481314],[4.748690933747291,9.088097279966782],[4.7214219895071174,9.06517592120424],[4.58780416273027,9.082807735636965],[4.502361470777728,9.06782069336915],[4.427826356521255,9.036083427390247],[4.335111946104667,8.980543211927166],[4.316023685136546,8.997293435638255],[4.2533051133841475,8.967319351102624],[4.210583767407877,8.969964123267534],[4.01242943926262,9.034320245946976],[3.972434987710366,9.077518191307147],[3.9442570786621873,9.148045449038042],[3.921532958462043,9.172729989243855],[3.8260916536214378,9.182427487181853],[3.770644800333086,9.147163858316405]]]}},{"type":"Feature","id":"bakura","properties":{"id":"bakura","name":"Bakura","parentId":"zamfara","level":"lga"},"geometry":{"type":"Polygon","coordinates":[[[5.749461187361639,12.289153190227752],[5.750370152169646,12.323535228371563],[5.772185307561784,12.383483397442824],[5.7176474190814375,12.486629511874257],[5.728554996777508,12.5509856345537],[5.7231012079294725,12.620631301562957],[5.677652967529184,12.632091980944226],[5.694014334073287,12.689395377850579],[5.674926073105167,12.73523809537566],[5.649475058481006,12.768738542797834],[5.588574416344619,12.804002171663281],[5.634931621552913,12.883345336610539],[5.734008785625542,12.826923530425823],[5.813088723922043,12.839265800528729],[5.852174210666291,12.810173306714736],[5.883079014138487,12.82075239537437],[5.961249987626983,12.754633091251655],[6.023968559379381,12.748461956200202],[6.033967172267444,12.78372558506565],[6.1003216032518655,12.779317631457468],[6.091231955171808,12.707027192283302],[6.104866427291894,12.672645154139492],[6.032149242651434,12.610933803624958],[5.999426509563225,12.553630406718607],[5.947615515506897,12.508669279915162],[5.943979656274873,12.470760878884805],[5.903076239914615,12.447839520122265],[5.875807295674441,12.355272494350466],[5.885805908562505,12.313837730433566],[5.841266632970222,12.292679553114297],[5.818542512770078,12.2415472912594],[5.749461187361639,12.289153190227752]]]}},{"type":"Feature","id":"nguru","properties":{"id":"nguru","name":"Nguru","parentId":"yobe","level":"lga"},"geometry":{"type":"Polygon","coordinates":[[[10.234293550062091,13.008531219082876],[10.26065352949426,13.088755974751768],[10.346096221446802,13.109914152071036],[10.431538913399343,13.154875278874481],[10.438810631863388,13.124019603617215],[10.393362391463102,13.090519156195041],[10.428812018975325,13.042031666505052],[10.469715435335585,13.029689396402144],[10.446991315135442,12.971504408774157],[10.469715435335585,12.941530324238526],[10.514254710927867,12.944175096403434],[10.536978831128012,12.91067464898126],[10.5824270715283,12.896569197435081],[10.596061543648387,12.861305568569634],[10.52425332381593,12.863950340734542],[10.436083737439372,12.817226032487826],[10.385181708191048,12.841028981972002],[10.330643819710703,12.847200117023455],[10.325190030862668,12.811054897436371],[10.264289388726281,12.954754185063068],[10.281559720078391,12.979438725268881],[10.234293550062091,13.008531219082876]]]}},{"type":"Feature","id":"gummi","properties":{"id":"gummi","name":"Gummi","parentId":"zamfara","level":"lga"},"geometry":{"type":"Polygon","coordinates":[[[5.270436733542601,11.77959375312204],[5.2377140004543925,11.755790803637865],[5.1822671471660415,11.791936023224947],[5.177722323126012,11.744330124256592],[5.10318720886954,11.73815898920514],[5.051376214813211,11.720527174772418],[5.000474185564888,11.747856487143139],[4.941391473044513,11.73110626343205],[4.919576317652375,11.790172841781676],[4.944118367468531,11.880976686110202],[4.8668563587880405,11.932990538686736],[4.874128077252086,12.118124590230334],[4.861402569940006,12.159559354147234],[4.875037042060092,12.230086611878129],[4.950481121124571,12.230968202599765],[4.953208015548588,12.314719321155202],[4.997747291140871,12.300613869609023],[5.124093399453672,12.285626827341208],[5.160451991773903,12.316482502598474],[5.275890522390635,12.342048633525923],[5.31134014990286,12.356154085072102],[5.348607707031096,12.283863645897936],[5.403145595511443,12.266231831465213],[5.397691806663408,12.196586164455955],[5.3467897774150845,12.13311163249815],[5.36951389761523,12.075808235591797],[5.359515284727166,11.979714846933454],[5.305886361054826,11.962083032500729],[5.288616029702716,11.926819403635282],[5.247712613342457,11.921529859305465],[5.2313512467983525,11.885384639718382],[5.270436733542601,11.77959375312204]]]}},{"type":"Feature","id":"ajingi","properties":{"id":"ajingi","name":"Ajingi","parentId":"kano","level":"lga"},"geometry":{"type":"Polygon","coordinates":[[[8.905387000757662,11.920648268583829],[8.863574619589397,11.911832361367468],[8.863574619589397,11.961201441779094],[8.898115282293615,12.025557564458534],[8.945381452309915,12.072281872705252],[9.074454455046734,12.073163463426889],[9.084453067934797,12.027320745901807],[9.145353710071184,12.039663016004713],[9.198982633743524,12.082860961364887],[9.228069507599708,12.014096885077265],[9.222615718751674,11.98941234487145],[9.201709528167541,11.904779635594378],[9.167168865463323,11.886266230440018],[9.143535780455172,11.841305103636573],[9.075363419854739,11.839541922193302],[9.098996504862889,11.896845319099652],[8.95719799481399,11.947095990232915],[8.905387000757662,11.920648268583829]]]}},{"type":"Feature","id":"port-harcourt","properties":{"id":"port-harcourt","name":"Port-Harcourt","parentId":"rivers","level":"lga"},"geometry":{"type":"Polygon","coordinates":[[[6.9883802206735,4.761250018176408],[6.957475417201303,4.774473879000951],[6.976563678169425,4.80709273570149],[7.02473881299373,4.829132503742394],[7.06109740531396,4.80709273570149],[7.042918109153845,4.748907748073502],[6.9883802206735,4.761250018176408]]]}},{"type":"Feature","id":"augie","properties":{"id":"augie","name":"Augie","parentId":"kebbi","level":"lga"},"geometry":{"type":"Polygon","coordinates":[[[4.750508863363303,12.75110672836511],[4.730511637587176,12.701737647953486],[4.665975136218766,12.70526401084003],[4.584168303498247,12.73523809537566],[4.551445570410039,12.768738542797834],[4.549627640794028,12.80223899022001],[4.451459441529405,12.855134433518181],[4.46963873768952,12.89480601599181],[4.5441738519459935,12.919490556197621],[4.560535218490097,12.962688501557794],[4.5141780132818035,12.964451683001068],[4.476001491345561,13.00059690258815],[4.555081429642063,13.11167733351431],[4.6232537902424955,13.070242569597408],[4.702333728538997,13.072887341762318],[4.725057848739141,13.049084392278141],[4.677791678722841,12.998833721144878],[4.660521347370731,12.95916213867125],[4.775050913179458,12.854252842796544],[4.806864681459659,12.819870804652734],[4.750508863363303,12.75110672836511]]]}},{"type":"Feature","id":"kebbe","properties":{"id":"kebbe","name":"Kebbe","parentId":"sokoto","level":"lga"},"geometry":{"type":"Polygon","coordinates":[[[4.875037042060092,12.230086611878129],[4.861402569940006,12.159559354147234],[4.874128077252086,12.118124590230334],[4.8668563587880405,11.932990538686736],[4.944118367468531,11.880976686110202],[4.919576317652375,11.790172841781676],[4.941391473044513,11.73110626343205],[4.9341197545804665,11.722290356215689],[4.899579091876248,11.709066495391145],[4.844132238587896,11.752264440751318],[4.802319857419631,11.757553985081136],[4.731420602395181,11.700250588174784],[4.666884101026771,11.667631731474245],[4.585986233114259,11.65528946137134],[4.545991781562005,11.63413128405207],[4.542355922329982,11.560077663434631],[4.522358696553855,11.530103578899002],[4.482364245001602,11.531866760342274],[4.496907681929693,11.552143346939907],[4.419645673249203,11.613854697454439],[4.42691739171325,11.670276503639155],[4.37510639765692,11.714356039720963],[4.36874364400088,11.746974896421502],[4.395103623433048,11.7566723943595],[4.436007039793307,11.710829676834418],[4.509633189241774,11.755790803637865],[4.548718675986022,11.795462386111492],[4.5505366056020335,11.891555774769834],[4.566897972146137,11.919766677862192],[4.58780416273027,12.038781425283076],[4.627798614282524,12.054650058272529],[4.627798614282524,12.113716636622154],[4.665066171410761,12.170138442806868],[4.697788904498967,12.15779617270396],[4.703242693347002,12.225678658269949],[4.757780581827348,12.236257746929581],[4.875037042060092,12.230086611878129]]]}},{"type":"Feature","id":"surulere","properties":{"id":"surulere","name":"Surulere","parentId":"oyo","level":"lga"},"geometry":{"type":"Polygon","coordinates":[[[4.527812485401889,8.076031131528447],[4.568715901762149,8.054872954209179],[4.553263500026051,7.9755297892619215],[4.522358696553855,7.95525320266429],[4.457822195185446,7.941147751118111],[4.428735321329261,7.889133898541576],[4.396921553049059,7.896186624314666],[4.366925714384869,7.940266160396475],[4.339656770144696,7.942910932561384],[4.29148163532039,8.055754544930814],[4.31511472032854,8.076031131528447],[4.326931262832615,8.145676798537705],[4.307843001864494,8.207388149052237],[4.279665092816315,8.208269739773874],[4.32147747398458,8.268217908845134],[4.391467764201025,8.304363128432218],[4.48054631538559,8.210914511938782],[4.495089752313682,8.117465895445347],[4.527812485401889,8.076031131528447]]]}},{"type":"Feature","id":"ringim","properties":{"id":"ringim","name":"Ringim","parentId":"jigawa","level":"lga"},"geometry":{"type":"Polygon","coordinates":[[[9.222615718751674,11.98941234487145],[9.228069507599708,12.014096885077265],[9.198982633743524,12.082860961364887],[9.145353710071184,12.039663016004713],[9.084453067934797,12.027320745901807],[9.074454455046734,12.073163463426889],[8.945381452309915,12.072281872705252],[8.938109733845868,12.113716636622154],[8.95265317077396,12.185125485074684],[8.90993182479769,12.300613869609023],[8.958106959621995,12.313837730433566],[9.145353710071184,12.325298409814836],[9.113539941790982,12.2829820551763],[9.179894372775403,12.231849793321402],[9.272608783191991,12.191296620126137],[9.27079085357598,12.154269809817418],[9.336236319752395,12.165730489198687],[9.348961827064475,12.118124590230334],[9.319874953208291,12.10049277579761],[9.318965988400285,12.057294830437439],[9.222615718751674,11.98941234487145]]]}},{"type":"Feature","id":"emuoha","properties":{"id":"emuoha","name":"Emuoha","parentId":"rivers","level":"lga"},"geometry":{"type":"MultiPolygon","coordinates":[[[[6.929297508153125,4.78152660477404],[6.904755458336968,4.75155252023841],[6.875668584480785,4.778000241887495],[6.862034112360698,4.8247245501342135],[6.812950012728386,4.842356364566937],[6.784772103680208,4.820316596526032],[6.741141792895931,4.825606140855849],[6.7256893911598326,4.867922495494386],[6.667515643447464,4.888199082092019],[6.672060467487492,4.987818833636907],[6.712054919039746,5.017792918172537],[6.699329411727666,5.055701319202893],[6.724780426351828,5.096254492398157],[6.8465817106246,5.026608825388899],[6.8465817106246,4.95255520477146],[6.867487901208733,4.912883622297832],[6.899301669488935,4.904067715081469],[6.92384371930509,4.843237955288573],[6.929297508153125,4.78152660477404]]],[[[6.722053531927809,5.105070399614519],[6.698420446919659,5.115649488274153],[6.675696326719516,5.179124020231958],[6.684785974799573,5.2143876490974055],[6.7202356023117975,5.2425985521897625],[6.724780426351828,5.293730814044661],[6.761139018672058,5.315770582085566],[6.8165858719604095,5.25934877590085],[6.8102231183043695,5.227611509921948],[6.831129308888501,5.172071294458869],[6.7984065758002945,5.131518121263604],[6.753867300208011,5.15796584291269],[6.722053531927809,5.105070399614519]]]]}},{"type":"Feature","id":"isi-uzo","properties":{"id":"isi-uzo","name":"Isi-Uzo","parentId":"enugu","level":"lga"},"geometry":{"type":"Polygon","coordinates":[[[7.604658360501409,6.780974361444898],[7.621019727045512,6.841804121237795],[7.670103826677824,6.816237990310345],[7.688283122837939,6.852383209897429],[7.711916207846089,6.86119911711379],[7.791905110950598,6.889410020206148],[7.863713330783053,6.87971252226815],[7.89007331021522,6.834751395464705],[7.878256767711145,6.759816184125629],[7.817356125574758,6.6372750738182],[7.720096891118141,6.646972571756198],[7.6910100172619575,6.638156664539837],[7.704644489382044,6.5782084954685764],[7.646470741669674,6.57027417897385],[7.5892059587653105,6.562339862479124],[7.553756331253087,6.593195537736391],[7.598295606845369,6.6557884789725605],[7.5946597476133455,6.743065960414542],[7.604658360501409,6.780974361444898]]]}},{"type":"Feature","id":"yenegoa","properties":{"id":"yenegoa","name":"Yenegoa","parentId":"bayelsa","level":"lga"},"geometry":{"type":"Polygon","coordinates":[[[6.238484254068743,4.852053862504935],[6.156677421348223,4.849409090340027],[6.147587773268166,4.940212934668553],[6.207579450596546,4.973713382090728],[6.261208374268886,5.023082462502354],[6.283023529661024,5.06099086353271],[6.358467608725503,5.093609720233248],[6.39573516585374,5.137689256315057],[6.388463447389693,5.193229471778137],[6.486631646654317,5.24083537074649],[6.531170922246599,5.284914906828299],[6.552986077638737,5.189703108891592],[6.492994400310357,5.163255387242507],[6.411187567589838,5.004569057347994],[6.4220951452859065,4.981647698585453],[6.339379347757382,4.907594077968014],[6.238484254068743,4.852053862504935]]]}},{"type":"Feature","id":"ilorin-east","properties":{"id":"ilorin-east","name":"Ilorin East","parentId":"kwara","level":"lga"},"geometry":{"type":"MultiPolygon","coordinates":[[[[4.548718675986022,8.493905133583997],[4.533266274249924,8.524760808841261],[4.571442796186166,8.53181353461435],[4.566897972146137,8.471865365543092],[4.560535218490097,8.480681272759455],[4.548718675986022,8.493905133583997]]],[[[4.768688159523418,8.478918091316181],[4.692335115650933,8.488615589254179],[4.602347599658362,8.536221488222534],[4.679609608338852,8.574129889252887],[4.825043977619775,8.693144636673772],[4.880490830908126,8.746040079971944],[4.965933522860669,8.690499864508865],[4.91412252880434,8.572366707809616],[4.865038429172029,8.573248298531253],[4.831406731275815,8.547682167603803],[4.7514178281713075,8.530931943892716],[4.768688159523418,8.478918091316181]]]]}},{"type":"Feature","id":"alkaleri","properties":{"id":"alkaleri","name":"Alkaleri","parentId":"bauchi","level":"lga"},"geometry":{"type":"Polygon","coordinates":[[[10.968737114930752,9.615288531505218],[10.916926120874423,9.554458771712321],[10.773309681209511,9.446904703672708],[10.617876699040526,9.462773336662158],[10.540614690360036,9.483931513981426],[10.488803696303707,9.55269559026905],[10.382454813767032,9.597656717072494],[10.26065352949426,9.68669737995775],[10.152486717341572,9.678763063463023],[10.10340261770926,9.719316236658287],[10.041593010764869,9.730776916039558],[9.97251168535643,9.699921240782292],[9.930699304188165,9.715789873771742],[9.889795887827907,9.75281668408046],[9.914337937644062,9.848910072738805],[9.840711788195595,9.864778705728256],[9.820714562419468,9.911503013974976],[9.843438682619611,9.930016419129334],[9.89979450071597,9.931779600572607],[9.931608268996172,9.901805516036976],[9.986146157476517,9.94941141500533],[9.97251168535643,9.965280047994781],[10.039775081148857,10.028754579952587],[10.061590236540995,10.004070039746773],[10.106129512133279,10.10368979129166],[10.157940506189608,10.112505698508023],[10.186118415237786,10.160993188198013],[10.180664626389751,10.190967272733644],[10.247019057374173,10.227994083042363],[10.27974179046238,10.280007935618897],[10.417904441279257,10.27736316345399],[10.532434007087984,10.250915441804903],[10.580609141912289,10.25444180469145],[10.637873924816653,10.213888631496184],[10.703319390993068,10.271192028402535],[10.756948314665408,10.235928399537089],[10.85511651393003,10.241217943866905],[10.800578625449685,10.134545466548929],[10.738769018505293,10.121321605724386],[10.71786282792116,10.049912757271855],[10.857843408354048,9.955582550056782],[10.945104029922602,9.880647338717708],[10.977826763010809,9.810120080986813],[10.959647466850694,9.67964465418466],[10.985098481474855,9.641736253154303],[10.968737114930752,9.615288531505218]]]}},{"type":"Feature","id":"omumma","properties":{"id":"omumma","name":"Omumma","parentId":"rivers","level":"lga"},"geometry":{"type":"Polygon","coordinates":[[[7.183807654394739,4.949910432606551],[7.177444900738699,5.037187914048532],[7.227437965179016,5.194992653221409],[7.264705522307253,5.215269239819041],[7.271068275963293,5.2117428769324965],[7.292883431355431,5.1729528851805044],[7.256524839035201,5.077741087243797],[7.228346929987023,4.971068609925819],[7.183807654394739,4.949910432606551]]]}},{"type":"Feature","id":"birnin-kudu","properties":{"id":"birnin-kudu","name":"Birnin Kudu","parentId":"jigawa","level":"lga"},"geometry":{"type":"Polygon","coordinates":[[[9.626196093506234,11.236533868594154],[9.615288515810164,11.240060231480697],[9.595291290034037,11.247994547975424],[9.60983472696213,11.31587703354141],[9.511666527697507,11.313232261376502],[9.497123090769415,11.277968632511055],[9.411680398816873,11.30000840055196],[9.351688721488493,11.343206345912131],[9.287152220120083,11.349377480963584],[9.195346774511501,11.326456122201044],[9.232614331639738,11.4057992871483],[9.22988743721572,11.445470869621929],[9.284425325696066,11.50277426652828],[9.33078253090436,11.51687971807446],[9.359869404760545,11.560959254156268],[9.42077004689693,11.55831448199136],[9.480761724225312,11.613854697454439],[9.524392035009589,11.64823673559825],[9.537117542321669,11.683500364463697],[9.63983056562632,11.732869444875323],[9.664372615442476,11.72669830982387],[9.672553298714528,11.656171052092976],[9.627105058314239,11.610328334567894],[9.648920213706377,11.46133950261138],[9.64619331928236,11.356430206736674],[9.66164572101846,11.285021358284144],[9.626196093506234,11.236533868594154]]]}},{"type":"Feature","id":"takum","properties":{"id":"takum","name":"Takum","parentId":"taraba","level":"lga"},"geometry":{"type":"Polygon","coordinates":[[[9.83980282338759,7.579695555247277],[9.904339324755998,7.6079064583396345],[10.017050960948714,7.586748281020366],[10.06704402538903,7.558537377928008],[10.247019057374173,7.434233086177308],[10.231566655638074,7.3460740140136895],[10.267925247958305,7.278191528447703],[10.235202514870098,7.206782679995173],[10.160667400613624,7.2852442542207925],[10.028867503452789,7.256151760406799],[9.995235805556575,7.217361768654807],[9.915246902452068,7.243809490303892],[9.89343174705993,7.210309042881717],[9.885251063787877,7.094820658347378],[9.926154480148137,7.091294295460833],[9.965239966892385,7.0234118098948475],[10.06068127173299,6.996964088245762],[10.100675723285244,6.967871594431768],[9.874343486091808,6.7756848171150805],[9.795263547795306,6.801250948042529],[9.70891189103476,6.520905098562224],[9.638012636010309,6.523549870727133],[9.598018184458056,6.499746921242956],[9.62256023427421,6.663722795467286],[9.64619331928236,6.738658006806361],[9.645284354474356,6.894699564535965],[9.737998764890943,7.07807043463629],[9.824350421651491,7.172400641851362],[9.840711788195595,7.279954709890976],[9.88252416936386,7.413956499579675],[9.884342098979872,7.508286706794746],[9.83980282338759,7.579695555247277]]]}},{"type":"Feature","id":"esan-south-east","properties":{"id":"esan-south-east","name":"Esan South-East","parentId":"edo","level":"lga"},"geometry":{"type":"Polygon","coordinates":[[[6.623885332663187,6.793316631547804],[6.617522579007147,6.705157559384186],[6.6529722065193715,6.634630301653292],[6.662061854599429,6.557931908870944],[6.669333573063476,6.501510102686229],[6.646609452863331,6.4891678325833215],[6.575710197838881,6.495338967634775],[6.522990238974547,6.48740465114005],[6.41300549720585,6.395719216089887],[6.362103467957526,6.384258536708616],[6.290295248125071,6.362218768667712],[6.281205600045013,6.36045558722444],[6.3066566146691745,6.413351030522611],[6.281205600045013,6.43186443567697],[6.297566966589117,6.479470334645324],[6.261208374268886,6.527076233613678],[6.295749036973105,6.5729189511387585],[6.3248359108292895,6.579971676911848],[6.350286925453451,6.626695985158566],[6.338470382949376,6.668130749075466],[6.373920010461601,6.70427596866255],[6.429366863749953,6.713973466600548],[6.431184793365965,6.7756848171150805],[6.530261957438594,6.793316631547804],[6.623885332663187,6.793316631547804]]]}},{"type":"Feature","id":"ifedayo","properties":{"id":"ifedayo","name":"Ifedayo","parentId":"osun","level":"lga"},"geometry":{"type":"Polygon","coordinates":[[[4.946845261892548,7.902357759366119],[4.9459362970845415,7.901476168644483],[4.923212176884398,7.951726839777745],[4.970478346900698,7.9808193335917395],[4.998656255948877,8.030188414003366],[5.055012074045234,8.04958340987936],[5.057738968469252,8.039885911941363],[5.020471411341015,7.960542746994107],[4.946845261892548,7.902357759366119]]]}},{"type":"Feature","id":"ori-ire","properties":{"id":"ori-ire","name":"Ori Ire","parentId":"oyo","level":"lga"},"geometry":{"type":"Polygon","coordinates":[[[3.853360597861611,8.22325678204169],[3.8569964570936337,8.327284487194758],[3.904262627109934,8.37312720471984],[3.9315315713501064,8.469220593378182],[4.047879066774845,8.506247403686903],[4.187859647207732,8.50007626863545],[4.268757515120246,8.555616484098529],[4.391467764201025,8.304363128432218],[4.32147747398458,8.268217908845134],[4.279665092816315,8.208269739773874],[4.239670641264062,8.214440874825327],[4.197858260095796,8.19063792534115],[4.197858260095796,8.126281802661708],[4.176043104703658,8.095426127404442],[4.1378665827674155,8.027543641838456],[4.138775547575421,8.023135688230276],[4.087873518327099,7.942029341839747],[4.07878387024704,7.953490021221018],[4.045152172350828,7.979937742870103],[4.049696996390856,8.019609325343731],[4.021519087342678,8.11658430472371],[3.9806156709824183,8.13950566348625],[3.98879635425447,8.188874743897877],[3.898808838261899,8.187111562454605],[3.853360597861611,8.22325678204169]]]}},{"type":"Feature","id":"ifelodun","properties":{"id":"ifelodun","name":"Ifelodun","parentId":"kwara","level":"lga"},"geometry":{"type":"Polygon","coordinates":[[[4.747781968939285,8.210032921217145],[4.68869925641891,8.285849723277858],[4.637797227170587,8.327284487194758],[4.661430312178737,8.35902175317366],[4.599620705234345,8.408390833585287],[4.597802775618334,8.426904238739645],[4.5932579515783045,8.436601736677645],[4.669610995450789,8.396048563482381],[4.724148883931135,8.381061521214566],[4.771415053947434,8.411917196471832],[4.768688159523418,8.478918091316181],[4.7514178281713075,8.530931943892716],[4.831406731275815,8.547682167603803],[4.865038429172029,8.573248298531253],[4.91412252880434,8.572366707809616],[4.965933522860669,8.690499864508865],[4.880490830908126,8.746040079971944],[4.815045364731711,8.846541422238468],[4.7814136668354985,8.921476633577544],[4.8132274351157,8.974372076875714],[4.87776393648411,9.021096385122432],[4.89048944379619,9.057241604709516],[4.9077597751483,9.01933320367916],[4.893216338220208,8.947924355226629],[4.863220499556017,8.901200046979913],[4.87776393648411,8.869462781001008],[4.92503010650041,8.8668180088361],[4.997747291140871,8.828909607805745],[5.051376214813211,8.817448928424476],[5.09864238482951,8.729289856260856],[5.2368050356463876,8.660525779973234],[5.274072592774624,8.656117826365055],[5.326792551638958,8.70548690677668],[5.355879425495143,8.676394412962686],[5.4140531732075114,8.686091910900682],[5.424051786095575,8.612919881004881],[5.420415926863552,8.533576716057624],[5.44677590629572,8.479799682037818],[5.342244953375056,8.374890386163113],[5.324065657214941,8.333455622246213],[5.281344311238669,8.27350745317495],[5.239531930070404,8.254994048020592],[5.175904393510001,8.252349275855682],[5.177722323126012,8.292902449050947],[5.1340920123417355,8.364311297503477],[4.98502178382879,8.346679483070755],[4.906850810340294,8.369600841833295],[4.820499153579746,8.35902175317366],[4.816863294347723,8.302599946988945],[4.78959435010755,8.233835870701324],[4.747781968939285,8.210032921217145]]]}},{"type":"Feature","id":"maradun","properties":{"id":"maradun","name":"Maradun","parentId":"zamfara","level":"lga"},"geometry":{"type":"Polygon","coordinates":[[[6.104866427291894,12.672645154139492],[6.091231955171808,12.707027192283302],[6.1003216032518655,12.779317631457468],[6.033967172267444,12.78372558506565],[6.005789263219266,12.919490556197621],[6.055782327659583,12.967096455165976],[6.046692679579525,13.031452577845418],[6.143951914036142,13.07905847681377],[6.210306345020563,13.018228717020873],[6.351195890261457,13.018228717020873],[6.43209375817397,13.033215759288689],[6.454817878374115,12.997952130423242],[6.364830362381543,12.97767554382561],[6.404824813933797,12.947701459289979],[6.396644130661746,12.923898509805802],[6.3421062421814,12.902740332486534],[6.404824813933797,12.83221307475564],[6.437547547022005,12.86923988506436],[6.48572268184631,12.817226032487826],[6.48572268184631,12.785488766508923],[6.431184793365965,12.782843994344013],[6.384827588157671,12.751988319086747],[6.421186180477902,12.718487871664573],[6.514809555702495,12.75375150053002],[6.5675295145668295,12.738764458262205],[6.55025918321472,12.677934698469308],[6.523899203782553,12.653250158263495],[6.417550321245878,12.640026297438952],[6.420277215669895,12.56685426754315],[6.392099306621716,12.502498144863708],[6.448455124718074,12.495445419090618],[6.5011750835824085,12.446957929400629],[6.456635807990126,12.40993111909191],[6.444819265486052,12.366733173731737],[6.398462060277756,12.372022718061555],[6.339379347757382,12.401115211875547],[6.283023529661024,12.408167937648637],[6.220304957908627,12.450484292287173],[6.168493963852298,12.434615659297723],[6.141225019612126,12.504261326306981],[6.148496738076171,12.595065170635507],[6.109411251331924,12.63826311599568],[6.104866427291894,12.672645154139492]]]}},{"type":"Feature","id":"aninri","properties":{"id":"aninri","name":"Aninri","parentId":"enugu","level":"lga"},"geometry":{"type":"Polygon","coordinates":[[[7.534668070284965,6.174439944959206],[7.555574260869097,6.128597227434124],[7.614656973389472,6.14358426970194],[7.669194861869819,6.0633595140330465],[7.675557615525859,6.00958248001324],[7.711007243038084,5.970792488261248],[7.707371383806061,5.933765677952528],[7.664650037829789,5.930239315065983],[7.572844592221207,5.969029306817975],[7.530123246244937,6.006056117126695],[7.512852914892827,6.021043159394511],[7.554665296061092,6.078346556300862],[7.500127407580745,6.137413134650486],[7.534668070284965,6.174439944959206]]]}},{"type":"Feature","id":"abakaliki","properties":{"id":"abakaliki","name":"Abakaliki","parentId":"ebonyi","level":"lga"},"geometry":{"type":"Polygon","coordinates":[[[8.03368974988013,6.203532438773199],[8.06368558854432,6.235269704752102],[8.085500743936459,6.324310367637356],[8.136402773184782,6.356929224337895],[8.153673104536892,6.2890467387719085],[8.260930951881573,6.313731278977722],[8.320922629209953,6.318139232585903],[8.391821884234403,6.306678553204632],[8.41818186366657,6.2608358356795515],[8.40091153231446,6.216756299597742],[8.340010890178075,6.261717426401187],[8.261839916689578,6.191190168670293],[8.215482711481284,6.1885453965053845],[8.18821376724111,6.21499311815447],[8.126404160296719,6.183255852175567],[8.084591779128454,6.204414029494836],[8.03368974988013,6.203532438773199]]]}},{"type":"Feature","id":"pategi","properties":{"id":"pategi","name":"Pategi","parentId":"kwara","level":"lga"},"geometry":{"type":"Polygon","coordinates":[[[5.44677590629572,8.479799682037818],[5.420415926863552,8.533576716057624],[5.424051786095575,8.612919881004881],[5.4140531732075114,8.686091910900682],[5.4622283080318175,8.739868944920492],[5.430414539751616,8.784830071723935],[5.430414539751616,8.84830460368174],[5.548579964792365,8.912660726361182],[5.642203340016959,8.835080742857198],[5.728554996777508,8.820093700589382],[5.760368765057709,8.773369392342666],[5.795818392569934,8.741632126363763],[5.928527254538776,8.742513717085398],[6.0330582074594385,8.759263940796487],[6.127590547492039,8.753092805745034],[6.149405702884177,8.720473949044495],[6.208488415404552,8.731934628425766],[6.170311893468309,8.663170552138144],[6.124863653068021,8.555616484098529],[6.113047110563946,8.441891281007461],[6.083051271899755,8.401338107812197],[6.040329925923485,8.393403791317471],[5.9121658879946715,8.424259466574739],[5.783092885257853,8.427785829461282],[5.688560545225253,8.452470369667097],[5.643112304824966,8.46304945832673],[5.52403791497621,8.537103078944169],[5.503131724392077,8.53445830677926],[5.44677590629572,8.479799682037818]]]}},{"type":"Feature","id":"biriniwa","properties":{"id":"biriniwa","name":"Biriniwa","parentId":"jigawa","level":"lga"},"geometry":{"type":"Polygon","coordinates":[[[9.765267709131116,12.796067855168557],[9.857982119547705,12.819870804652734],[9.896158641483947,12.852489661353273],[9.92979033938016,12.918608965475986],[9.987964087092529,12.956517366506342],[10.174301872733711,13.002360084031423],[10.234293550062091,13.008531219082876],[10.281559720078391,12.979438725268881],[10.264289388726281,12.954754185063068],[10.325190030862668,12.811054897436371],[10.351550010294835,12.774028087127652],[10.307010734702553,12.77667285929256],[10.187936344853798,12.695566512902031],[10.085223321549146,12.68675060568567],[10.050682658844927,12.65236856754186],[9.982510298244494,12.632973571665863],[9.853437295507675,12.625039255171137],[9.862526943587733,12.664710837644765],[9.765267709131116,12.796067855168557]]]}},{"type":"Feature","id":"ussa","properties":{"id":"ussa","name":"Ussa","parentId":"taraba","level":"lga"},"geometry":{"type":"Polygon","coordinates":[[[10.100675723285244,6.967871594431768],[10.06068127173299,6.996964088245762],[9.965239966892385,7.0234118098948475],[9.926154480148137,7.091294295460833],[9.885251063787877,7.094820658347378],[9.89343174705993,7.210309042881717],[9.915246902452068,7.243809490303892],[9.995235805556575,7.217361768654807],[10.028867503452789,7.256151760406799],[10.160667400613624,7.2852442542207925],[10.235202514870098,7.206782679995173],[10.23247562044608,7.140663375872459],[10.165212224653654,7.0207670377299385],[10.100675723285244,6.967871594431768]]]}},{"type":"Feature","id":"silame","properties":{"id":"silame","name":"Silame","parentId":"sokoto","level":"lga"},"geometry":{"type":"Polygon","coordinates":[[[4.775050913179458,12.854252842796544],[4.660521347370731,12.95916213867125],[4.677791678722841,12.998833721144878],[4.725057848739141,13.049084392278141],[4.702333728538997,13.072887341762318],[4.7450550745152675,13.105506198462855],[4.85413085147596,13.124019603617215],[4.889580478988185,13.094045519081586],[4.98502178382879,13.084348021143587],[5.015926587300986,13.07905847681377],[5.013199692876968,13.013820763412694],[4.983203854212778,13.020873489185783],[4.9641155932446575,12.930951235578892],[4.912304599188328,12.931832826300528],[4.861402569940006,12.873647838672541],[4.775050913179458,12.854252842796544]]]}},{"type":"Feature","id":"takai","properties":{"id":"takai","name":"Takai","parentId":"kano","level":"lga"},"geometry":{"type":"Polygon","coordinates":[[[9.359869404760545,11.560959254156268],[9.33078253090436,11.51687971807446],[9.284425325696066,11.50277426652828],[9.22988743721572,11.445470869621929],[9.232614331639738,11.4057992871483],[9.195346774511501,11.326456122201044],[9.129901308335086,11.329100894365952],[9.04718551080656,11.42166792013775],[9.031733109070462,11.453405186116655],[9.033551038686474,11.528340397455729],[9.030824144262457,11.55566970982645],[9.061728947734652,11.566248798486086],[9.07718134947075,11.612973106732802],[9.159897146999276,11.65264468920643],[9.168986795079332,11.573301524259175],[9.224433648367684,11.561840844877903],[9.327146671672336,11.576827887145718],[9.359869404760545,11.560959254156268]]]}},{"type":"Feature","id":"bwari","properties":{"id":"bwari","name":"Bwari","parentId":"abuja-federal-capital-territory","level":"lga"},"geometry":{"type":"Polygon","coordinates":[[[7.5892059587653105,9.101321140791324],[7.37469026407595,9.123360908832229],[7.343785460603755,9.14363749542986],[7.277431029619333,9.133058406770228],[7.2183483170989575,9.092505233574963],[7.221075211522976,9.115426592337503],[7.378326123307973,9.336705863468184],[7.5092170556608036,9.355219268622545],[7.541939788749012,9.386956534601447],[7.647379706477681,9.40899630264235],[7.723732750350164,9.329653137695095],[7.6673769322538075,9.304087006767645],[7.5882969939573055,9.128650453162045],[7.5892059587653105,9.101321140791324]]]}},{"type":"Feature","id":"edu","properties":{"id":"edu","name":"Edu","parentId":"kwara","level":"lga"},"geometry":{"type":"Polygon","coordinates":[[[5.4140531732075114,8.686091910900682],[5.355879425495143,8.676394412962686],[5.326792551638958,8.70548690677668],[5.274072592774624,8.656117826365055],[5.2368050356463876,8.660525779973234],[5.09864238482951,8.729289856260856],[5.051376214813211,8.817448928424476],[4.997747291140871,8.828909607805745],[4.92503010650041,8.8668180088361],[4.87776393648411,8.869462781001008],[4.863220499556017,8.901200046979913],[4.893216338220208,8.947924355226629],[4.9077597751483,9.01933320367916],[4.89048944379619,9.057241604709516],[4.897761162260236,9.117189773780776],[4.875946006868098,9.15774294697604],[4.996838326332865,9.207112027387666],[5.159543026965897,9.106610685121142],[5.208627126598209,9.03520183666861],[5.323156692406935,8.992003891308439],[5.370422862423235,8.996411844916619],[5.512221372472135,8.944397992340084],[5.548579964792365,8.912660726361182],[5.430414539751616,8.84830460368174],[5.430414539751616,8.784830071723935],[5.4622283080318175,8.739868944920492],[5.4140531732075114,8.686091910900682]]]}},{"type":"Feature","id":"jemaa","properties":{"id":"jemaa","name":"Jema'A","parentId":"kaduna","level":"lga"},"geometry":{"type":"Polygon","coordinates":[[[8.08731867355247,9.230914976871844],[8.060958694120304,9.266178605737291],[7.940975339463543,9.313784504705644],[8.00823873525597,9.323482002643642],[8.092772462400506,9.428391298518347],[8.070048342200362,9.495392193362697],[8.15185517492088,9.506852872743966],[8.16458068223296,9.550932408825776],[8.22729925398536,9.505089691300695],[8.245478550145474,9.558866725320502],[8.281837142465704,9.572090586145045],[8.311832981129896,9.612643759340308],[8.350918467874143,9.54299809233105],[8.413637039626542,9.55005081810414],[8.4545404559868,9.532419003671418],[8.499079731579084,9.57561694903159],[8.55543554967544,9.581788084083044],[8.578159669875586,9.498918556249242],[8.516350062931194,9.493629011919424],[8.447268737522755,9.434562433569802],[8.412728074818535,9.369324720168724],[8.34728260864212,9.32612677480855],[8.247296479761486,9.239730884088205],[8.1863958376251,9.238849293366568],[8.130040019528742,9.215046343882392],[8.08731867355247,9.230914976871844]]]}},{"type":"Feature","id":"gumel","properties":{"id":"gumel","name":"Gumel","parentId":"jigawa","level":"lga"},"geometry":{"type":"Polygon","coordinates":[[[9.476216900185282,12.5924203984706],[9.431677624593,12.555393588161879],[9.400772821120803,12.55980154177006],[9.363505263992568,12.5412881366157],[9.323510812440313,12.582722900532602],[9.320783918016296,12.66118447475822],[9.349870791872481,12.68234265207749],[9.411680398816873,12.70526401084003],[9.470763111337249,12.681461061355852],[9.476216900185282,12.5924203984706]]]}},{"type":"Feature","id":"binji","properties":{"id":"binji","name":"Binji","parentId":"sokoto","level":"lga"},"geometry":{"type":"Polygon","coordinates":[[[4.702333728538997,13.072887341762318],[4.6232537902424955,13.070242569597408],[4.555081429642063,13.11167733351431],[4.497816646737699,13.1601648232043],[4.511451118857786,13.183967772688476],[4.619617931010472,13.248323895367918],[4.695062010074951,13.255376621141007],[4.727784743163157,13.350588419077715],[4.85413085147596,13.333838195366626],[4.965024558052663,13.286232296398273],[4.941391473044513,13.258021393305915],[5.015926587300986,13.186612544853384],[5.071373440589338,13.173388684028842],[4.965933522860669,13.11608528712249],[4.98502178382879,13.084348021143587],[4.889580478988185,13.094045519081586],[4.85413085147596,13.124019603617215],[4.7450550745152675,13.105506198462855],[4.702333728538997,13.072887341762318]]]}},{"type":"Feature","id":"kware","properties":{"id":"kware","name":"Kware","parentId":"sokoto","level":"lga"},"geometry":{"type":"Polygon","coordinates":[[[5.540399281520314,12.981201906712155],[5.448593835911731,12.964451683001068],[5.398600771471414,12.997952130423242],[5.370422862423235,12.975912362382337],[5.317702903558901,12.999715311866515],[5.292251888934739,13.030570987123781],[5.270436733542601,13.064953025267592],[5.2431677893024276,13.079940067535407],[5.25771122623052,13.155756869596118],[5.193174724862111,13.203362768564473],[5.178631287934018,13.237744806708283],[5.135000977149741,13.249205486089553],[5.167723710237949,13.336482967531536],[5.274072592774624,13.331193423201718],[5.295887748166763,13.215705038667378],[5.336791164527021,13.226284127327013],[5.348607707031096,13.18308618196684],[5.326792551638958,13.1187300592874],[5.361333214343178,13.112558924235945],[5.408599384359477,13.080821658257042],[5.455865554375777,13.109914152071036],[5.478589674575922,13.036742122175234],[5.514039302088146,13.034097350010326],[5.540399281520314,12.981201906712155]]]}},{"type":"Feature","id":"bunza","properties":{"id":"bunza","name":"Bunza","parentId":"kebbi","level":"lga"},"geometry":{"type":"Polygon","coordinates":[[[3.99515910791051,11.99910984280945],[3.9388032898141527,12.07051869126198],[3.8733578236377375,12.09167686858125],[3.764282046677046,12.099611185075975],[3.797004779765253,12.139282767549602],[3.7842792724531726,12.221270704661766],[3.8215468295814086,12.2415472912594],[3.8324544072774778,12.285626827341208],[3.8260916536214378,12.376430671669734],[3.879720577293778,12.426681342802997],[3.9206239936540372,12.405523165483729],[3.9987949671425334,12.405523165483729],[3.9906142838704817,12.332351135587926],[4.004248755990568,12.216862751053586],[4.067876292550972,12.238020928372855],[4.09605420159915,12.21862593249686],[4.125141075455335,12.260942287135396],[4.159681738159554,12.25036319847576],[4.117869356991289,12.17454639641505],[4.132412793919381,12.137519586106329],[4.105143849679208,12.074045054148524],[3.99515910791051,11.99910984280945]]]}},{"type":"Feature","id":"mopa-muro","properties":{"id":"mopa-muro","name":"Mopa-Muro","parentId":"kogi","level":"lga"},"geometry":{"type":"Polygon","coordinates":[[[5.834903879314181,7.924397527407024],[5.769458413137766,7.9755297892619215],[5.759459800249703,8.002859101632644],[5.789455638913894,8.050465000600997],[5.825814231234125,8.176532473794971],[5.8994403806825915,8.2576388201855],[5.962158952434989,8.313179035648579],[6.027604418611404,8.344916301627482],[6.086687131131779,8.353732208843844],[6.089414025555796,8.32463971502985],[6.054873362851577,8.210914511938782],[6.071234729395681,8.162427022248792],[6.0266954538033986,8.154492705754066],[5.95761412839496,8.096307718126079],[5.907621063954643,7.999332738746099],[5.834903879314181,7.924397527407024]]]}},{"type":"Feature","id":"sokoto-north","properties":{"id":"sokoto-north","name":"Sokoto North","parentId":"sokoto","level":"lga"},"geometry":{"type":"Polygon","coordinates":[[[5.2431677893024276,13.079940067535407],[5.270436733542601,13.064953025267592],[5.223170563526301,13.042913257226687],[5.2431677893024276,13.079940067535407]]]}},{"type":"Feature","id":"musawa","properties":{"id":"musawa","name":"Musawa","parentId":"katsina","level":"lga"},"geometry":{"type":"Polygon","coordinates":[[[7.494673618732712,12.085505733529796],[7.525578422204907,12.1075455015707],[7.573753557029214,12.13311163249815],[7.669194861869819,12.146335493322692],[7.798267864606638,12.217744341775223],[7.799176829414643,12.263587059300303],[7.830990597694845,12.26711342218685],[7.862804365975046,12.232731384043039],[7.855532647511001,12.147217084044328],[7.8800746973271565,12.044070969612894],[7.865531260399065,12.021149610850355],[7.736458257662246,12.008807340747447],[7.708280348614066,12.042307788169623],[7.650106600901697,12.058176421159073],[7.620110762237507,12.042307788169623],[7.598295606845369,11.960319851057458],[7.571026662605195,11.962083032500729],[7.51648877412485,11.962083032500729],[7.536485999900977,12.014096885077265],[7.494673618732712,12.085505733529796]]]}},{"type":"Feature","id":"ethiope-west","properties":{"id":"ethiope-west","name":"Ethiope West","parentId":"delta","level":"lga"},"geometry":{"type":"Polygon","coordinates":[[[5.893986591834556,5.7988822975421925],[5.825814231234125,5.770671394449835],[5.776730131601813,5.814750930531644],[5.772185307561784,5.852659331562],[5.698559158113317,5.8905677325923556],[5.640385410400947,5.946107948055435],[5.5894833811526246,5.918778635684713],[5.5713040849925095,5.9910690748588795],[5.604935782888723,6.022806340837782],[5.6685633194491265,6.051898834651777],[5.764004624289732,5.998121800631969],[5.812179759114038,5.98401634908579],[5.83308594969817,5.9408184037256175],[5.92125553607473,5.877343871767813],[5.893986591834556,5.7988822975421925]]]}},{"type":"Feature","id":"ishielu","properties":{"id":"ishielu","name":"Ishielu","parentId":"ebonyi","level":"lga"},"geometry":{"type":"Polygon","coordinates":[[[7.732822398430223,6.22645379753574],[7.709189313422073,6.2775860593906385],[7.721005855926148,6.331363093410445],[7.751001694590338,6.385140127430253],[7.741912046510279,6.4944573769131395],[7.726459644774183,6.559695090314216],[7.704644489382044,6.5782084954685764],[7.6910100172619575,6.638156664539837],[7.720096891118141,6.646972571756198],[7.817356125574758,6.6372750738182],[7.846442999430943,6.598485082066208],[7.7946320053746145,6.55176077381949],[7.805539583070683,6.473299199593871],[7.847351964238948,6.444206705779877],[7.900980887911288,6.452141022274603],[7.92643190253545,6.408943076914429],[7.92006914887941,6.348113317121533],[7.882801591751173,6.317257641864266],[7.893709169447243,6.267006970731004],[7.850987823470971,6.231743341865557],[7.791905110950598,6.199124485165019],[7.775543744406493,6.236151295473738],[7.732822398430223,6.22645379753574]]]}},{"type":"Feature","id":"sakaba","properties":{"id":"sakaba","name":"Sakaba","parentId":"kebbi","level":"lga"},"geometry":{"type":"Polygon","coordinates":[[[5.333155305294999,11.356430206736674],[5.370422862423235,11.404917696426665],[5.4140531732075114,11.402272924261755],[5.418597997247541,11.372298839726124],[5.491315181888002,11.34144316446886],[5.50040482996806,11.284139767562507],[5.484952428231962,11.254165683026876],[5.603117853272711,11.247994547975424],[5.684015721185224,11.184520016017618],[5.776730131601813,11.167769792306531],[5.794909427761928,11.135150935605992],[5.86762661240239,11.106940032513634],[5.800363216609963,11.082255492307823],[5.7294639615855125,10.998504373752386],[5.636749551168925,10.96500392633021],[5.584938557112595,10.966767107773482],[5.556760648064417,10.947372111897486],[5.50040482996806,10.975583014989844],[5.430414539751616,10.99057005725766],[5.388602158583351,11.037294365504376],[5.386784228967339,11.091952990245819],[5.404054560319448,11.146611614987263],[5.348607707031096,11.33879839230395],[5.333155305294999,11.356430206736674]]]}},{"type":"Feature","id":"kudan","properties":{"id":"kudan","name":"Kudan","parentId":"kaduna","level":"lga"},"geometry":{"type":"Polygon","coordinates":[[[7.624655586277536,11.216257281996521],[7.618292832621496,11.277968632511055],[7.706462418998054,11.309705898489955],[7.721005855926148,11.370535658282853],[7.751001694590338,11.37141724900449],[7.805539583070683,11.37141724900449],[7.876438838095133,11.281494995397598],[7.813720266342736,11.29031090261396],[7.81281130153473,11.203033421171979],[7.840989210582908,11.199507058285434],[7.81281130153473,11.153664340760352],[7.756455483438373,11.198625467563797],[7.746456870550309,11.244468185088879],[7.696463806109991,11.212730919109976],[7.624655586277536,11.216257281996521]]]}},{"type":"Feature","id":"kachia","properties":{"id":"kachia","name":"Kachia","parentId":"kaduna","level":"lga"},"geometry":{"type":"Polygon","coordinates":[[[7.251071050187166,9.520958324290145],[7.233800718835056,9.565037860371955],[7.305608938667511,9.627630801608124],[7.276522064811328,9.690223742844292],[7.204713844978873,9.758106228410279],[7.210167633826906,9.780145996451182],[7.292883431355431,9.81100167170845],[7.2965192905874545,9.870068250058074],[7.277431029619333,10.016412309849681],[7.253797944611183,10.03933366861222],[7.334695812523696,10.06049184593149],[7.399232313892107,10.11074251706475],[7.444680554292395,10.183914546960555],[7.51012602046881,10.194493635620187],[7.555574260869097,10.172453867579284],[7.637381093589617,10.038452077890584],[7.6910100172619575,10.004951630468408],[7.736458257662246,10.012004356241498],[7.748274800166321,9.977622318097687],[7.805539583070683,10.018175491292952],[7.820083019998776,10.068426162426213],[7.894618134255248,10.067544571704579],[7.951882917159612,10.131019103662382],[7.998240122367905,10.11779524283784],[7.98460565024782,10.077242069642576],[8.028235961032097,10.040215259333856],[8.010965629679987,9.94941141500533],[8.041870433152182,9.94941141500533],[8.090045567976489,9.88681847376916],[8.08731867355247,9.861252342841713],[8.022782172184062,9.80130417377045],[8.067321447776344,9.771330089234821],[8.070957307008367,9.732540097482829],[8.133675878760766,9.669065565525024],[8.116405547408656,9.624986029443216],[8.079137990280419,9.581788084083044],[8.017328383336027,9.572090586145045],[7.948247057927588,9.634683527381213],[7.900071923103283,9.674355109854842],[7.83644438654288,9.691986924287566],[7.815538195958746,9.647907388205756],[7.748274800166321,9.676118291298113],[7.734640328046234,9.609117396453765],[7.648288671285686,9.626749210886487],[7.568299768181179,9.577380130474861],[7.51194395008482,9.58707762841286],[7.448316413524417,9.616170122226855],[7.433772976596325,9.593248763464313],[7.30833583309153,9.572972176866681],[7.2901565369314145,9.513905598517056],[7.251071050187166,9.520958324290145]]]}},{"type":"Feature","id":"sabon-birni","properties":{"id":"sabon-birni","name":"Sabon Birni","parentId":"sokoto","level":"lga"},"geometry":{"type":"Polygon","coordinates":[[[6.056691292467589,13.393786364437887],[6.0112430520673,13.468721575776962],[5.962158952434989,13.488116571652958],[5.915801747226695,13.564814964435305],[5.9239824304987465,13.62123677062002],[5.982156178211116,13.712922205670184],[6.07577955343571,13.682066530412918],[6.155768456540217,13.645039720104199],[6.233030465220708,13.673250623196557],[6.296658001781111,13.67942175824801],[6.403006884317786,13.611539272682023],[6.495721294734373,13.56834132732185],[6.558439866486772,13.477537482993323],[6.6529722065193715,13.370865005675347],[6.534806781478622,13.305627292274268],[6.47935992819027,13.317087971655539],[6.416641356437872,13.29152184072809],[6.323926946021285,13.310916836604086],[6.211215309828569,13.304745701552633],[6.210306345020563,13.359404326294076],[6.160313280580246,13.338246148974807],[6.056691292467589,13.393786364437887]]]}},{"type":"Feature","id":"uzo-uwani","properties":{"id":"uzo-uwani","name":"Uzo-Uwani","parentId":"enugu","level":"lga"},"geometry":{"type":"Polygon","coordinates":[[[7.202895915362861,6.90263388103069],[7.305608938667511,6.847093665567611],[7.275613100003321,6.760697774847266],[7.30197307943549,6.7368948253630885],[7.2974282553954595,6.6787098377351],[7.221075211522976,6.676946656291829],[7.235618648451068,6.5729189511387585],[7.1874435136267625,6.502391693407865],[7.138359413994451,6.520023507840588],[7.056552581273932,6.464483292377508],[7.032919496265782,6.463601701655873],[7.04837189800188,6.527076233613678],[7.109272540138267,6.593195537736391],[7.129269765914394,6.659314841859105],[7.050189827617892,6.682236200621645],[6.991107115097517,6.713091875878911],[6.939296121041188,6.7033943779409135],[6.910209247185003,6.696341652167824],[6.861125147552691,6.753645049074176],[6.8965747750649165,6.7924350408261684],[6.952021628353268,6.808303673815619],[6.961111276433327,6.840922530516158],[6.991107115097517,6.785382315053079],[7.04200914434584,6.78273754288817],[7.081094631090087,6.800369357320894],[7.175626971122687,6.896462745979237],[7.202895915362861,6.90263388103069]]]}},{"type":"Feature","id":"jaba","properties":{"id":"jaba","name":"Jaba","parentId":"kaduna","level":"lga"},"geometry":{"type":"Polygon","coordinates":[[[8.16458068223296,9.550932408825776],[8.15185517492088,9.506852872743966],[8.070048342200362,9.495392193362697],[8.092772462400506,9.428391298518347],[8.00823873525597,9.323482002643642],[7.940975339463543,9.313784504705644],[7.919160184071405,9.317310867592187],[7.906434676759323,9.329653137695095],[7.959154635623658,9.397535623261081],[7.955518776391635,9.461010155218887],[7.928249832151462,9.567682632536865],[7.948247057927588,9.634683527381213],[8.017328383336027,9.572090586145045],[8.079137990280419,9.581788084083044],[8.116405547408656,9.624986029443216],[8.171852400697007,9.565919451093592],[8.16458068223296,9.550932408825776]]]}},{"type":"Feature","id":"ibesikpo-asutan","properties":{"id":"ibesikpo-asutan","name":"Ibesikpo Asutan","parentId":"akwa-ibom","level":"lga"},"geometry":{"type":"Polygon","coordinates":[[[7.9764249669757685,4.837948410958756],[7.92643190253545,4.8220797779693045],[7.939157409847532,4.84852749961839],[7.908252606375335,4.913765213019468],[7.916433289647387,4.938449753225281],[7.8918912398312315,4.991345196523452],[7.933703620999497,5.001042694461449],[7.99096840390386,4.951673614049823],[8.019146312952039,4.906712487246378],[7.9764249669757685,4.837948410958756]]]}},{"type":"Feature","id":"sokoto-south","properties":{"id":"sokoto-south","name":"Sokoto South","parentId":"sokoto","level":"lga"},"geometry":{"type":"Polygon","coordinates":[[[5.270436733542601,13.064953025267592],[5.292251888934739,13.030570987123781],[5.247712613342457,13.005886446917968],[5.223170563526301,13.042913257226687],[5.270436733542601,13.064953025267592]]]}},{"type":"Feature","id":"yabo","properties":{"id":"yabo","name":"Yabo","parentId":"sokoto","level":"lga"},"geometry":{"type":"Polygon","coordinates":[[[4.750508863363303,12.75110672836511],[4.806864681459659,12.819870804652734],[4.775050913179458,12.854252842796544],[4.861402569940006,12.873647838672541],[4.912304599188328,12.931832826300528],[4.9641155932446575,12.930951235578892],[5.057738968469252,12.9335960077438],[5.102278244061534,12.857779205683089],[5.058647933277257,12.83485784692055],[5.0850079127094245,12.774028087127652],[5.09864238482951,12.738764458262205],[5.084098947901419,12.663829246923129],[5.004110044796911,12.671763563417855],[4.960479734012635,12.636499934552408],[4.9341197545804665,12.646197432490405],[4.867765323596046,12.628565618057682],[4.880490830908126,12.720251053107845],[4.810500540691683,12.745817184035294],[4.750508863363303,12.75110672836511]]]}},{"type":"Feature","id":"damboa","properties":{"id":"damboa","name":"Damboa","parentId":"borno","level":"lga"},"geometry":{"type":"Polygon","coordinates":[[[12.452167681596162,10.737553520148076],[12.436715279860064,10.832765318084782],[12.379450496955702,10.934148251072944],[12.314913995587291,11.02230732323656],[12.153118259762266,11.119282302616542],[12.120395526674058,11.14044047993581],[12.102216230513942,11.23741545931579],[12.11312380821001,11.26033681807833],[12.18674995765848,11.301771581995231],[12.220381655554691,11.359074978901582],[12.248559564602871,11.340561573747223],[12.386722215419747,11.384641109829031],[12.440351139092087,11.38993065415885],[12.490344203532405,11.324692940757771],[12.46762008333226,11.266507953129784],[12.540337267972722,11.20038864900707],[12.579422754716969,11.217138872718158],[12.63486960800532,11.212730919109976],[12.750308138622055,11.300889991273595],[12.805754991910405,11.30706112632505],[12.829388076918555,11.35731179745831],[12.903923191175029,11.274442269624508],[13.100259589704274,11.339679983025587],[13.192065035312856,11.320284987149591],[13.216607085129013,11.17305933663635],[13.142980935680544,11.12457184694636],[13.21933397955303,10.943845749010942],[13.31386631958563,10.913871664475312],[13.327500791705715,10.865384174785321],[13.23660431090514,10.89800303148586],[13.20842640185696,10.86097622117714],[13.150252654144591,10.86097622117714],[13.160251267032654,10.958832791278756],[13.099350624896267,10.970293470660028],[13.087534082392192,10.940319386124397],[13.044812736415922,10.952661656227303],[12.983912094279535,10.94649052117585],[12.75121710343006,10.973819833546571],[12.729401948037921,11.002030736638929],[12.676681989173586,11.017017778906744],[12.660320622629483,10.915634845918584],[12.6157813470372,10.832765318084782],[12.666683376285523,10.78251464695152],[12.588512402797027,10.757830106745708],[12.546700021628762,10.810725550043879],[12.452167681596162,10.737553520148076]]]}},{"type":"Feature","id":"matazu","properties":{"id":"matazu","name":"Matazu","parentId":"katsina","level":"lga"},"geometry":{"type":"Polygon","coordinates":[[[7.799176829414643,12.263587059300303],[7.798267864606638,12.217744341775223],[7.669194861869819,12.146335493322692],[7.573753557029214,12.13311163249815],[7.525578422204907,12.1075455015707],[7.541030823941005,12.17895435002323],[7.52921428143693,12.193941392291045],[7.541939788749012,12.26887660363012],[7.517397738932855,12.322653637649928],[7.5155798093168436,12.366733173731737],[7.609203184541437,12.34293022424756],[7.651924530517709,12.344693405690832],[7.717369996694124,12.303258641773931],[7.772816849982476,12.303258641773931],[7.799176829414643,12.263587059300303]]]}},{"type":"Feature","id":"sandamu","properties":{"id":"sandamu","name":"Sandamu","parentId":"katsina","level":"lga"},"geometry":{"type":"Polygon","coordinates":[[[8.241842690913451,12.826041939704186],[8.25093233899351,12.879818973723994],[8.26365784630559,12.900977151043262],[8.342737784602091,12.920372146919258],[8.346373643834115,12.98913622320688],[8.366370869610241,13.017347126299239],[8.413637039626542,13.03762371289687],[8.446359772714748,12.953872594341433],[8.464539068874863,12.844555344858547],[8.5018066260031,12.833976256198913],[8.443632878290732,12.816344441766189],[8.398184637890443,12.826041939704186],[8.337283995754056,12.835739437642184],[8.241842690913451,12.826041939704186]]]}},{"type":"Feature","id":"mashi","properties":{"id":"mashi","name":"Mashi","parentId":"katsina","level":"lga"},"geometry":{"type":"Polygon","coordinates":[[[7.863713330783053,13.090519156195041],[7.941884304271548,13.182204591245204],[7.932794656191492,13.246560713924644],[7.860986436359035,13.240389578873192],[7.848260929046955,13.28006116134682],[7.811902336726725,13.309153655160813],[7.820083019998776,13.352351600520986],[8.06186765892831,13.317087971655539],[8.08731867355247,13.225402536605376],[8.120950371448684,13.163691186090844],[8.114587617792644,13.113440514957581],[8.157308963768916,13.071124160319044],[8.160944823000937,13.038505303618507],[8.097317286440534,13.006768037639604],[8.058231799696287,13.008531219082876],[8.06368558854432,12.939767142795255],[8.03823457392016,12.915964193311076],[7.9773339317837735,12.932714417022165],[7.935521550615508,12.967978045887612],[7.875529873287128,13.039386894340142],[7.863713330783053,13.090519156195041]]]}},{"type":"Feature","id":"dan-musa","properties":{"id":"dan-musa","name":"Dan Musa","parentId":"katsina","level":"lga"},"geometry":{"type":"Polygon","coordinates":[[[7.525578422204907,12.1075455015707],[7.494673618732712,12.085505733529796],[7.46285985045251,12.096966412911065],[7.43468194140433,12.142809130436147],[7.358328897531846,12.118124590230334],[7.279248959235344,12.153388219095781],[7.253797944611183,12.102255957240882],[7.178353865546704,12.08903209641634],[7.130178730722399,12.068755509818708],[7.117453223410319,12.094321640746157],[7.156538710154566,12.185125485074684],[7.150175956498526,12.231849793321402],[7.092911173594162,12.2829820551763],[7.0656422293539904,12.431970887132815],[7.171991111890664,12.45136588300881],[7.196533161706819,12.339403861361015],[7.263796557499246,12.347338177855741],[7.295610325779448,12.312956139711929],[7.334695812523696,12.320008865485018],[7.376508193691961,12.307666595382113],[7.4001412787001115,12.263587059300303],[7.49921844277274,12.255652742805578],[7.541939788749012,12.26887660363012],[7.52921428143693,12.193941392291045],[7.541030823941005,12.17895435002323],[7.525578422204907,12.1075455015707]]]}},{"type":"Feature","id":"kura","properties":{"id":"kura","name":"Kura","parentId":"kano","level":"lga"},"geometry":{"type":"Polygon","coordinates":[[[8.47181078733891,11.717000811885871],[8.45908528002683,11.73815898920514],[8.379096376922321,11.757553985081136],[8.41181911001053,11.820146926317305],[8.442723913482725,11.846594647966391],[8.509987309275152,11.845713057244755],[8.600883790075729,11.785764888173494],[8.618154121427839,11.752264440751318],[8.567252092179515,11.781356934565313],[8.5018066260031,11.758435575802771],[8.47181078733891,11.717000811885871]]]}},{"type":"Feature","id":"lere","properties":{"id":"lere","name":"Lere","parentId":"kaduna","level":"lga"},"geometry":{"type":"Polygon","coordinates":[[[8.818126379189108,10.380509277885423],[8.799038118220986,10.302929294381439],[8.734501616852578,10.274718391289081],[8.68632648202827,10.211243859331276],[8.67178304510018,10.146006145930198],[8.67996372837223,10.011122765519863],[8.610882402963792,10.001425267581865],[8.538165218323332,10.032280942839131],[8.434543230210673,9.994372541808776],[8.434543230210673,9.997898904695319],[8.450904596754778,10.044623212942039],[8.500897661195095,10.092229111910392],[8.486354224267002,10.131019103662382],[8.439088054250703,10.175980230465829],[8.379096376922321,10.29587656860835],[8.328194347674,10.245625897475087],[8.320013664401948,10.296758159329986],[8.330012277290011,10.354061556236337],[8.362735010378218,10.393733138709965],[8.407274285970502,10.403430636647963],[8.416363934050558,10.443983809843228],[8.33455710133004,10.626473089221918],[8.369097764034258,10.706697844890808],[8.414546004434547,10.73667192942644],[8.480900435418969,10.71551375210717],[8.50635145004313,10.650276038706092],[8.543619007171365,10.631762633551734],[8.593612071611684,10.644986494376276],[8.64996788970804,10.623828317057008],[8.710868531844428,10.543603561388116],[8.783585716484888,10.597380595407923],[8.792675364564946,10.565643329429019],[8.776313998020843,10.479247438708676],[8.74904505378067,10.440457446956682],[8.818126379189108,10.380509277885423]]]}},{"type":"Feature","id":"zango","properties":{"id":"zango","name":"Zango","parentId":"katsina","level":"lga"},"geometry":{"type":"Polygon","coordinates":[[[8.5018066260031,12.833976256198913],[8.464539068874863,12.844555344858547],[8.446359772714748,12.953872594341433],[8.413637039626542,13.03762371289687],[8.434543230210673,13.081703248978679],[8.516350062931194,13.083466430421952],[8.615427227003822,13.021755079907418],[8.663602361828127,12.9432935056818],[8.70814163742041,12.930069644857255],[8.721776109540496,12.864831931456179],[8.67178304510018,12.85072647991],[8.62633480469989,12.882463745888902],[8.551799690443417,12.83221307475564],[8.5018066260031,12.833976256198913]]]}},{"type":"Feature","id":"wurno","properties":{"id":"wurno","name":"Wurno","parentId":"sokoto","level":"lga"},"geometry":{"type":"Polygon","coordinates":[[[5.361333214343178,13.112558924235945],[5.326792551638958,13.1187300592874],[5.348607707031096,13.18308618196684],[5.336791164527021,13.226284127327013],[5.388602158583351,13.305627292274268],[5.42950557494361,13.31003524588245],[5.484952428231962,13.3770361407268],[5.496768970736037,13.336482967531536],[5.5894833811526246,13.28711388711991],[5.712193630233403,13.288877068563181],[5.804908040649991,13.31003524588245],[5.8512652458582854,13.29152184072809],[5.861263858746349,13.220994582997195],[5.722192243121467,13.237744806708283],[5.634022656744907,13.256258211862642],[5.5222199853601985,13.17867822835866],[5.415871102823523,13.146940962379757],[5.361333214343178,13.112558924235945]]]}},{"type":"Feature","id":"gudu","properties":{"id":"gudu","name":"Gudu","parentId":"sokoto","level":"lga"},"geometry":{"type":"Polygon","coordinates":[[[4.727784743163157,13.350588419077715],[4.695062010074951,13.255376621141007],[4.619617931010472,13.248323895367918],[4.511451118857786,13.183967772688476],[4.497816646737699,13.1601648232043],[4.467820808073509,13.180441409801931],[4.374197432848915,13.200717996399563],[4.300571283400448,13.259784574749187],[4.2142196266399,13.263310937635731],[4.12605004026334,13.25008707681119],[4.12605004026334,13.467839985055326],[4.232398922800016,13.499577251034228],[4.287845776088367,13.541012014951129],[4.394194658625041,13.65385562732056],[4.445096687873365,13.675013804639828],[4.636888262362581,13.723501294329818],[4.7086964821950374,13.758764923195265],[4.801410892611625,13.768462421133263],[4.807773646267666,13.712040614948547],[4.749599898555296,13.687356074742736],[4.704151658155008,13.651210855155652],[4.758689546635354,13.594789048970936],[4.723239919123129,13.542775196394402],[4.764143335483389,13.516327474745315],[4.761416441059371,13.446681807736057],[4.727784743163157,13.350588419077715]]]}},{"type":"Feature","id":"gwiwa","properties":{"id":"gwiwa","name":"Gwiwa","parentId":"jigawa","level":"lga"},"geometry":{"type":"Polygon","coordinates":[[[8.241842690913451,12.826041939704186],[8.337283995754056,12.835739437642184],[8.398184637890443,12.826041939704186],[8.402729461930472,12.706145601561666],[8.344555714218103,12.653250158263495],[8.282746107273711,12.650605386098587],[8.252750268609521,12.69380333145876],[8.160035858192932,12.684105833520762],[8.185486872817094,12.732593323210752],[8.141856562032817,12.811054897436371],[8.241842690913451,12.826041939704186]]]}},{"type":"Feature","id":"birnin-kebbi","properties":{"id":"birnin-kebbi","name":"Birnin Kebbi","parentId":"kebbi","level":"lga"},"geometry":{"type":"Polygon","coordinates":[[[4.475092526537555,12.406404756205365],[4.3923767290090305,12.410812709813547],[4.404193271513105,12.352627722185558],[4.360562960728828,12.336759089196107],[4.294208529744408,12.325298409814836],[4.2351258172240325,12.332351135587926],[4.171498280663629,12.39847043971064],[4.106052814487214,12.371141127339918],[4.060604574086925,12.439023612905903],[4.085146623903081,12.487511102595894],[4.054241820430885,12.556275178883515],[4.173316210279641,12.655894930428405],[4.221491345103946,12.611815394346594],[4.259667867040188,12.546577680945518],[4.286936811280361,12.580078128367692],[4.358745031112817,12.588894035584055],[4.353291242264782,12.557156769605152],[4.4478235822973815,12.558919951048424],[4.4478235822973815,12.493682237647347],[4.475092526537555,12.406404756205365]]]}},{"type":"Feature","id":"suru","properties":{"id":"suru","name":"Suru","parentId":"kebbi","level":"lga"},"geometry":{"type":"Polygon","coordinates":[[[3.99515910791051,11.99910984280945],[4.105143849679208,12.074045054148524],[4.151501054887502,12.074045054148524],[4.201494119327819,12.048478923221076],[4.203312048943831,12.002636205695994],[4.29148163532039,11.900371681986197],[4.312387825904523,11.848357829409663],[4.276938198392298,11.798988748998037],[4.300571283400448,11.732869444875323],[4.2287630635679925,11.659697414979519],[4.185132752783716,11.642065600546797],[4.1442293364234555,11.661460596422792],[4.104234884871202,11.64823673559825],[4.106052814487214,11.614736288176076],[4.016065298494643,11.561840844877903],[3.989705319062476,11.500129494363371],[3.875175753253749,11.549498574774997],[3.811548216693345,11.587406975805354],[3.851542668245599,11.627960149000618],[3.9442570786621873,11.64118400982516],[3.9833425654064354,11.665868550030973],[3.989705319062476,11.717000811885871],[4.016065298494643,11.73110626343205],[4.015156333686637,11.785764888173494],[3.969708093286349,11.836897150028392],[3.9687991284783433,11.981478028376726],[3.99515910791051,11.99910984280945]]]}},{"type":"Feature","id":"numan","properties":{"id":"numan","name":"Numan","parentId":"adamawa","level":"lga"},"geometry":{"type":"Polygon","coordinates":[[[11.639553143239008,9.306731778932555],[11.598649726878747,9.301442234602737],[11.530477366278316,9.32612677480855],[11.524114612622276,9.395772441817808],[11.691364137295336,9.490102649032881],[11.785896477327936,9.512142417073784],[11.874066063704495,9.520958324290145],[11.907697761600708,9.50156332841415],[11.961326685273049,9.505971282022331],[11.978597016625159,9.553577180990686],[11.960417720465042,9.597656717072494],[12.071311427041746,9.62586762016485],[12.027681116257469,9.427509707796712],[12.002230101633309,9.432799252126529],[11.93951152988091,9.406351530477444],[11.86224952120042,9.446904703672708],[11.827708858496202,9.388719716044719],[11.75499167385574,9.361390403673997],[11.699544820567388,9.32171882120037],[11.63682624881499,9.348166542849455],[11.639553143239008,9.306731778932555]]]}},{"type":"Feature","id":"biu","properties":{"id":"biu","name":"Biu","parentId":"borno","level":"lga"},"geometry":{"type":"Polygon","coordinates":[[[12.153118259762266,11.119282302616542],[12.314913995587291,11.02230732323656],[12.379450496955702,10.934148251072944],[12.436715279860064,10.832765318084782],[12.452167681596162,10.737553520148076],[12.406719441195873,10.686421258293176],[12.464893188908244,10.63969695004646],[12.438533209476075,10.617657182005555],[12.43762424466807,10.574459236645382],[12.370360848875643,10.574459236645382],[12.333093291747407,10.596499004686287],[12.314913995587291,10.659973536644092],[12.260376107106946,10.623828317057008],[12.25946714229894,10.594735823243013],[12.204929253818595,10.556827422212658],[12.1585720486103,10.596499004686287],[12.107670019361978,10.59120946035647],[12.073129356657757,10.666144671695545],[11.992231488745245,10.645868085097913],[11.967689438929089,10.584156734583381],[11.930421881800852,10.569169692315565],[11.83861643619227,10.665263080973908],[11.816801280800131,10.724329659323534],[11.764081321935798,10.738435110869712],[11.751355814623716,10.813370322208787],[11.646824861703053,10.834528499528055],[11.63228142477496,10.857449858290597],[11.798621984640016,10.938556204681124],[11.854977802736373,10.93502984179458],[11.894063289480622,10.958832791278756],[11.937693600264899,10.947372111897486],[11.998594242401285,10.99762278303075],[12.034952834721516,11.043465500555829],[12.148573435722236,11.046110272720739],[12.167661696690358,11.078729129421276],[12.153118259762266,11.119282302616542]]]}},{"type":"Feature","id":"kaduna-south","properties":{"id":"kaduna-south","name":"Kaduna South","parentId":"kaduna","level":"lga"},"geometry":{"type":"Polygon","coordinates":[[[7.378326123307973,10.489826527368308],[7.411957821204187,10.560353785099203],[7.441044695060372,10.488063345925037],[7.40468610274014,10.435167902626866],[7.378326123307973,10.489826527368308]]]}},{"type":"Feature","id":"dikwa","properties":{"id":"dikwa","name":"Dikwa","parentId":"borno","level":"lga"},"geometry":{"type":"Polygon","coordinates":[[[13.786528019748628,11.74961966858641],[13.80743421033276,11.818383744874033],[13.851973485925043,11.901253272707834],[13.86742588766114,11.978833256211818],[13.859245204389088,12.018504838685445],[13.910147233637412,12.120769362395242],[13.952868579613684,12.111953455178881],[13.956504438845705,12.166612079920323],[14.04558299003027,12.145453902601055],[14.030130588294172,12.104019138684155],[14.071034004654432,12.037018243839805],[14.101029843318623,12.023794383015263],[14.200107007391251,12.023794383015263],[14.315545538007983,12.090795277859613],[14.31009174915995,11.99646507064454],[14.273733156839718,11.8906741840482],[14.264643508759661,11.786646478895129],[14.066489180614404,11.780475343843676],[13.921054811333482,11.743448533534957],[13.786528019748628,11.74961966858641]]]}},{"type":"Feature","id":"zaria","properties":{"id":"zaria","name":"Zaria","parentId":"kaduna","level":"lga"},"geometry":{"type":"Polygon","coordinates":[[[7.791905110950598,10.922687571691673],[7.760091342670394,10.970293470660028],[7.668285897061812,11.000267555195657],[7.571935627413202,11.002912327360566],[7.52285152778089,10.970293470660028],[7.495582583540717,11.030241639731287],[7.513761879700832,11.061097314988555],[7.605567325309416,11.07079481292655],[7.638290058397622,11.091952990245819],[7.645561776861669,11.130742981997813],[7.719187926310136,11.094597762410729],[7.772816849982476,11.136914117049265],[7.799176829414643,11.104295260348726],[7.820083019998776,11.035531184061103],[7.817356125574758,10.960595972722029],[7.791905110950598,10.922687571691673]]]}},{"type":"Feature","id":"kalgo","properties":{"id":"kalgo","name":"Kalgo","parentId":"kebbi","level":"lga"},"geometry":{"type":"Polygon","coordinates":[[[4.159681738159554,12.25036319847576],[4.125141075455335,12.260942287135396],[4.09605420159915,12.21862593249686],[4.067876292550972,12.238020928372855],[4.004248755990568,12.216862751053586],[3.9906142838704817,12.332351135587926],[3.9987949671425334,12.405523165483729],[3.9206239936540372,12.405523165483729],[3.879720577293778,12.426681342802997],[3.9369853601981415,12.461063380946808],[3.9851604950224466,12.468116106719897],[3.9933411782944988,12.531590638677702],[4.054241820430885,12.556275178883515],[4.085146623903081,12.487511102595894],[4.060604574086925,12.439023612905903],[4.106052814487214,12.371141127339918],[4.171498280663629,12.39847043971064],[4.2351258172240325,12.332351135587926],[4.24421546530409,12.306785004660476],[4.18422378797571,12.284745236619571],[4.159681738159554,12.25036319847576]]]}},{"type":"Feature","id":"yankwashi","properties":{"id":"yankwashi","name":"Yankwashi","parentId":"jigawa","level":"lga"},"geometry":{"type":"Polygon","coordinates":[[[8.398184637890443,12.826041939704186],[8.443632878290732,12.816344441766189],[8.5018066260031,12.833976256198913],[8.551799690443417,12.83221307475564],[8.589067247571654,12.808410125271463],[8.603610684499747,12.737001276818933],[8.669056150676163,12.71936946238621],[8.58543138833963,12.667355609809674],[8.524530746203245,12.662947656201494],[8.546345901595384,12.713198327334755],[8.491808013115037,12.749343546921839],[8.464539068874863,12.71936946238621],[8.402729461930472,12.706145601561666],[8.398184637890443,12.826041939704186]]]}},{"type":"Feature","id":"kaura","properties":{"id":"kaura","name":"Kaura","parentId":"kaduna","level":"lga"},"geometry":{"type":"Polygon","coordinates":[[[8.55543554967544,9.581788084083044],[8.499079731579084,9.57561694903159],[8.4545404559868,9.532419003671418],[8.413637039626542,9.55005081810414],[8.350918467874143,9.54299809233105],[8.311832981129896,9.612643759340308],[8.368188799226253,9.67964465418466],[8.365461904802237,9.707855557277018],[8.486354224267002,9.691986924287566],[8.500897661195095,9.740474413977555],[8.561798303331482,9.7440007768641],[8.599065860459717,9.72813214387465],[8.55543554967544,9.581788084083044]]]}},{"type":"Feature","id":"lamurde","properties":{"id":"lamurde","name":"Lamurde","parentId":"adamawa","level":"lga"},"geometry":{"type":"Polygon","coordinates":[[[11.524114612622276,9.395772441817808],[11.520478753390252,9.403706758312534],[11.48412016107002,9.46453651810543],[11.444125709517767,9.488339467589608],[11.429582272589675,9.55005081810414],[11.467758794525917,9.59853830779413],[11.563200099366522,9.604709442845584],[11.598649726878747,9.649670569649029],[11.634099354390973,9.627630801608124],[11.749537885007705,9.708737147998653],[11.775897864439871,9.706973966555381],[11.853159873120362,9.647907388205756],[11.900426043136662,9.670828746968297],[11.960417720465042,9.597656717072494],[11.978597016625159,9.553577180990686],[11.961326685273049,9.505971282022331],[11.907697761600708,9.50156332841415],[11.874066063704495,9.520958324290145],[11.785896477327936,9.512142417073784],[11.691364137295336,9.490102649032881],[11.524114612622276,9.395772441817808]]]}},{"type":"Feature","id":"monguno","properties":{"id":"monguno","name":"Monguno","parentId":"borno","level":"lga"},"geometry":{"type":"Polygon","coordinates":[[[13.47020826656262,12.25741592424885],[13.402944870770193,12.21862593249686],[13.359314559985917,12.25741592424885],[13.322955967665687,12.266231831465213],[13.271144973609358,12.252126379919034],[13.250238783025225,12.292679553114297],[13.3093214955456,12.319127274763384],[13.286597375345456,12.37290430878319],[13.35022491190586,12.386128169607733],[13.368404208065975,12.411694300535181],[13.347498017481842,12.51836677785316],[13.402035905962189,12.546577680945518],[13.428395885394355,12.551867225275334],[13.492932386762766,12.655894930428405],[13.606552987763486,12.721132643829481],[13.655637087395798,12.692921740737123],[13.682906031635971,12.737001276818933],[13.835612119380938,12.746698774756931],[13.88469621901325,12.713198327334755],[13.941961001917614,12.754633091251655],[14.115573280246716,12.93624077990871],[14.152840837374951,12.770501724241107],[13.890150007861285,12.648842204655315],[13.773802512436546,12.54834086238879],[13.715628764724178,12.419628617029908],[13.67018052432389,12.369377945896645],[13.674725348363918,12.345574996412468],[13.54110752158707,12.338522270639379],[13.478388949834672,12.323535228371563],[13.441121392706437,12.293561143835934],[13.47020826656262,12.25741592424885]]]}},{"type":"Feature","id":"enugu-east","properties":{"id":"enugu-east","name":"Enugu East","parentId":"enugu","level":"lga"},"geometry":{"type":"Polygon","coordinates":[[[7.592841817997334,6.43186443567697],[7.540121859133,6.454785794439511],[7.5092170556608036,6.476825562480416],[7.441953659868377,6.475943971758779],[7.41559368043621,6.508562828459318],[7.426501258132278,6.612590533612387],[7.495582583540717,6.639919845983108],[7.553756331253087,6.593195537736391],[7.5892059587653105,6.562339862479124],[7.646470741669674,6.57027417897385],[7.648288671285686,6.509444419180954],[7.605567325309416,6.477707153202052],[7.592841817997334,6.43186443567697]]]}},{"type":"Feature","id":"ngala","properties":{"id":"ngala","name":"Ngala","parentId":"borno","level":"lga"},"geometry":{"type":"Polygon","coordinates":[[[14.315545538007983,12.090795277859613],[14.200107007391251,12.023794383015263],[14.101029843318623,12.023794383015263],[14.071034004654432,12.037018243839805],[14.030130588294172,12.104019138684155],[14.04558299003027,12.145453902601055],[13.956504438845705,12.166612079920323],[13.940143072301602,12.193059801569408],[13.994680960781949,12.235376156207945],[13.99195406635793,12.338522270639379],[13.947414790765649,12.352627722185558],[13.981046488661862,12.42579975208136],[14.031948517910184,12.470760878884805],[14.044674025222266,12.610933803624958],[14.172838063151078,12.677934698469308],[14.20283390181527,12.537761773729155],[14.177382887191108,12.48133996754444],[14.187381500079171,12.406404756205365],[14.22828491643943,12.362325220123555],[14.320999326856018,12.371141127339918],[14.32281725647203,12.312956139711929],[14.381899968992405,12.289153190227752],[14.426439244584687,12.200112527342498],[14.397352370728504,12.13487481394142],[14.315545538007983,12.090795277859613]]]}},{"type":"Feature","id":"gubio","properties":{"id":"gubio","name":"Gubio","parentId":"borno","level":"lga"},"geometry":{"type":"Polygon","coordinates":[[[12.418535983699948,12.524537912904613],[12.44398699832411,12.560683132491697],[12.427625631780007,12.602117896408597],[12.464893188908244,12.613578575789868],[12.496706957188445,12.664710837644765],[12.499433851612462,12.70967196444821],[12.60760066376515,12.788133538673831],[12.638505467237344,12.826923530425823],[12.737582631309973,12.898332378878354],[12.812117745566447,12.99618894897997],[12.855748056350723,13.032334168567052],[12.873018387702832,13.01205758196942],[12.893015613478958,12.931832826300528],[12.884834930206907,12.900095560321626],[12.963914868503409,12.805765353106555],[13.082989258352164,12.792541492282012],[13.051175490071962,12.66823720053131],[12.944826607535289,12.530709047956066],[12.930283170607195,12.480458376822805],[12.873018387702832,12.387891351051005],[12.86938252847081,12.30854818610375],[12.753035033046071,12.412575891256818],[12.63305167838931,12.416102254143363],[12.57487793067694,12.439023612905903],[12.546700021628762,12.51836677785316],[12.498524886804457,12.505142917028618],[12.440351139092087,12.535998592285884],[12.418535983699948,12.524537912904613]]]}},{"type":"Feature","id":"yagba-east","properties":{"id":"yagba-east","name":"Yagba East","parentId":"kogi","level":"lga"},"geometry":{"type":"Polygon","coordinates":[[[5.688560545225253,8.452470369667097],[5.783092885257853,8.427785829461282],[5.9121658879946715,8.424259466574739],[6.040329925923485,8.393403791317471],[6.083051271899755,8.401338107812197],[6.086687131131779,8.353732208843844],[6.027604418611404,8.344916301627482],[5.962158952434989,8.313179035648579],[5.8994403806825915,8.2576388201855],[5.825814231234125,8.176532473794971],[5.789455638913894,8.050465000600997],[5.759459800249703,8.002859101632644],[5.769458413137766,7.9755297892619215],[5.834903879314181,7.924397527407024],[5.760368765057709,7.834475273800133],[5.737644644857564,7.82125141297559],[5.658564706561063,7.828304138748679],[5.623115079048838,7.843291181016495],[5.598573029232682,7.951726839777745],[5.645839199248982,7.963187519159016],[5.667654354641121,8.001977510911008],[5.644021269632971,8.074267950085174],[5.633113691936901,8.120992258331892],[5.644930234440976,8.187993153176242],[5.701286052537334,8.292902449050947],[5.688560545225253,8.452470369667097]]]}},{"type":"Feature","id":"chibok","properties":{"id":"chibok","name":"Chibok","parentId":"borno","level":"lga"},"geometry":{"type":"Polygon","coordinates":[[[12.666683376285523,10.78251464695152],[12.6157813470372,10.832765318084782],[12.660320622629483,10.915634845918584],[12.676681989173586,11.017017778906744],[12.729401948037921,11.002030736638929],[12.75121710343006,10.973819833546571],[12.983912094279535,10.94649052117585],[13.044812736415922,10.952661656227303],[13.087534082392192,10.940319386124397],[13.0884430472002,10.842462816022781],[13.05390238449598,10.814251912930423],[12.997546566399622,10.726092840766805],[12.991183812743582,10.672315806746997],[12.936645924263235,10.658210355200818],[12.900287331943005,10.703171482004265],[12.797574308638353,10.724329659323534],[12.733037807269945,10.721684887158624],[12.666683376285523,10.78251464695152]]]}},{"type":"Feature","id":"tureta","properties":{"id":"tureta","name":"Tureta","parentId":"sokoto","level":"lga"},"geometry":{"type":"Polygon","coordinates":[[[5.674926073105167,12.73523809537566],[5.694014334073287,12.689395377850579],[5.677652967529184,12.632091980944226],[5.7231012079294725,12.620631301562957],[5.728554996777508,12.5509856345537],[5.7176474190814375,12.486629511874257],[5.772185307561784,12.383483397442824],[5.750370152169646,12.323535228371563],[5.691287439649271,12.321772046928292],[5.652201952905022,12.348219768577376],[5.56675926095248,12.351746131463921],[5.5413082463283185,12.272402966516665],[5.469500026495863,12.25300797064067],[5.438595223023667,12.34293022424756],[5.384966299351327,12.3244168190932],[5.31134014990286,12.356154085072102],[5.275890522390635,12.342048633525923],[5.314976009134883,12.36849635517501],[5.333155305294999,12.456655427338626],[5.261347085462543,12.452247473730447],[5.272254663158613,12.604762668573505],[5.291342924126733,12.622394483006229],[5.353152531071125,12.622394483006229],[5.374058721655258,12.684987424242397],[5.374058721655258,12.620631301562957],[5.447684871103725,12.610052212903323],[5.496768970736037,12.670881972696218],[5.488588287463985,12.692040150015487],[5.532218598248262,12.784607175787286],[5.575848909032539,12.75110672836511],[5.576757873840544,12.679697879912581],[5.637658515976931,12.692040150015487],[5.674926073105167,12.73523809537566]]]}},{"type":"Feature","id":"gashaka","properties":{"id":"gashaka","name":"Gashaka","parentId":"taraba","level":"lga"},"geometry":{"type":"Polygon","coordinates":[[[11.852250908312357,7.391035140817134],[11.799530949448021,7.296704933602063],[11.764081321935798,7.283481072777521],[11.882246746976547,7.1318474686560975],[11.864067450816432,7.085123160409379],[11.763172357127791,7.003135223297216],[11.694091031719353,6.972279548039949],[11.618646952654874,7.01371431195685],[11.579561465910627,6.999608860410671],[11.565018028982534,7.070136118141565],[11.505935316462159,7.078952025357927],[11.392314715461438,7.05514907587375],[11.392314715461438,7.004898404740487],[11.288692727348781,7.022530219173211],[11.285056868116758,7.051622712987205],[11.210521753860286,7.130084287212825],[11.15598386537994,7.17063746040809],[11.130532850755777,7.209427452160082],[11.128714921139766,7.316981520199695],[11.102354941707599,7.353126739786779],[11.069632208619392,7.359297874838232],[11.023275003411097,7.32050788308624],[10.977826763010809,7.309928794426606],[10.928742663378499,7.40602218308495],[10.920561980106445,7.474786259372571],[10.886021317402227,7.5550110150414636],[10.78876208294561,7.639643724318537],[10.831483428921882,7.678433716070529],[10.886930282210232,7.707526209884524],[10.881476493362198,7.755132108852877],[10.96691918531474,7.795685282048142],[11.00327777763497,7.857396632562674],[11.077812891891444,7.942029341839747],[11.172345231924043,8.005503873797553],[11.341412686213117,8.018727734622095],[11.41140297642956,7.897949805757938],[11.489573949918055,7.800093235656322],[11.514115999734212,7.815961868645774],[11.541384943974384,7.892660261428121],[11.590469043606696,7.907647303695937],[11.650460720935076,7.857396632562674],[11.648642791319064,7.790395737718324],[11.633190389582968,7.750724155244696],[11.726813764807561,7.718986889265794],[11.757718568279756,7.725158024317247],[11.773170970015855,7.651985994421444],[11.763172357127791,7.540905563495285],[11.77226200520785,7.4880101201971145],[11.852250908312357,7.391035140817134]]]}},{"type":"Feature","id":"bauchi","properties":{"id":"bauchi","name":"Bauchi","parentId":"bauchi","level":"lga"},"geometry":{"type":"Polygon","coordinates":[[[10.27974179046238,10.280007935618897],[10.247019057374173,10.227994083042363],[10.180664626389751,10.190967272733644],[10.186118415237786,10.160993188198013],[10.157940506189608,10.112505698508023],[10.106129512133279,10.10368979129166],[10.061590236540995,10.004070039746773],[10.039775081148857,10.028754579952587],[9.97251168535643,9.965280047994781],[9.986146157476517,9.94941141500533],[9.931608268996172,9.901805516036976],[9.89979450071597,9.931779600572607],[9.843438682619611,9.930016419129334],[9.820714562419468,9.911503013974976],[9.764358744323111,9.970569592324598],[9.733453940850914,9.966161638716418],[9.702549137378718,10.02787298923095],[9.63346781197028,10.100163428405118],[9.621651269466206,10.177743411909102],[9.659827791402448,10.291468615000168],[9.693459489298661,10.324969062422344],[9.68073398198658,10.399022683039782],[9.694368454106666,10.432523130461956],[9.640739530434326,10.465141987162497],[9.61619748061817,10.564761738707384],[9.66164572101846,10.611486046954102],[9.722546363154844,10.607959684067556],[9.761631849899093,10.568288101593929],[9.847983506659642,10.451918126337953],[9.850710401083658,10.38844359438015],[9.917064832068078,10.369048598504152],[10.017050960948714,10.380509277885423],[10.015233031332702,10.42723358613214],[10.067952990197037,10.428115176853776],[10.105220547325272,10.475721075822129],[10.13794328041348,10.446628582008135],[10.215205289093971,10.460734033554314],[10.242474233334143,10.442220628399955],[10.210660465053941,10.317034745927618],[10.265198353534288,10.308218838711255],[10.27974179046238,10.280007935618897]]]}},{"type":"Feature","id":"hawul","properties":{"id":"hawul","name":"Hawul","parentId":"borno","level":"lga"},"geometry":{"type":"Polygon","coordinates":[[[11.967689438929089,10.584156734583381],[11.992231488745245,10.645868085097913],[12.073129356657757,10.666144671695545],[12.107670019361978,10.59120946035647],[12.1585720486103,10.596499004686287],[12.204929253818595,10.556827422212658],[12.25946714229894,10.594735823243013],[12.260376107106946,10.623828317057008],[12.314913995587291,10.659973536644092],[12.333093291747407,10.596499004686287],[12.370360848875643,10.574459236645382],[12.43762424466807,10.574459236645382],[12.438533209476075,10.617657182005555],[12.464893188908244,10.63969695004646],[12.518522112580584,10.623828317057008],[12.59214826202905,10.489826527368308],[12.570333106636912,10.481892210873582],[12.55760759932483,10.395496320153237],[12.50397867565249,10.37874609644215],[12.421262878123967,10.37169337066906],[12.379450496955702,10.350535193349792],[12.386722215419747,10.317034745927618],[12.279464368075066,10.328495425308887],[12.256740247874923,10.359351100566155],[12.082219004737816,10.250915441804903],[12.001321136825302,10.28882384283526],[12.009501820097354,10.347008830463247],[12.037679729145532,10.407838590256144],[12.045860412417586,10.467786759327403],[11.989504594321227,10.482773801595219],[11.99950320720929,10.534787654171755],[11.967689438929089,10.584156734583381]]]}},{"type":"Feature","id":"uruan","properties":{"id":"uruan","name":"Uruan","parentId":"akwa-ibom","level":"lga"},"geometry":{"type":"Polygon","coordinates":[[[7.99096840390386,4.951673614049823],[8.024600101800074,4.981647698585453],[8.031871820264119,5.021319281059082],[7.974607037359757,5.068043589305799],[7.934612585807502,5.076859496522161],[7.9827877206318085,5.117412669717425],[8.020055277760044,5.101544036727974],[8.083682814320449,5.125346986212151],[8.099135216056546,5.106833581057791],[8.09822625124854,5.043359049099986],[8.125495195488714,4.981647698585453],[8.160944823000937,4.969305428482547],[8.122768301064696,4.965779065596002],[8.082773849512442,4.918173166627648],[8.100044180864552,4.883791128483837],[8.019146312952039,4.906712487246378],[7.99096840390386,4.951673614049823]]]}},{"type":"Feature","id":"mayo-belwa","properties":{"id":"mayo-belwa","name":"Mayo-Belwa","parentId":"adamawa","level":"lga"},"geometry":{"type":"Polygon","coordinates":[[[11.757718568279756,8.61732783461306],[11.788623371751953,8.64113078409724],[11.743175131351665,8.677276003684321],[11.754082709047733,8.700197362446861],[11.826799893688195,8.738987354198855],[11.840434365808282,8.844778240795197],[11.871339169280478,8.947042764504992],[11.829526788112213,8.99376707275171],[11.710452398263458,9.071347056255695],[11.698635855759383,9.14363749542986],[11.67772966517525,9.21063839027421],[11.687728278063313,9.229151795428571],[11.783169582903918,9.197414529449668],[11.826799893688195,9.20887520883094],[11.842252295424293,9.171848398522219],[11.900426043136662,9.188598622233307],[11.951328072384985,9.252073154191113],[12.018591468177412,9.272349740788744],[12.077674180697787,9.315547686148916],[12.078583145505792,9.267060196458926],[12.11585070263403,9.274112922232016],[12.155845154186283,9.241494065531477],[12.21220097228264,9.234441339758387],[12.214018901898651,9.124242499553866],[12.194021676122524,9.098676368626416],[12.124940350714086,9.098676368626416],[12.069493497425734,9.06782069336915],[12.062221778961689,9.024622748008976],[12.097671406473914,8.987595937700256],[12.138574822834173,9.01668843151425],[12.200384429778564,8.998175026359892],[12.172206520730386,8.939990038731903],[12.196748570546543,8.915305498526092],[12.022227327409436,8.772487801621029],[11.88588260620857,8.645538737705419],[11.829526788112213,8.627906923272697],[11.792259230983976,8.564432391314892],[11.757718568279756,8.61732783461306]]]}},{"type":"Feature","id":"mubi-south","properties":{"id":"mubi-south","name":"Mubi South","parentId":"adamawa","level":"lga"},"geometry":{"type":"Polygon","coordinates":[[[13.278416692073405,10.066662980982942],[13.248420853409215,10.10368979129166],[13.188429176080833,10.137190238713837],[13.1829753872328,10.172453867579284],[13.122074745096413,10.224467720155818],[13.237513275713145,10.220059766547639],[13.253874642257248,10.253560213969813],[13.311139425161612,10.285297479948714],[13.469299301754615,10.185677728403826],[13.452028970402505,10.15482205314656],[13.395673152306149,10.109860926343114],[13.318411143625658,10.099281837683481],[13.278416692073405,10.066662980982942]]]}},{"type":"Feature","id":"etsako-west","properties":{"id":"etsako-west","name":"Etsako West","parentId":"edo","level":"lga"},"geometry":{"type":"Polygon","coordinates":[[[6.250300796572818,6.836514576907977],[6.167584999044292,6.824172306805071],[6.2157601338685975,6.9467134171125],[6.219395993100621,7.037517261441026],[6.180310506356372,7.1124524727801015],[6.199398767324494,7.118623607831555],[6.256663550228858,7.207664270716808],[6.292113177741083,7.192677228448994],[6.414823426821861,7.167111097521545],[6.421186180477902,7.108044519171921],[6.362103467957526,7.048096350100661],[6.35483174949348,6.971397957318313],[6.381191728925647,6.929963193401412],[6.412096532397843,6.938779100617774],[6.482995787422293,6.925555239793232],[6.398462060277756,6.811830036702164],[6.379373799309636,6.813593218145437],[6.250300796572818,6.836514576907977]]]}},{"type":"Feature","id":"fune","properties":{"id":"fune","name":"Fune","parentId":"yobe","level":"lga"},"geometry":{"type":"Polygon","coordinates":[[[11.245062416564505,11.657052642814612],[11.266877571956643,11.711711267556055],[11.270513431188666,11.771659436627315],[11.221429331556354,11.801633521162945],[11.237790698100458,11.864226462399113],[11.195069352124188,11.863344871677477],[11.107808730555634,11.837778740750029],[11.036000510723179,11.933872129408371],[10.96691918531474,12.08462414280816],[10.995097094362919,12.099611185075975],[11.065996349387369,12.178072759301594],[11.148712146915893,12.22744183971322],[11.142349393259853,12.265350240743576],[11.176890055964073,12.284745236619571],[11.225974155596383,12.348219768577376],[11.312325812356931,12.390536123215913],[11.335049932557075,12.338522270639379],[11.390496785845427,12.33587749847447],[11.428673307781668,12.304140232495568],[11.412311941237565,12.251244789197397],[11.415947800469588,12.186007075796319],[11.500481527614125,12.162204126312144],[11.565018028982534,12.163967307755415],[11.613193163806839,12.117242999508697],[11.606830410150799,12.045834151056166],[11.722268940767531,12.014096885077265],[11.713179292687474,11.959438260335823],[11.786805442135941,11.903898044872742],[11.800439914256028,11.813094200544215],[11.842252295424293,11.784883297451858],[11.850432978696345,11.744330124256592],[11.813165421568108,11.68526354590697],[11.848615049080333,11.620025832505892],[11.805893703104063,11.632368102608797],[11.738630307311636,11.556551300548087],[11.681365524407273,11.51687971807446],[11.626827635926926,11.42166792013775],[11.563200099366522,11.457813139724834],[11.470485688949935,11.441062916013747],[11.380498172957363,11.386404291272303],[11.321415460436988,11.41725996652957],[11.360500947181237,11.474563363435923],[11.35322922871719,11.511590173744642],[11.290510656964793,11.543327439723544],[11.285056868116758,11.619144241784255],[11.245062416564505,11.657052642814612]]]}},{"type":"Feature","id":"mobbar","properties":{"id":"mobbar","name":"Mobbar","parentId":"borno","level":"lga"},"geometry":{"type":"Polygon","coordinates":[[[12.855748056350723,13.032334168567052],[12.812117745566447,12.99618894897997],[12.737582631309973,12.898332378878354],[12.638505467237344,12.826923530425823],[12.60760066376515,12.788133538673831],[12.499433851612462,12.70967196444821],[12.48489041468437,12.801357399498373],[12.409446335619892,12.859542387126362],[12.394902898691798,12.915964193311076],[12.414900124467927,12.9847282695987],[12.408537370811885,13.023518261350691],[12.429443561396019,13.072887341762318],[12.459439400060209,13.065834615989228],[12.50852349969252,13.139888236606668],[12.55124484566879,13.16192800464757],[12.533974514316682,13.206889131451018],[12.59033033241304,13.258021393305915],[12.703041968605755,13.319732743820447],[12.739400560925985,13.326785469593537],[12.773032258822198,13.393786364437887],[12.818480499222487,13.421997267530244],[12.91846662810312,13.407010225262429],[12.994819671975606,13.310916836604086],[13.022088616215777,13.229810490213557],[13.08389822316017,13.112558924235945],[12.999364496015634,13.126664375782124],[12.913921804063092,13.173388684028842],[12.855748056350723,13.032334168567052]]]}},{"type":"Feature","id":"potiskum","properties":{"id":"potiskum","name":"Potiskum","parentId":"yobe","level":"lga"},"geometry":{"type":"Polygon","coordinates":[[[11.221429331556354,11.801633521162945],[11.270513431188666,11.771659436627315],[11.266877571956643,11.711711267556055],[11.245062416564505,11.657052642814612],[11.231427944444418,11.605920380959713],[11.1496211117239,11.571538342815902],[11.126896991523754,11.594459701578444],[11.055997736499306,11.59710447374335],[11.019639144179074,11.627960149000618],[11.035091545915172,11.675566047968971],[11.034182581107167,11.761080347967681],[11.16689144307601,11.734632626318596],[11.205067965012251,11.762843529410954],[11.221429331556354,11.801633521162945]]]}},{"type":"Feature","id":"gwoza","properties":{"id":"gwoza","name":"Gwoza","parentId":"borno","level":"lga"},"geometry":{"type":"Polygon","coordinates":[[[13.327500791705715,10.865384174785321],[13.31386631958563,10.913871664475312],[13.21933397955303,10.943845749010942],[13.142980935680544,11.12457184694636],[13.216607085129013,11.17305933663635],[13.192065035312856,11.320284987149591],[13.250238783025225,11.379351565499213],[13.347498017481842,11.381996337664123],[13.402035905962189,11.323811350036134],[13.505657894074846,11.31587703354141],[13.512020647730886,11.376706793334307],[13.542016486395077,11.41461519436466],[13.593827480451406,11.434891780962294],[13.598372304491434,11.388167472715576],[13.76471286435649,11.33439043869577],[13.921054811333482,11.326456122201044],[14.003770608862006,11.28325817684087],[13.890150007861285,11.153664340760352],[13.811070069564783,11.051399817050555],[13.751078392236403,10.913871664475312],[13.67018052432389,10.944727339732577],[13.5774661139073,10.948253702619123],[13.502022034842822,10.910345301588766],[13.336590439785773,10.867147356228593],[13.327500791705715,10.865384174785321]]]}},{"type":"Feature","id":"guzamala","properties":{"id":"guzamala","name":"Guzamala","parentId":"borno","level":"lga"},"geometry":{"type":"Polygon","coordinates":[[[13.606552987763486,12.721132643829481],[13.492932386762766,12.655894930428405],[13.428395885394355,12.551867225275334],[13.402035905962189,12.546577680945518],[13.387492469034097,12.582722900532602],[13.330227686129733,12.565091086099878],[13.352042841521872,12.621512892284592],[13.232968451673116,12.621512892284592],[13.213880190704995,12.634736753109136],[13.250238783025225,12.71231673661312],[13.205699507432943,12.732593323210752],[13.198427788968896,12.773146496406016],[13.14207197087254,12.797831036611829],[13.082989258352164,12.792541492282012],[12.963914868503409,12.805765353106555],[12.884834930206907,12.900095560321626],[12.893015613478958,12.931832826300528],[12.873018387702832,13.01205758196942],[12.855748056350723,13.032334168567052],[12.913921804063092,13.173388684028842],[12.999364496015634,13.126664375782124],[13.08389822316017,13.112558924235945],[13.133891287600488,13.106387789184492],[13.190247105696844,13.05613711805123],[13.282961516113433,13.012939172691057],[13.270236008801353,12.96621486444434],[13.291142199385485,12.925661691249076],[13.460209653674557,12.848963298466728],[13.495659281186782,12.811936488158008],[13.515656506962909,12.752869909808384],[13.554741993707157,12.774909677849289],[13.60109919891545,12.751988319086747],[13.606552987763486,12.721132643829481]]]}},{"type":"Feature","id":"maiha","properties":{"id":"maiha","name":"Maiha","parentId":"adamawa","level":"lga"},"geometry":{"type":"Polygon","coordinates":[[[13.122074745096413,10.224467720155818],[13.1829753872328,10.172453867579284],[13.188429176080833,10.137190238713837],[13.248420853409215,10.10368979129166],[13.278416692073405,10.066662980982942],[13.243876029369185,10.031399352117495],[13.286597375345456,9.971451183046234],[13.235695346097133,9.907976651088429],[13.259328431105283,9.751935093358826],[13.245693958985196,9.59413035418595],[13.218425014745023,9.54299809233105],[13.151161618952598,9.514787189238692],[13.086625117584187,9.512142417073784],[13.078444434312136,9.53594536655796],[13.089352012008204,9.70961873872029],[13.092078906432222,9.774856452121366],[13.058447208536009,9.84538370985226],[13.068445821424072,9.925608465521153],[13.054811349303986,10.019938672736224],[13.10298648412829,10.11779524283784],[13.122074745096413,10.224467720155818]]]}},{"type":"Feature","id":"gulani","properties":{"id":"gulani","name":"Gulani","parentId":"yobe","level":"lga"},"geometry":{"type":"Polygon","coordinates":[[[11.998594242401285,10.99762278303075],[11.937693600264899,10.947372111897486],[11.894063289480622,10.958832791278756],[11.854977802736373,10.93502984179458],[11.798621984640016,10.938556204681124],[11.63228142477496,10.857449858290597],[11.646824861703053,10.834528499528055],[11.751355814623716,10.813370322208787],[11.764081321935798,10.738435110869712],[11.754082709047733,10.662618308809],[11.71408825749548,10.634407405716642],[11.583197325142649,10.593854232521377],[11.522296683006264,10.569169692315565],[11.522296683006264,10.661736718087365],[11.515024964542217,10.695237165509539],[11.538658049550367,10.851278723239144],[11.530477366278316,10.93502984179458],[11.473212583373952,11.017899369628381],[11.521387718198257,11.041702319112558],[11.515933929350222,11.071676403648187],[11.550474592054442,11.128098209832903],[11.522296683006264,11.171296155193076],[11.558655275326494,11.220665235604702],[11.631372459966956,11.267389543851419],[11.662277263439151,11.235652277872518],[11.657732439399123,11.19598069539889],[11.687728278063313,11.172177745914713],[11.720451011151521,11.209204556223431],[11.789532336559958,11.240060231480697],[11.842252295424293,11.216257281996521],[11.918605339296777,11.221546826326339],[11.929512916992847,11.167769792306531],[11.98041494624117,11.136914117049265],[11.991322523937239,11.101650488183818],[11.998594242401285,10.99762278303075]]]}},{"type":"Feature","id":"zing","properties":{"id":"zing","name":"Zing","parentId":"taraba","level":"lga"},"geometry":{"type":"Polygon","coordinates":[[[11.743175131351665,8.677276003684321],[11.693182066911348,8.717829176879587],[11.6540965801671,8.776014164507574],[11.626827635926926,8.875633916052461],[11.557746310518489,8.958503443886263],[11.573198712254586,8.99376707275171],[11.657732439399123,9.027267520173886],[11.710452398263458,9.071347056255695],[11.829526788112213,8.99376707275171],[11.871339169280478,8.947042764504992],[11.840434365808282,8.844778240795197],[11.826799893688195,8.738987354198855],[11.754082709047733,8.700197362446861],[11.743175131351665,8.677276003684321]]]}},{"type":"Feature","id":"orelope","properties":{"id":"orelope","name":"Orelope","parentId":"oyo","level":"lga"},"geometry":{"type":"Polygon","coordinates":[[[3.599759416428002,8.956740262442992],[3.5961235571959786,8.999056617081528],[3.6915648620365844,8.996411844916619],[3.7170158766607457,8.969082532545897],[3.801549603805282,8.96643776038099],[3.8415440553575357,8.977016849040623],[3.8769936828697604,8.95233230883481],[3.8833564365258013,8.916187089247726],[3.9369853601981415,8.88268664182555],[3.976979811750395,8.875633916052461],[3.8969909086458876,8.750448033580124],[3.8779026476777663,8.692263045952137],[3.9051715919179397,8.645538737705419],[3.8742667884457433,8.555616484098529],[3.7188338062767574,8.708131678941587],[3.654297304908348,8.790119616053753],[3.646116621636296,8.846541422238468],[3.605213205276036,8.914423907804455],[3.599759416428002,8.956740262442992]]]}},{"type":"Feature","id":"nsit-ibom","properties":{"id":"nsit-ibom","name":"Nsit Ibom","parentId":"akwa-ibom","level":"lga"},"geometry":{"type":"Polygon","coordinates":[[[7.92643190253545,4.8220797779693045],[7.875529873287128,4.798276828485128],[7.862804365975046,4.895251807865108],[7.8237188792308,4.957844749101277],[7.829172668078833,4.986055652193635],[7.8918912398312315,4.991345196523452],[7.916433289647387,4.938449753225281],[7.908252606375335,4.913765213019468],[7.939157409847532,4.84852749961839],[7.92643190253545,4.8220797779693045]]]}},{"type":"Feature","id":"fufore","properties":{"id":"fufore","name":"Fufore","parentId":"adamawa","level":"lga"},"geometry":{"type":"Polygon","coordinates":[[[12.601237910109107,9.248546791304566],[12.649413044933414,9.299679053159466],[12.587603437989022,9.32171882120037],[12.618508241461218,9.38166699027163],[12.563970352980872,9.428391298518347],[12.648504080125408,9.562393088207047],[12.676681989173586,9.595011944907586],[12.761215716318123,9.578261721196498],[12.772123294014193,9.616170122226855],[12.754852962662083,9.67699988201975],[12.82847911211055,9.693750105730839],[12.88847078943893,9.67699988201975],[12.944826607535289,9.696394877895745],[12.954825220423352,9.72548737170974],[13.044812736415922,9.706973966555381],[13.089352012008204,9.70961873872029],[13.078444434312136,9.53594536655796],[13.086625117584187,9.512142417073784],[13.023906545831789,9.496273784084334],[12.968459692543437,9.452194248002524],[12.906650085599045,9.341113817076366],[12.921193522527139,9.15069022120295],[12.94209971311127,9.063412739760969],[12.92482938175916,8.992885482030074],[12.843931513846648,8.969082532545897],[12.790302590174308,8.954095490278082],[12.752126068238065,8.890620958320277],[12.62668892473327,8.83243597069229],[12.62032617107723,8.81833051914611],[12.453076646404169,8.771606210899392],[12.382177391379718,8.813040974816293],[12.329457432515383,8.821856882032655],[12.309460206739256,8.801580295435024],[12.252195423834895,8.842133468630287],[12.196748570546543,8.915305498526092],[12.172206520730386,8.939990038731903],[12.200384429778564,8.998175026359892],[12.138574822834173,9.01668843151425],[12.097671406473914,8.987595937700256],[12.062221778961689,9.024622748008976],[12.069493497425734,9.06782069336915],[12.124940350714086,9.098676368626416],[12.194021676122524,9.098676368626416],[12.214018901898651,9.124242499553866],[12.21220097228264,9.234441339758387],[12.263103001530963,9.260889061407473],[12.327639502899373,9.230033386150208],[12.375814637723678,9.167440444914039],[12.345818799059488,9.131295225326955],[12.364907060027608,9.108373866564413],[12.410355300427897,9.119834545945684],[12.572151036252924,9.099557959348052],[12.609418593381161,9.186835440790034],[12.601237910109107,9.248546791304566]]]}},{"type":"Feature","id":"mkpat-enin","properties":{"id":"mkpat-enin","name":"Mkpat Enin","parentId":"akwa-ibom","level":"lga"},"geometry":{"type":"Polygon","coordinates":[[[7.804630618262678,4.570826422302994],[7.750092729782331,4.576115966632811],[7.6982817357260025,4.547023472818816],[7.719187926310136,4.59022141817899],[7.701917594958026,4.629011409930981],[7.7037355245740375,4.7136441192080545],[7.705553454190049,4.756842064568227],[7.790087181334586,4.881146356318929],[7.8009947590306545,4.883791128483837],[7.830990597694845,4.8247245501342135],[7.786451322102563,4.796513647041856],[7.802812688646666,4.720696844981144],[7.8237188792308,4.6607486759098835],[7.804630618262678,4.570826422302994]]]}},{"type":"Feature","id":"owan-west","properties":{"id":"owan-west","name":"Owan West","parentId":"edo","level":"lga"},"geometry":{"type":"Polygon","coordinates":[[[6.044874749963514,6.776566407836716],[6.012152016875306,6.773921635671808],[5.870353506826406,6.796842994434349],[5.8021811462259745,6.811830036702164],[5.751279116977651,6.781855952166534],[5.799454251801957,6.92114728618505],[5.78581977968187,6.968753185153404],[5.815815618346061,7.071899299584837],[5.852174210666291,7.093939067625742],[5.98124721340311,7.048977940822296],[5.969430670899035,6.980213864534674],[6.015787876107329,6.853264800619065],[6.042147855539497,6.8541463913407],[6.044874749963514,6.776566407836716]]]}},{"type":"Feature","id":"kaga","properties":{"id":"kaga","name":"Kaga","parentId":"borno","level":"lga"},"geometry":{"type":"Polygon","coordinates":[[[12.829388076918555,11.35731179745831],[12.805754991910405,11.30706112632505],[12.750308138622055,11.300889991273595],[12.63486960800532,11.212730919109976],[12.579422754716969,11.217138872718158],[12.540337267972722,11.20038864900707],[12.46762008333226,11.266507953129784],[12.490344203532405,11.324692940757771],[12.440351139092087,11.38993065415885],[12.386722215419747,11.384641109829031],[12.248559564602871,11.340561573747223],[12.220381655554691,11.359074978901582],[12.245832670178853,11.399628152096847],[12.344000869443477,11.478971317044103],[12.373996708107667,11.549498574774997],[12.348545693483505,11.582999022197171],[12.3003705586592,11.608565153124623],[12.301279523467205,11.644710372711705],[12.274919544035038,11.694079453123331],[12.224017514786715,11.633249693330434],[12.195839605738536,11.657934233536247],[12.244014740562841,11.80956783765767],[12.27037471999501,11.826318061368758],[12.255831283066916,11.885384639718382],[12.274010579227033,11.977070074768545],[12.46762008333226,11.91624031497565],[12.49125316834041,11.922411450027102],[12.56215242336486,11.98941234487145],[12.683953707637633,11.997346661366176],[12.695770250141708,11.959438260335823],[12.619417206269224,11.91359554281074],[12.640323396853356,11.871279188172203],[12.703041968605755,11.80692306549276],[12.74485434977402,11.651763098484794],[12.734855736885956,11.50718222013646],[12.829388076918555,11.35731179745831]]]}},{"type":"Feature","id":"karim-lamido","properties":{"id":"karim-lamido","name":"Karim Lamido","parentId":"taraba","level":"lga"},"geometry":{"type":"Polygon","coordinates":[[[11.060542560539334,9.123360908832229],[11.01418535533104,9.084570917080237],[10.966010220506734,9.020214794400797],[10.891475106250262,8.8253832449192],[10.841482041809945,8.768961438734484],[10.764220033129455,8.725763493374313],[10.673323552328878,8.726645084095948],[10.661507009824803,8.744276898528671],[10.576973282680266,8.753092805745034],[10.543341584784052,8.719592358322858],[10.383363778575037,8.683447138735776],[10.349732080678825,8.743395307807035],[10.313373488358593,8.741632126363763],[10.245201127758161,8.804225067599932],[10.325190030862668,8.856238920176466],[10.420631335703273,8.94351640161845],[10.463352681679545,8.962911397494445],[10.596970508456392,8.976135258318987],[10.626966347120582,9.01933320367916],[10.63605599520064,9.11895295522405],[10.579700177104282,9.245902019139658],[10.57788224748827,9.332297909860003],[10.560611916136162,9.390482897487992],[10.578791212296277,9.409877893363987],[10.566065704984197,9.465418108827066],[10.540614690360036,9.483931513981426],[10.617876699040526,9.462773336662158],[10.773309681209511,9.446904703672708],[10.916926120874423,9.554458771712321],[10.968737114930752,9.615288531505218],[10.977826763010809,9.574735358309955],[11.007822601674999,9.551813999547413],[11.075994962275432,9.550932408825776],[11.114171484211674,9.525366277898328],[11.150530076531904,9.550932408825776],[11.22688312040439,9.569445813980137],[11.277785149652711,9.547406045939232],[11.374135419301323,9.546524455217597],[11.429582272589675,9.55005081810414],[11.444125709517767,9.488339467589608],[11.48412016107002,9.46453651810543],[11.520478753390252,9.403706758312534],[11.490482914726062,9.366679948003814],[11.443216744709762,9.355219268622545],[11.306872023508896,9.274112922232016],[11.260514818300603,9.209756799552576],[11.130532850755777,9.168322035635674],[11.060542560539334,9.123360908832229]]]}},{"type":"Feature","id":"kukawa","properties":{"id":"kukawa","name":"Kukawa","parentId":"borno","level":"lga"},"geometry":{"type":"Polygon","coordinates":[[[14.115573280246716,12.93624077990871],[13.941961001917614,12.754633091251655],[13.88469621901325,12.713198327334755],[13.835612119380938,12.746698774756931],[13.682906031635971,12.737001276818933],[13.655637087395798,12.692921740737123],[13.606552987763486,12.721132643829481],[13.60109919891545,12.751988319086747],[13.554741993707157,12.774909677849289],[13.515656506962909,12.752869909808384],[13.495659281186782,12.811936488158008],[13.460209653674557,12.848963298466728],[13.291142199385485,12.925661691249076],[13.270236008801353,12.96621486444434],[13.282961516113433,13.012939172691057],[13.346589052673837,13.047321210834868],[13.400217976346177,13.128427557225397],[13.468390336946609,13.18308618196684],[13.455664829634529,13.323259106706992],[13.648365368931751,13.396431136602795],[13.761985969932471,13.52955133556986],[14.082850547158507,13.083466430421952],[14.115573280246716,12.93624077990871]]]}},{"type":"Feature","id":"gombi","properties":{"id":"gombi","name":"Gombi","parentId":"adamawa","level":"lga"},"geometry":{"type":"Polygon","coordinates":[[[12.256740247874923,10.359351100566155],[12.279464368075066,10.328495425308887],[12.386722215419747,10.317034745927618],[12.379450496955702,10.350535193349792],[12.421262878123967,10.37169337066906],[12.50397867565249,10.37874609644215],[12.55760759932483,10.395496320153237],[12.570333106636912,10.481892210873582],[12.59214826202905,10.489826527368308],[12.612145487805178,10.448391763451408],[12.61396341742119,10.41577290675087],[12.676681989173586,10.345245649019976],[12.729401948037921,10.340837695411794],[12.783939836518266,10.299402931494892],[12.790302590174308,10.255323395413084],[12.762124681126128,10.139835010878745],[12.72122126476587,10.105452972734934],[12.716676440725841,10.049031166550218],[12.633960643197316,10.034044124282403],[12.593057226837056,10.088702749023845],[12.569424141828906,10.044623212942039],[12.49125316834041,10.035807305725676],[12.453076646404169,10.019057082014587],[12.35399948233154,10.019057082014587],[12.338547080595442,9.964398457273145],[12.292189875387148,9.991727769643866],[12.27673747365105,9.94500346139715],[12.222199585170703,9.92649005624279],[12.164025837458334,10.019938672736224],[12.164934802266341,10.06049184593149],[12.200384429778564,10.089584339745482],[12.171297555922381,10.12925592221911],[12.206747183434606,10.194493635620187],[12.264011966338968,10.213888631496184],[12.26582989595498,10.246507488196723],[12.213109937090646,10.280889526340534],[12.256740247874923,10.359351100566155]]]}},{"type":"Feature","id":"guyuk","properties":{"id":"guyuk","name":"Guyuk","parentId":"adamawa","level":"lga"},"geometry":{"type":"Polygon","coordinates":[[[11.900426043136662,9.670828746968297],[11.853159873120362,9.647907388205756],[11.775897864439871,9.706973966555381],[11.854977802736373,9.793369857275726],[11.803166808680045,9.832159849027718],[11.834980576960247,9.930016419129334],[11.822255069648167,9.969688001602961],[11.835889541768253,10.034044124282403],[11.920423268912788,10.024346626344405],[11.991322523937239,10.03492571500404],[11.978597016625159,9.915910967583155],[11.998594242401285,9.888581655212434],[12.004956996057325,9.790725085110818],[11.961326685273049,9.739592823255919],[12.003139066441314,9.72107941810156],[11.976779087009147,9.652315341813937],[11.900426043136662,9.670828746968297]]]}},{"type":"Feature","id":"tudun-wada","properties":{"id":"tudun-wada","name":"Tudun Wada","parentId":"kano","level":"lga"},"geometry":{"type":"Polygon","coordinates":[[[8.643605136052,11.14044047993581],[8.629061699123907,11.22331000776961],[8.583613458723619,11.221546826326339],[8.51907695735521,11.162480247976713],[8.461812174450847,11.172177745914713],[8.433634265402668,11.226836370656155],[8.325467453249981,11.226836370656155],[8.264566811113596,11.313232261376502],[8.300925403433826,11.346732708798676],[8.385459130578363,11.376706793334307],[8.432725300594662,11.422549510859387],[8.561798303331482,11.342324755190495],[8.614518262195816,11.349377480963584],[8.685417517220266,11.406680877869936],[8.717231285500468,11.407562468591571],[8.771769173980813,11.470155409827742],[8.786312610908906,11.395220198488666],[8.77904089244486,11.314113852098139],[8.705414742996393,11.254165683026876],[8.716322320692461,11.213612509831613],[8.765406420324773,11.205678193336887],[8.683599587604254,11.139558889214173],[8.643605136052,11.14044047993581]]]}},{"type":"Feature","id":"saki-west","properties":{"id":"saki-west","name":"Saki West","parentId":"oyo","level":"lga"},"geometry":{"type":"Polygon","coordinates":[[[2.7562400745986504,8.575011479974524],[2.8025972798069447,8.610275108839971],[2.9207627048476943,8.612038290283245],[3.0143860800722884,8.70989486038486],[3.1034646312568532,8.750448033580124],[3.163456308585234,8.808633021208113],[3.2370824580337008,8.782185299559028],[3.3879706161626584,8.842133468630287],[3.4188754196348543,8.862410055227919],[3.4861388154272808,8.718710767601223],[3.4843208858112695,8.680802366570866],[3.532496020635575,8.58559056863416],[3.44341746945101,8.551208530490348],[3.4325098917549406,8.569721935644708],[3.361610636730491,8.584708977912523],[3.3352506572983236,8.52299762739799],[3.2743500151619376,8.53445830677926],[3.213449373025551,8.508010585130176],[3.198905936097459,8.443654462450734],[3.145277012425119,8.44012809956419],[3.0525626020085306,8.501839450078723],[2.9580302619759307,8.508892175851813],[2.8198676111590544,8.46745741193491],[2.770783511526743,8.435720145956008],[2.7244263063184486,8.431312192347828],[2.7526042153666275,8.462167867605093],[2.762602828254691,8.519471264511445],[2.7562400745986504,8.575011479974524]]]}},{"type":"Feature","id":"toungo","properties":{"id":"toungo","name":"Toungo","parentId":"adamawa","level":"lga"},"geometry":{"type":"Polygon","coordinates":[[[11.852250908312357,7.391035140817134],[11.77226200520785,7.4880101201971145],[11.763172357127791,7.540905563495285],[11.773170970015855,7.651985994421444],[11.757718568279756,7.725158024317247],[11.726813764807561,7.718986889265794],[11.633190389582968,7.750724155244696],[11.648642791319064,7.790395737718324],[11.650460720935076,7.857396632562674],[11.590469043606696,7.907647303695937],[11.541384943974384,7.892660261428121],[11.514115999734212,7.815961868645774],[11.489573949918055,7.800093235656322],[11.41140297642956,7.897949805757938],[11.341412686213117,8.018727734622095],[11.362318876797248,8.064570452147176],[11.47775740741398,8.169479748021882],[11.545929768014414,8.24617814080423],[11.601376621302766,8.351969027400571],[11.629554530350944,8.386351065544382],[11.648642791319064,8.442772871729098],[11.715906187111491,8.464812639770003],[11.695908961335364,8.390759019152563],[11.820437140032155,8.330810850081303],[11.852250908312357,8.27615222533986],[11.98677769989721,8.225901554206597],[12.062221778961689,8.186229971732969],[12.077674180697787,8.211796102660418],[12.151300330146254,8.262046773793681],[12.197657535354548,8.221493600598416],[12.256740247874923,8.212677693382055],[12.201293394586571,8.106886806785713],[12.206747183434606,7.968477063488832],[12.095853476857902,7.826540957305408],[12.044042482801574,7.740145066585062],[12.024954221833452,7.6608019016378055],[12.04040662356955,7.573524420195824],[11.895881219096633,7.428061951125854],[11.852250908312357,7.391035140817134]]]}},{"type":"Feature","id":"abuaodual","properties":{"id":"abuaodual","name":"Abua/Odual","parentId":"rivers","level":"lga"},"geometry":{"type":"Polygon","coordinates":[[[6.57389226822287,4.704828211991693],[6.607523966119084,4.746262975908593],[6.527535063014575,4.753315701681682],[6.461180632030155,4.7136441192080545],[6.40209791950978,4.827369322299122],[6.398462060277756,4.864396132607841],[6.433911687789982,4.930515436730555],[6.465725456070183,4.92698907384401],[6.517536450126512,4.867922495494386],[6.560257796102784,4.851172271783299],[6.577528127454893,4.898778170751653],[6.552986077638737,4.972831791369091],[6.608432930927089,4.977239744977273],[6.613886719775124,4.926107483122374],[6.667515643447464,4.888199082092019],[6.7256893911598326,4.867922495494386],[6.741141792895931,4.825606140855849],[6.734779039239891,4.767421153227861],[6.623885332663187,4.734802296527323],[6.57389226822287,4.704828211991693]]]}},{"type":"Feature","id":"bungudu","properties":{"id":"bungudu","name":"Bungudu","parentId":"zamfara","level":"lga"},"geometry":{"type":"Polygon","coordinates":[[[6.444819265486052,12.366733173731737],[6.456635807990126,12.40993111909191],[6.5011750835824085,12.446957929400629],[6.59752535323102,12.447839520122265],[6.639337734399286,12.336759089196107],[6.685694939607579,12.341167042804287],[6.8038603646483296,12.279455692289755],[6.837492062544543,12.277692510846482],[6.898392704680928,12.27592932940321],[6.869305830824745,12.2415472912594],[6.90657338795298,12.159559354147234],[6.885667197368848,12.104900729405792],[6.826584484848473,12.07757141703507],[6.756594194632029,12.137519586106329],[6.742959722511943,12.202757299507407],[6.686603904415585,12.193059801569408],[6.675696326719516,12.21598116033195],[6.605706036503072,12.198349345899226],[6.582981916302927,12.177191168579958],[6.5675295145668295,12.111071864457244],[6.582072951494922,12.056413239715802],[6.572983303414864,12.004399387139266],[6.59298052919099,11.952385534562733],[6.578437092262899,11.884503048996745],[6.579346057070905,11.776067390235497],[6.564802620142812,11.752264440751318],[6.5675295145668295,11.667631731474245],[6.548441253598709,11.629723330443891],[6.497539224350385,11.591814929413534],[6.457544772798132,11.601512427351533],[6.40209791950978,11.739922170648413],[6.4039158491257915,11.805159884049491],[6.431184793365965,11.81397579126585],[6.503901978006426,11.893318956213108],[6.456635807990126,11.98941234487145],[6.457544772798132,12.017623247963808],[6.35483174949348,12.039663016004713],[6.384827588157671,12.152506628374145],[6.437547547022005,12.182480712909776],[6.444819265486052,12.366733173731737]]]}},{"type":"Feature","id":"shani","properties":{"id":"shani","name":"Shani","parentId":"borno","level":"lga"},"geometry":{"type":"Polygon","coordinates":[[[12.009501820097354,10.347008830463247],[12.001321136825302,10.28882384283526],[12.082219004737816,10.250915441804903],[12.256740247874923,10.359351100566155],[12.213109937090646,10.280889526340534],[12.135847928410156,10.236809990258724],[12.088581758393856,10.142479783043655],[12.101307265705936,10.074597297477668],[12.018591468177412,10.066662980982942],[11.991322523937239,10.03492571500404],[11.920423268912788,10.024346626344405],[11.835889541768253,10.034044124282403],[11.789532336559958,10.03933366861222],[11.75499167385574,10.091347521188755],[11.710452398263458,10.173335458300919],[11.686819313255308,10.190085682012008],[11.839525401000277,10.303810885103076],[11.99314045355325,10.355824737679608],[12.009501820097354,10.347008830463247]]]}},{"type":"Feature","id":"shagari","properties":{"id":"shagari","name":"Shagari","parentId":"sokoto","level":"lga"},"geometry":{"type":"Polygon","coordinates":[[[5.275890522390635,12.342048633525923],[5.160451991773903,12.316482502598474],[5.124093399453672,12.285626827341208],[5.118639610605637,12.346456587134105],[5.138636836381765,12.376430671669734],[5.1222754698376605,12.414339072700091],[5.072282405397344,12.417865435586636],[5.071373440589338,12.476050423214623],[5.015926587300986,12.528945866512794],[4.965933522860669,12.528945866512794],[4.945027332276537,12.504261326306981],[4.947754226700553,12.399352030432276],[4.905941845532288,12.42844452424627],[4.873219112444081,12.55274881599697],[4.8295888016598045,12.564209495378241],[4.8295888016598045,12.617104938676412],[4.867765323596046,12.628565618057682],[4.9341197545804665,12.646197432490405],[4.960479734012635,12.636499934552408],[5.004110044796911,12.671763563417855],[5.084098947901419,12.663829246923129],[5.09864238482951,12.738764458262205],[5.0850079127094245,12.774028087127652],[5.120457540221649,12.800475808776737],[5.18044921755003,12.76521217991129],[5.199537478518151,12.677053107747673],[5.291342924126733,12.622394483006229],[5.272254663158613,12.604762668573505],[5.261347085462543,12.452247473730447],[5.333155305294999,12.456655427338626],[5.314976009134883,12.36849635517501],[5.275890522390635,12.342048633525923]]]}},{"type":"Feature","id":"yunusari","properties":{"id":"yunusari","name":"Yunusari","parentId":"yobe","level":"lga"},"geometry":{"type":"Polygon","coordinates":[[[12.429443561396019,13.072887341762318],[12.408537370811885,13.023518261350691],[12.344000869443477,12.9847282695987],[12.281282297691078,12.909793058259623],[12.214927866706658,12.900977151043262],[12.172206520730386,12.86218715929127],[12.107670019361978,12.856016024239818],[12.065857638193712,12.904503513929807],[12.014046644137382,12.859542387126362],[11.966780474121084,12.901858741764899],[11.960417720465042,12.969741227330884],[11.893154324672617,12.92213532836253],[11.719542046343514,12.851608070631636],[11.682274489215278,12.871884657229268],[11.663186228247158,12.918608965475986],[11.586833184374672,12.946819868568344],[11.584106289950656,12.978557134547247],[11.45866914644586,13.024399852072328],[11.445034674325774,13.020873489185783],[11.445943639133779,13.072005751040681],[11.425946413357652,13.144296190214847],[11.360500947181237,13.166335958255752],[11.323233390053,13.244797532481373],[11.34686647506115,13.263310937635731],[11.320506495628983,13.34706205619117],[11.333232002941063,13.379680912891708],[11.452306392789819,13.3770361407268],[11.6540965801671,13.315324790212268],[11.819528175224148,13.27300843557373],[12.007683890481342,13.17162550258557],[12.061312814153682,13.13459869227685],[12.116759667442034,13.114322105679218],[12.202202359394576,13.12754596650376],[12.335820186171425,13.083466430421952],[12.429443561396019,13.072887341762318]]]}},{"type":"Feature","id":"ganye","properties":{"id":"ganye","name":"Ganye","parentId":"adamawa","level":"lga"},"geometry":{"type":"Polygon","coordinates":[[[11.792259230983976,8.564432391314892],[11.829526788112213,8.627906923272697],[11.88588260620857,8.645538737705419],[11.940420494688915,8.634959649045786],[11.98223287585718,8.649065100591965],[12.0167735385614,8.57589307069616],[11.998594242401285,8.519471264511445],[12.034952834721516,8.46569423049164],[12.093126582433884,8.492141952140724],[12.138574822834173,8.495668315027268],[12.141301717258191,8.580301024304342],[12.155845154186283,8.64289396554051],[12.178569274386426,8.663170552138144],[12.264011966338968,8.598814429458702],[12.297643664235181,8.594406475850521],[12.309460206739256,8.549445349047076],[12.251286459026888,8.50007626863545],[12.263103001530963,8.419851512966556],[12.237651986906801,8.326402896473123],[12.256740247874923,8.212677693382055],[12.197657535354548,8.221493600598416],[12.151300330146254,8.262046773793681],[12.077674180697787,8.211796102660418],[12.062221778961689,8.186229971732969],[11.98677769989721,8.225901554206597],[11.852250908312357,8.27615222533986],[11.820437140032155,8.330810850081303],[11.695908961335364,8.390759019152563],[11.715906187111491,8.464812639770003],[11.780442688479901,8.514181720181629],[11.792259230983976,8.564432391314892]]]}},{"type":"Feature","id":"jada","properties":{"id":"jada","name":"Jada","parentId":"adamawa","level":"lga"},"geometry":{"type":"Polygon","coordinates":[[[11.88588260620857,8.645538737705419],[12.022227327409436,8.772487801621029],[12.196748570546543,8.915305498526092],[12.252195423834895,8.842133468630287],[12.309460206739256,8.801580295435024],[12.329457432515383,8.821856882032655],[12.382177391379718,8.813040974816293],[12.453076646404169,8.771606210899392],[12.62032617107723,8.81833051914611],[12.62668892473327,8.83243597069229],[12.752126068238065,8.890620958320277],[12.790302590174308,8.954095490278082],[12.843931513846648,8.969082532545897],[12.881199070974883,8.845659831516832],[12.878472176550867,8.750448033580124],[12.857565985966735,8.686091910900682],[12.816662569606475,8.650828282035237],[12.826661182494538,8.564432391314892],[12.754852962662083,8.571485117087981],[12.731219877653933,8.512418538738356],[12.681226813213616,8.46745741193491],[12.60305583972512,8.49302354286236],[12.58578550837301,8.464812639770003],[12.441260103900094,8.455115141832003],[12.33036639732339,8.418969922244921],[12.263103001530963,8.419851512966556],[12.251286459026888,8.50007626863545],[12.309460206739256,8.549445349047076],[12.297643664235181,8.594406475850521],[12.264011966338968,8.598814429458702],[12.178569274386426,8.663170552138144],[12.155845154186283,8.64289396554051],[12.141301717258191,8.580301024304342],[12.138574822834173,8.495668315027268],[12.093126582433884,8.492141952140724],[12.034952834721516,8.46569423049164],[11.998594242401285,8.519471264511445],[12.0167735385614,8.57589307069616],[11.98223287585718,8.649065100591965],[11.940420494688915,8.634959649045786],[11.88588260620857,8.645538737705419]]]}},{"type":"Feature","id":"bali","properties":{"id":"bali","name":"Bali","parentId":"taraba","level":"lga"},"geometry":{"type":"Polygon","coordinates":[[[11.53138633108632,8.666696915024687],[11.607739374958806,8.677276003684321],[11.675002770751233,8.657881007808326],[11.757718568279756,8.61732783461306],[11.792259230983976,8.564432391314892],[11.780442688479901,8.514181720181629],[11.715906187111491,8.464812639770003],[11.648642791319064,8.442772871729098],[11.629554530350944,8.386351065544382],[11.601376621302766,8.351969027400571],[11.545929768014414,8.24617814080423],[11.47775740741398,8.169479748021882],[11.362318876797248,8.064570452147176],[11.341412686213117,8.018727734622095],[11.172345231924043,8.005503873797553],[11.077812891891444,7.942029341839747],[11.00327777763497,7.857396632562674],[10.96691918531474,7.795685282048142],[10.881476493362198,7.755132108852877],[10.886930282210232,7.707526209884524],[10.831483428921882,7.678433716070529],[10.78876208294561,7.639643724318537],[10.755130385049396,7.616722365555997],[10.704228355801073,7.6299462263805395],[10.561520880944167,7.56294533153619],[10.506074027655815,7.515339432567836],[10.439719596671395,7.500352390300021],[10.358821728758882,7.572642829474187],[10.315191417974605,7.6608019016378055],[10.35700379914287,7.695183939781616],[10.376092060110992,7.751605745966332],[10.373365165686973,7.808909142872684],[10.342460362214778,7.959661156272471],[10.327916925286686,8.004622283075916],[10.272470071998335,8.067215224312084],[10.269743177574316,8.104242034620805],[10.331552784518708,8.145676798537705],[10.401543074735153,8.14655838925934],[10.479714048223649,8.173887701630063],[10.567883634600207,8.147439979980977],[10.608787050960467,8.226783144928234],[10.653326326552751,8.20915133049551],[10.772400716401506,8.284968132556221],[10.796033801409656,8.31758698925676],[10.862388232394077,8.361666525338569],[10.918744050490435,8.430430601626192],[11.012367425715029,8.477154909872908],[11.071450138235402,8.540629441830713],[11.11053562497965,8.63143328615924],[11.165073513459998,8.591761703685613],[11.234154838868434,8.570603526366344],[11.275967220036701,8.588235340799066],[11.255969994260573,8.634959649045786],[11.278694114460718,8.6913814552305],[11.344139580637133,8.718710767601223],[11.468667759333924,8.651709872756872],[11.53138633108632,8.666696915024687]]]}},{"type":"Feature","id":"shelleng","properties":{"id":"shelleng","name":"Shelleng","parentId":"adamawa","level":"lga"},"geometry":{"type":"Polygon","coordinates":[[[12.071311427041746,9.62586762016485],[11.960417720465042,9.597656717072494],[11.900426043136662,9.670828746968297],[11.976779087009147,9.652315341813937],[12.003139066441314,9.72107941810156],[11.961326685273049,9.739592823255919],[12.004956996057325,9.790725085110818],[11.998594242401285,9.888581655212434],[11.978597016625159,9.915910967583155],[11.991322523937239,10.03492571500404],[12.018591468177412,10.066662980982942],[12.101307265705936,10.074597297477668],[12.088581758393856,10.142479783043655],[12.135847928410156,10.236809990258724],[12.213109937090646,10.280889526340534],[12.26582989595498,10.246507488196723],[12.264011966338968,10.213888631496184],[12.206747183434606,10.194493635620187],[12.171297555922381,10.12925592221911],[12.200384429778564,10.089584339745482],[12.164934802266341,10.06049184593149],[12.164025837458334,10.019938672736224],[12.222199585170703,9.92649005624279],[12.232198198058766,9.858607570676803],[12.174933415154404,9.825988713976265],[12.2058382186266,9.745763958307371],[12.251286459026888,9.665539202638481],[12.227653374018738,9.655841704700482],[12.10676105455397,9.647025797484119],[12.071311427041746,9.62586762016485]]]}},{"type":"Feature","id":"okitipupa","properties":{"id":"okitipupa","name":"Okitipupa","parentId":"ondo","level":"lga"},"geometry":{"type":"Polygon","coordinates":[[[4.855039816283965,6.430982844955334],[4.8359515553158445,6.414232621244246],[4.752326792979314,6.393956034646614],[4.700515798922985,6.3974823975331585],[4.65870341775472,6.42745648206879],[4.60507449408238,6.4918126047482305],[4.58780416273027,6.532365777943495],[4.60052967004235,6.617880077942204],[4.582350373882235,6.642564618148017],[4.633252403130559,6.7368948253630885],[4.713241306235066,6.733368462476544],[4.747781968939285,6.668130749075466],[4.811409505499689,6.584379630520029],[4.867765323596046,6.586142811963302],[4.862311534748011,6.526194642892042],[4.828679836851798,6.462720110934237],[4.855039816283965,6.430982844955334]]]}},{"type":"Feature","id":"bayo","properties":{"id":"bayo","name":"Bayo","parentId":"borno","level":"lga"},"geometry":{"type":"Polygon","coordinates":[[[11.764081321935798,10.738435110869712],[11.816801280800131,10.724329659323534],[11.83861643619227,10.665263080973908],[11.785896477327936,10.590327869634834],[11.794077160599988,10.526853337677029],[11.712270327879468,10.540958789223208],[11.72499583519155,10.46426039644086],[11.80862059752808,10.432523130461956],[11.82589092888019,10.37433814283397],[11.816801280800131,10.345245649019976],[11.839525401000277,10.303810885103076],[11.686819313255308,10.190085682012008],[11.612284198998834,10.220059766547639],[11.58956007879869,10.282652707783807],[11.546838732822419,10.301166112938166],[11.552292521670454,10.368167007782516],[11.596831797262736,10.394614729431602],[11.60228558611077,10.42723358613214],[11.655005544975106,10.456326079946134],[11.663186228247158,10.496879253141397],[11.599558691686754,10.533906063450118],[11.583197325142649,10.593854232521377],[11.71408825749548,10.634407405716642],[11.754082709047733,10.662618308809],[11.764081321935798,10.738435110869712]]]}},{"type":"Feature","id":"ikot-abasi","properties":{"id":"ikot-abasi","name":"Ikot Abasi","parentId":"akwa-ibom","level":"lga"},"geometry":{"type":"Polygon","coordinates":[[[7.6982817357260025,4.547023472818816],[7.6737396859098475,4.528510067664457],[7.616474903005484,4.559365742921723],[7.561937014525139,4.513523025396641],[7.527396351820919,4.549668244983725],[7.54648461278904,4.584931873849172],[7.525578422204907,4.6633934480747925],[7.586479064341294,4.654577540858431],[7.669194861869819,4.686314806837333],[7.7037355245740375,4.7136441192080545],[7.701917594958026,4.629011409930981],[7.719187926310136,4.59022141817899],[7.6982817357260025,4.547023472818816]]]}},{"type":"Feature","id":"maiduguri","properties":{"id":"maiduguri","name":"Maiduguri","parentId":"borno","level":"lga"},"geometry":{"type":"Polygon","coordinates":[[[13.092078906432222,11.835133968585119],[13.107531308168321,11.854528964461116],[13.091169941624216,11.914477133532376],[13.112985097016354,11.884503048996745],[13.153888513376614,11.898608500542924],[13.182066422424793,11.810449428379307],[13.076626504696124,11.787528069616766],[13.092078906432222,11.835133968585119]]]}},{"type":"Feature","id":"gujba","properties":{"id":"gujba","name":"Gujba","parentId":"yobe","level":"lga"},"geometry":{"type":"Polygon","coordinates":[[[12.220381655554691,11.359074978901582],[12.18674995765848,11.301771581995231],[12.11312380821001,11.26033681807833],[12.102216230513942,11.23741545931579],[12.120395526674058,11.14044047993581],[12.153118259762266,11.119282302616542],[12.167661696690358,11.078729129421276],[12.148573435722236,11.046110272720739],[12.034952834721516,11.043465500555829],[11.998594242401285,10.99762278303075],[11.991322523937239,11.101650488183818],[11.98041494624117,11.136914117049265],[11.929512916992847,11.167769792306531],[11.918605339296777,11.221546826326339],[11.842252295424293,11.216257281996521],[11.789532336559958,11.240060231480697],[11.720451011151521,11.209204556223431],[11.687728278063313,11.172177745914713],[11.657732439399123,11.19598069539889],[11.662277263439151,11.235652277872518],[11.631372459966956,11.267389543851419],[11.558655275326494,11.220665235604702],[11.570471817830569,11.300889991273595],[11.626827635926926,11.42166792013775],[11.681365524407273,11.51687971807446],[11.738630307311636,11.556551300548087],[11.805893703104063,11.632368102608797],[11.848615049080333,11.620025832505892],[11.876792958128512,11.597986064464987],[11.921332233720795,11.614736288176076],[11.95678186123302,11.605038790238076],[12.002230101633309,11.564485617042813],[12.048587306841602,11.622670604670802],[12.114032773018018,11.600630836629897],[12.195839605738536,11.657934233536247],[12.224017514786715,11.633249693330434],[12.274919544035038,11.694079453123331],[12.301279523467205,11.644710372711705],[12.3003705586592,11.608565153124623],[12.348545693483505,11.582999022197171],[12.373996708107667,11.549498574774997],[12.344000869443477,11.478971317044103],[12.245832670178853,11.399628152096847],[12.220381655554691,11.359074978901582]]]}},{"type":"Feature","id":"esan-north-east","properties":{"id":"esan-north-east","name":"Esan North-East","parentId":"edo","level":"lga"},"geometry":{"type":"Polygon","coordinates":[[[6.530261957438594,6.793316631547804],[6.431184793365965,6.7756848171150805],[6.429366863749953,6.713973466600548],[6.373920010461601,6.70427596866255],[6.338470382949376,6.668130749075466],[6.2639352686929035,6.648735753199471],[6.237575289260736,6.735131643919816],[6.296658001781111,6.757171411960721],[6.377555869693625,6.766868909898719],[6.379373799309636,6.813593218145437],[6.398462060277756,6.811830036702164],[6.482995787422293,6.925555239793232],[6.522081274166541,6.882357294433058],[6.530261957438594,6.793316631547804]]]}},{"type":"Feature","id":"tafawa-balewa","properties":{"id":"tafawa-balewa","name":"Tafawa-Balewa","parentId":"bauchi","level":"lga"},"geometry":{"type":"Polygon","coordinates":[[[9.820714562419468,9.911503013974976],[9.840711788195595,9.864778705728256],[9.914337937644062,9.848910072738805],[9.889795887827907,9.75281668408046],[9.930699304188165,9.715789873771742],[9.97251168535643,9.699921240782292],[9.980692368628484,9.623222847999944],[9.838893858579583,9.60118307995904],[9.807989055107388,9.58002490263977],[9.802535266259353,9.689342152122656],[9.753451166627041,9.689342152122656],[9.7152746446908,9.71402669232847],[9.588019571569992,9.739592823255919],[9.483488618649329,9.751935093358826],[9.47439897056927,9.663776021195208],[9.404408680352827,9.59148558202104],[9.445312096713087,9.554458771712321],[9.540753401553692,9.509497644908876],[9.577111993873922,9.522721505733418],[9.56893131060187,9.472470834600156],[9.484397583457334,9.475115606765065],[9.42531487093696,9.476878788208337],[9.39713696188878,9.531537412949781],[9.350779756680486,9.532419003671418],[9.314421164360256,9.563274678928682],[9.2898791145441,9.614406940783581],[9.288061184928088,9.691986924287566],[9.22352468355968,9.682289426349566],[9.15717025257526,9.740474413977555],[9.218979859519651,9.773093270678093],[9.271699818383984,9.846265300573897],[9.296241868200141,9.898279153150431],[9.348961827064475,9.901805516036976],[9.359869404760545,9.871831431501345],[9.483488618649329,9.910621423253339],[9.564386486561842,9.885936883047524],[9.651647108130396,9.881528929439344],[9.684369841218603,9.918555739748065],[9.583474747529962,10.005833221190045],[9.619833339850194,10.034044124282403],[9.563477521753835,10.090465930467118],[9.518029281353547,10.11338728922966],[9.523483070201582,10.151295690260016],[9.621651269466206,10.177743411909102],[9.63346781197028,10.100163428405118],[9.702549137378718,10.02787298923095],[9.733453940850914,9.966161638716418],[9.764358744323111,9.970569592324598],[9.820714562419468,9.911503013974976]]]}},{"type":"Feature","id":"nangere","properties":{"id":"nangere","name":"Nangere","parentId":"yobe","level":"lga"},"geometry":{"type":"Polygon","coordinates":[[[10.96691918531474,12.08462414280816],[11.036000510723179,11.933872129408371],[11.107808730555634,11.837778740750029],[11.195069352124188,11.863344871677477],[11.237790698100458,11.864226462399113],[11.221429331556354,11.801633521162945],[11.205067965012251,11.762843529410954],[11.16689144307601,11.734632626318596],[11.034182581107167,11.761080347967681],[11.035091545915172,11.675566047968971],[11.019639144179074,11.627960149000618],[11.055997736499306,11.59710447374335],[11.017821214563062,11.56536720776445],[10.952375748386647,11.543327439723544],[10.929651628186503,11.515998127352823],[10.939650241074567,11.553906528383179],[10.926924733762487,11.610328334567894],[10.920561980106445,11.718763993329144],[10.927833698570492,11.776948980957133],[10.905109578370348,11.827199652090394],[10.877840634130175,11.828962833533666],[10.816939991993788,11.886266230440018],[10.800578625449685,11.94356962734637],[10.821484816033818,11.988530754149815],[10.866933056434105,12.006162568582539],[10.934196452226532,12.097848003632702],[10.96691918531474,12.08462414280816]]]}},{"type":"Feature","id":"ika","properties":{"id":"ika","name":"Ika","parentId":"akwa-ibom","level":"lga"},"geometry":{"type":"Polygon","coordinates":[[[7.54648461278904,5.0865569944601585],[7.603749395693404,5.04953018415144],[7.562845979333144,4.974594972812364],[7.490128794692682,4.960489521266185],[7.54648461278904,5.0865569944601585]]]}},{"type":"Feature","id":"dambam","properties":{"id":"dambam","name":"Dambam","parentId":"bauchi","level":"lga"},"geometry":{"type":"Polygon","coordinates":[[[10.877840634130175,11.828962833533666],[10.905109578370348,11.827199652090394],[10.927833698570492,11.776948980957133],[10.920561980106445,11.718763993329144],[10.926924733762487,11.610328334567894],[10.939650241074567,11.553906528383179],[10.929651628186503,11.515998127352823],[10.934196452226532,11.467510637662834],[10.879658563746187,11.445470869621929],[10.856025478738037,11.478971317044103],[10.793306906985638,11.464865865497924],[10.769673821977488,11.433128599519023],[10.71786282792116,11.427839055189205],[10.707864215033096,11.493076768590281],[10.620603593464542,11.560077663434631],[10.591516719608357,11.658815824257884],[10.556976056904139,11.663223777866065],[10.57788224748827,11.694961043844966],[10.631511171160613,11.705540132504602],[10.676050446752894,11.76813307374077],[10.686958024448963,11.80956783765767],[10.73513315927327,11.784001706730223],[10.756948314665408,11.74961966858641],[10.794215871793645,11.7566723943595],[10.877840634130175,11.828962833533666]]]}},{"type":"Feature","id":"ganjuwa","properties":{"id":"ganjuwa","name":"Ganjuwa","parentId":"bauchi","level":"lga"},"geometry":{"type":"Polygon","coordinates":[[[10.242474233334143,10.442220628399955],[10.215205289093971,10.460734033554314],[10.13794328041348,10.446628582008135],[10.105220547325272,10.475721075822129],[10.067952990197037,10.428115176853776],[10.015233031332702,10.42723358613214],[10.017050960948714,10.380509277885423],[9.917064832068078,10.369048598504152],[9.850710401083658,10.38844359438015],[9.847983506659642,10.451918126337953],[9.761631849899093,10.568288101593929],[9.722546363154844,10.607959684067556],[9.66164572101846,10.611486046954102],[9.563477521753835,10.691710802622994],[9.447130026329098,10.758711697467344],[9.418043152472913,10.787804191281339],[9.447130026329098,10.81248873148715],[9.503485844425455,10.821304638703513],[9.563477521753835,10.855686676847323],[9.608016797346119,10.936793023237852],[9.638921600818314,10.963240744886939],[9.628014023122246,11.052281407772192],[9.678916052370568,11.03641277478274],[9.76890356836314,11.04787345416401],[9.78617389971525,11.008201871690382],[9.857982119547705,11.023188913958197],[9.881615204555855,10.989688466536023],[9.928881374572153,10.991451647979297],[9.985237192668512,10.95795120055712],[10.046137834804899,10.965885517051845],[10.087950215973164,10.989688466536023],[10.134307421181457,10.947372111897486],[10.220659077942004,10.94649052117585],[10.15339568214958,11.0134914160202],[10.188845309661803,11.081373901586186],[10.247928022182178,11.079610720142913],[10.285195579310415,11.104295260348726],[10.327916925286686,11.082255492307823],[10.324281066054663,10.959714382000392],[10.278832825654375,10.951780065505666],[10.281559720078391,10.899766212929134],[10.364275517606917,10.866265765506958],[10.446991315135442,10.919161208805129],[10.489712661111712,10.807199187157334],[10.452445103983475,10.808962368600607],[10.4406285614794,10.772817149013523],[10.501529203615787,10.774580330456795],[10.526980218239949,10.73667192942644],[10.49425748515174,10.68818443973645],[10.466988540911569,10.60707809334592],[10.426994089359313,10.615012409840645],[10.305192805086541,10.536550835615026],[10.293376262582466,10.484536983038492],[10.242474233334143,10.442220628399955]]]}},{"type":"Feature","id":"nganzai","properties":{"id":"nganzai","name":"Nganzai","parentId":"borno","level":"lga"},"geometry":{"type":"Polygon","coordinates":[[[13.402035905962189,12.546577680945518],[13.347498017481842,12.51836677785316],[13.368404208065975,12.411694300535181],[13.35022491190586,12.386128169607733],[13.286597375345456,12.37290430878319],[13.3093214955456,12.319127274763384],[13.250238783025225,12.292679553114297],[13.271144973609358,12.252126379919034],[13.26660014956933,12.198349345899226],[13.286597375345456,12.094321640746157],[13.263873255145311,12.086387324251431],[13.224787768401065,12.127822088168331],[13.15479747818462,12.189533438682865],[13.137527146832511,12.242428881981034],[13.1357092172165,12.366733173731737],[13.087534082392192,12.362325220123555],[13.052993419687974,12.338522270639379],[12.980276235047512,12.342048633525923],[12.86938252847081,12.30854818610375],[12.873018387702832,12.387891351051005],[12.930283170607195,12.480458376822805],[12.944826607535289,12.530709047956066],[13.051175490071962,12.66823720053131],[13.082989258352164,12.792541492282012],[13.14207197087254,12.797831036611829],[13.198427788968896,12.773146496406016],[13.205699507432943,12.732593323210752],[13.250238783025225,12.71231673661312],[13.213880190704995,12.634736753109136],[13.232968451673116,12.621512892284592],[13.352042841521872,12.621512892284592],[13.330227686129733,12.565091086099878],[13.387492469034097,12.582722900532602],[13.402035905962189,12.546577680945518]]]}},{"type":"Feature","id":"ahoada-west","properties":{"id":"ahoada-west","name":"Ahoada West","parentId":"rivers","level":"lga"},"geometry":{"type":"Polygon","coordinates":[[[6.578437092262899,5.177360838788686],[6.576619162646887,5.026608825388899],[6.552986077638737,4.972831791369091],[6.577528127454893,4.898778170751653],[6.560257796102784,4.851172271783299],[6.517536450126512,4.867922495494386],[6.465725456070183,4.92698907384401],[6.433911687789982,4.930515436730555],[6.4220951452859065,4.981647698585453],[6.411187567589838,5.004569057347994],[6.492994400310357,5.163255387242507],[6.552986077638737,5.189703108891592],[6.578437092262899,5.177360838788686]]]}},{"type":"Feature","id":"song","properties":{"id":"song","name":"Song","parentId":"adamawa","level":"lga"},"geometry":{"type":"Polygon","coordinates":[[[12.648504080125408,9.562393088207047],[12.47852766102833,9.611762168618672],[12.392176004267782,9.607354215010492],[12.331275362131395,9.541234910887779],[12.272192649611021,9.521839915011782],[12.22947130363475,9.59148558202104],[12.227653374018738,9.655841704700482],[12.251286459026888,9.665539202638481],[12.2058382186266,9.745763958307371],[12.174933415154404,9.825988713976265],[12.232198198058766,9.858607570676803],[12.222199585170703,9.92649005624279],[12.27673747365105,9.94500346139715],[12.292189875387148,9.991727769643866],[12.338547080595442,9.964398457273145],[12.35399948233154,10.019057082014587],[12.453076646404169,10.019057082014587],[12.49125316834041,10.035807305725676],[12.569424141828906,10.044623212942039],[12.593057226837056,10.088702749023845],[12.633960643197316,10.034044124282403],[12.716676440725841,10.049031166550218],[12.72122126476587,10.105452972734934],[12.762124681126128,10.139835010878745],[12.77485018843821,10.10192660984839],[12.821207393646503,10.083413204694029],[12.832114971342573,10.005833221190045],[12.87574528212685,10.024346626344405],[12.960279009271385,9.99349095108714],[13.054811349303986,10.019938672736224],[13.068445821424072,9.925608465521153],[13.058447208536009,9.84538370985226],[13.092078906432222,9.774856452121366],[13.089352012008204,9.70961873872029],[13.044812736415922,9.706973966555381],[12.954825220423352,9.72548737170974],[12.944826607535289,9.696394877895745],[12.88847078943893,9.67699988201975],[12.82847911211055,9.693750105730839],[12.754852962662083,9.67699988201975],[12.772123294014193,9.616170122226855],[12.761215716318123,9.578261721196498],[12.676681989173586,9.595011944907586],[12.648504080125408,9.562393088207047]]]}},{"type":"Feature","id":"oshimili-north","properties":{"id":"oshimili-north","name":"Oshimili North","parentId":"delta","level":"lga"},"geometry":{"type":"Polygon","coordinates":[[[6.575710197838881,6.495338967634775],[6.646609452863331,6.4891678325833215],[6.669333573063476,6.501510102686229],[6.7129638838477526,6.35340286145135],[6.722962496735816,6.265243789287732],[6.705692165383706,6.261717426401187],[6.687512869223591,6.1885453965053845],[6.7129638838477526,6.1524001769183005],[6.688421834031597,6.108320640836492],[6.64479152324732,6.101267915063403],[6.6102508605431005,6.137413134650486],[6.6102508605431005,6.192953350113566],[6.6347929103592564,6.236151295473738],[6.581163986686915,6.290809920215182],[6.565711584950818,6.3278367305239005],[6.579346057070905,6.414232621244246],[6.575710197838881,6.495338967634775]]]}},{"type":"Feature","id":"gokana","properties":{"id":"gokana","name":"Gokana","parentId":"rivers","level":"lga"},"geometry":{"type":"Polygon","coordinates":[[[7.304699973859506,4.5937477810655345],[7.281975853659363,4.5602473336433595],[7.235618648451068,4.626366637766073],[7.233800718835056,4.695130714053695],[7.33196891809968,4.71011775632151],[7.361055791955863,4.688077988280606],[7.324697199635633,4.648406405806977],[7.304699973859506,4.5937477810655345]]]}},{"type":"Feature","id":"bukkuyum","properties":{"id":"bukkuyum","name":"Bukkuyum","parentId":"zamfara","level":"lga"},"geometry":{"type":"Polygon","coordinates":[[[5.750370152169646,12.323535228371563],[5.749461187361639,12.289153190227752],[5.722192243121467,12.242428881981034],[5.721283278313461,12.16044094486887],[5.694014334073287,12.08903209641634],[5.737644644857564,12.088150505694703],[5.764913589097738,12.034373471674897],[5.818542512770078,12.019386429407081],[5.8512652458582854,11.895963728378018],[5.909438993570655,11.811331019100944],[5.9421617266588616,11.781356934565313],[5.943070691466868,11.73110626343205],[5.92125553607473,11.695842634566603],[5.913074852802678,11.635894465495344],[5.88035211971447,11.614736288176076],[5.819451477578084,11.64823673559825],[5.780365990833836,11.683500364463697],[5.7049219117693575,11.687908318071877],[5.669472284257132,11.661460596422792],[5.580393733072567,11.675566047968971],[5.514039302088146,11.664986959309337],[5.460410378415806,11.672921275804063],[5.440413152639679,11.709066495391145],[5.37587665127127,11.709948086112782],[5.336791164527021,11.739922170648413],[5.3158849739428895,11.791054432503312],[5.270436733542601,11.77959375312204],[5.2313512467983525,11.885384639718382],[5.247712613342457,11.921529859305465],[5.288616029702716,11.926819403635282],[5.305886361054826,11.962083032500729],[5.359515284727166,11.979714846933454],[5.36951389761523,12.075808235591797],[5.3467897774150845,12.13311163249815],[5.397691806663408,12.196586164455955],[5.403145595511443,12.266231831465213],[5.348607707031096,12.283863645897936],[5.31134014990286,12.356154085072102],[5.384966299351327,12.3244168190932],[5.438595223023667,12.34293022424756],[5.469500026495863,12.25300797064067],[5.5413082463283185,12.272402966516665],[5.56675926095248,12.351746131463921],[5.652201952905022,12.348219768577376],[5.691287439649271,12.321772046928292],[5.750370152169646,12.323535228371563]]]}},{"type":"Feature","id":"damaturu","properties":{"id":"damaturu","name":"Damaturu","parentId":"yobe","level":"lga"},"geometry":{"type":"Polygon","coordinates":[[[11.848615049080333,11.620025832505892],[11.813165421568108,11.68526354590697],[11.850432978696345,11.744330124256592],[11.842252295424293,11.784883297451858],[11.800439914256028,11.813094200544215],[11.786805442135941,11.903898044872742],[11.713179292687474,11.959438260335823],[11.722268940767531,12.014096885077265],[11.779533723671895,12.015860066520537],[11.836798506576258,11.976188484046908],[11.889518465440593,12.007925750025812],[11.924968092952819,11.991175526314723],[11.977688051817152,11.995583479922905],[12.061312814153682,12.07492664487016],[12.041315588377556,12.098729594354339],[12.091308652817872,12.144572311879418],[12.161298943034318,12.111953455178881],[12.236743022098796,12.137519586106329],[12.237651986906801,12.089913687137976],[12.274010579227033,11.977070074768545],[12.255831283066916,11.885384639718382],[12.27037471999501,11.826318061368758],[12.244014740562841,11.80956783765767],[12.195839605738536,11.657934233536247],[12.114032773018018,11.600630836629897],[12.048587306841602,11.622670604670802],[12.002230101633309,11.564485617042813],[11.95678186123302,11.605038790238076],[11.921332233720795,11.614736288176076],[11.876792958128512,11.597986064464987],[11.848615049080333,11.620025832505892]]]}},{"type":"Feature","id":"geidam","properties":{"id":"geidam","name":"Geidam","parentId":"yobe","level":"lga"},"geometry":{"type":"Polygon","coordinates":[[[12.499433851612462,12.70967196444821],[12.496706957188445,12.664710837644765],[12.464893188908244,12.613578575789868],[12.427625631780007,12.602117896408597],[12.44398699832411,12.560683132491697],[12.418535983699948,12.524537912904613],[12.376723602531683,12.520129959296431],[12.353090517523533,12.460181790225171],[12.28310022730709,12.40993111909191],[12.176751344770414,12.438142022184268],[12.043133517993567,12.394944076824094],[11.984050805473192,12.399352030432276],[11.92860395218484,12.48398473970935],[11.869521239664467,12.461944971668444],[11.74226616654366,12.447839520122265],[11.733176518463601,12.508669279915162],[11.783169582903918,12.55274881599697],[11.815892315992127,12.632973571665863],[11.80225784387204,12.698211285066941],[11.771353040399843,12.7264221881593],[11.764990286743803,12.779317631457468],[11.697726890951376,12.80223899022001],[11.661368298631146,12.855134433518181],[11.682274489215278,12.871884657229268],[11.719542046343514,12.851608070631636],[11.893154324672617,12.92213532836253],[11.960417720465042,12.969741227330884],[11.966780474121084,12.901858741764899],[12.014046644137382,12.859542387126362],[12.065857638193712,12.904503513929807],[12.107670019361978,12.856016024239818],[12.172206520730386,12.86218715929127],[12.214927866706658,12.900977151043262],[12.281282297691078,12.909793058259623],[12.344000869443477,12.9847282695987],[12.408537370811885,13.023518261350691],[12.414900124467927,12.9847282695987],[12.394902898691798,12.915964193311076],[12.409446335619892,12.859542387126362],[12.48489041468437,12.801357399498373],[12.499433851612462,12.70967196444821]]]}},{"type":"Feature","id":"tarmuwa","properties":{"id":"tarmuwa","name":"Tarmuwa","parentId":"yobe","level":"lga"},"geometry":{"type":"Polygon","coordinates":[[[11.722268940767531,12.014096885077265],[11.606830410150799,12.045834151056166],[11.613193163806839,12.117242999508697],[11.565018028982534,12.163967307755415],[11.500481527614125,12.162204126312144],[11.415947800469588,12.186007075796319],[11.412311941237565,12.251244789197397],[11.428673307781668,12.304140232495568],[11.390496785845427,12.33587749847447],[11.335049932557075,12.338522270639379],[11.312325812356931,12.390536123215913],[11.330505108517047,12.413457481978455],[11.44139881509375,12.446957929400629],[11.521387718198257,12.498090191255528],[11.557746310518489,12.49280064692571],[11.63682624881499,12.509550870636797],[11.68409241883129,12.493682237647347],[11.733176518463601,12.508669279915162],[11.74226616654366,12.447839520122265],[11.869521239664467,12.461944971668444],[11.92860395218484,12.48398473970935],[11.984050805473192,12.399352030432276],[12.043133517993567,12.394944076824094],[12.176751344770414,12.438142022184268],[12.28310022730709,12.40993111909191],[12.284918156923101,12.266231831465213],[12.250377494218883,12.212454797445405],[12.264011966338968,12.178072759301594],[12.236743022098796,12.137519586106329],[12.161298943034318,12.111953455178881],[12.091308652817872,12.144572311879418],[12.041315588377556,12.098729594354339],[12.061312814153682,12.07492664487016],[11.977688051817152,11.995583479922905],[11.924968092952819,11.991175526314723],[11.889518465440593,12.007925750025812],[11.836798506576258,11.976188484046908],[11.779533723671895,12.015860066520537],[11.722268940767531,12.014096885077265]]]}},{"type":"Feature","id":"madagali","properties":{"id":"madagali","name":"Madagali","parentId":"adamawa","level":"lga"},"geometry":{"type":"Polygon","coordinates":[[[13.336590439785773,10.867147356228593],[13.502022034842822,10.910345301588766],[13.5774661139073,10.948253702619123],[13.67018052432389,10.944727339732577],[13.751078392236403,10.913871664475312],[13.632912967195653,10.734908747983166],[13.559286817747186,10.63969695004646],[13.478388949834672,10.696118756231176],[13.432940709434385,10.712868979942261],[13.358405595177912,10.713750570663898],[13.321138038049675,10.743724655199529],[13.335681474977768,10.800146461384244],[13.336590439785773,10.867147356228593]]]}},{"type":"Feature","id":"michika","properties":{"id":"michika","name":"Michika","parentId":"adamawa","level":"lga"},"geometry":{"type":"Polygon","coordinates":[[[13.321138038049675,10.743724655199529],[13.358405595177912,10.713750570663898],[13.432940709434385,10.712868979942261],[13.478388949834672,10.696118756231176],[13.559286817747186,10.63969695004646],[13.55383302889915,10.566524920150655],[13.532017873507012,10.453681307781224],[13.486569633106726,10.416654497472505],[13.3565876655619,10.485418573760128],[13.248420853409215,10.510984704687576],[13.232968451673116,10.55859060365593],[13.321138038049675,10.743724655199529]]]}},{"type":"Feature","id":"mubi-north","properties":{"id":"mubi-north","name":"Mubi North","parentId":"adamawa","level":"lga"},"geometry":{"type":"Polygon","coordinates":[[[13.469299301754615,10.185677728403826],[13.311139425161612,10.285297479948714],[13.253874642257248,10.253560213969813],[13.237513275713145,10.220059766547639],[13.174794703960746,10.25179703252654],[13.163887126264678,10.28617907067035],[13.18479331684881,10.347890421184884],[13.231150522057105,10.425470404688866],[13.234786381289128,10.463378805719223],[13.248420853409215,10.510984704687576],[13.3565876655619,10.485418573760128],[13.486569633106726,10.416654497472505],[13.532017873507012,10.453681307781224],[13.48747859791473,10.278244754175624],[13.51747443657892,10.257086576856356],[13.507475823690857,10.21477022221782],[13.469299301754615,10.185677728403826]]]}},{"type":"Feature","id":"owan-east","properties":{"id":"owan-east","name":"Owan East","parentId":"edo","level":"lga"},"geometry":{"type":"Polygon","coordinates":[[[6.180310506356372,7.1124524727801015],[6.219395993100621,7.037517261441026],[6.2157601338685975,6.9467134171125],[6.167584999044292,6.824172306805071],[6.101230568059871,6.810948445980528],[6.044874749963514,6.776566407836716],[6.042147855539497,6.8541463913407],[6.015787876107329,6.853264800619065],[5.969430670899035,6.980213864534674],[5.98124721340311,7.048977940822296],[5.852174210666291,7.093939067625742],[5.883987978946493,7.199729954222083],[5.903076239914615,7.217361768654807],[5.909438993570655,7.278191528447703],[5.98760996705915,7.226177675871169],[6.065780940547647,7.2464542624688],[6.101230568059871,7.202374726386992],[6.148496738076171,7.183861321232632],[6.180310506356372,7.1124524727801015]]]}},{"type":"Feature","id":"hong","properties":{"id":"hong","name":"Hong","parentId":"adamawa","level":"lga"},"geometry":{"type":"Polygon","coordinates":[[[13.237513275713145,10.220059766547639],[13.122074745096413,10.224467720155818],[13.10298648412829,10.11779524283784],[13.054811349303986,10.019938672736224],[12.960279009271385,9.99349095108714],[12.87574528212685,10.024346626344405],[12.832114971342573,10.005833221190045],[12.821207393646503,10.083413204694029],[12.77485018843821,10.10192660984839],[12.762124681126128,10.139835010878745],[12.790302590174308,10.255323395413084],[12.783939836518266,10.299402931494892],[12.729401948037921,10.340837695411794],[12.676681989173586,10.345245649019976],[12.61396341742119,10.41577290675087],[12.612145487805178,10.448391763451408],[12.652139939357431,10.43869426551341],[12.734855736885956,10.576222418088655],[12.87574528212685,10.573577645923745],[12.958461079655374,10.548011514996297],[13.010272073711704,10.513629476852486],[13.052084454879969,10.46426039644086],[13.122074745096413,10.443983809843228],[13.191156070504851,10.409601771699416],[13.234786381289128,10.463378805719223],[13.231150522057105,10.425470404688866],[13.18479331684881,10.347890421184884],[13.163887126264678,10.28617907067035],[13.174794703960746,10.25179703252654],[13.237513275713145,10.220059766547639]]]}},{"type":"Feature","id":"nassarawa","properties":{"id":"nassarawa","name":"Nassarawa","parentId":"kano","level":"lga"},"geometry":{"type":"Polygon","coordinates":[[[8.534529359091309,11.98941234487145],[8.535438323899314,11.991175526314723],[8.550890725635412,12.052886876829255],[8.589067247571654,12.034373471674897],[8.61360929738781,12.013215294355629],[8.599065860459717,11.970017348995455],[8.595430001227694,11.962083032500729],[8.534529359091309,11.98941234487145]]]}},{"type":"Feature","id":"sabuwa","properties":{"id":"sabuwa","name":"Sabuwa","parentId":"katsina","level":"lga"},"geometry":{"type":"Polygon","coordinates":[[[6.8893030566008715,11.383759519107397],[6.9011195991049465,11.492195177868645],[7.003832622409597,11.535393123228818],[7.033828461073787,11.530985169620639],[7.073822912626042,11.56272243559954],[7.107454610522256,11.55126175621827],[7.111999434562284,11.47544495415756],[7.132905625146416,11.35731179745831],[7.194715232090809,11.257692045913423],[7.211076598634913,11.202151830450342],[7.201077985746849,11.153664340760352],[7.161992499002601,11.130742981997813],[7.129269765914394,11.137795707770902],[7.076549807050059,11.195099104677253],[7.025647777801735,11.209204556223431],[6.967474030089367,11.245349775810515],[7.008377446449627,11.293837265500505],[7.006559516833615,11.361719751066492],[6.961111276433327,11.359074978901582],[6.8893030566008715,11.383759519107397]]]}},{"type":"Feature","id":"ohaozara","properties":{"id":"ohaozara","name":"Ohaozara","parentId":"ebonyi","level":"lga"},"geometry":{"type":"Polygon","coordinates":[[[7.669194861869819,6.0633595140330465],[7.713734137462101,6.083636100630679],[7.726459644774183,6.114491775887945],[7.773725814790481,6.064241104754683],[7.835535421734875,6.077464965579225],[7.91370639522337,5.975200441869429],[7.852805753086983,5.967266125374703],[7.822809914422793,5.977845214034337],[7.769180990750453,5.9549238552717965],[7.727368609582188,5.907317956303443],[7.707371383806061,5.933765677952528],[7.711007243038084,5.970792488261248],[7.675557615525859,6.00958248001324],[7.669194861869819,6.0633595140330465]]]}},{"type":"Feature","id":"kaura-namoda","properties":{"id":"kaura-namoda","name":"Kaura Namoda","parentId":"zamfara","level":"lga"},"geometry":{"type":"Polygon","coordinates":[[[6.5011750835824085,12.446957929400629],[6.448455124718074,12.495445419090618],[6.392099306621716,12.502498144863708],[6.420277215669895,12.56685426754315],[6.417550321245878,12.640026297438952],[6.523899203782553,12.653250158263495],[6.55025918321472,12.677934698469308],[6.602070177271049,12.672645154139492],[6.727507320775844,12.62680243661441],[6.742959722511943,12.587130854140781],[6.670242537871481,12.576551765481147],[6.656608065751395,12.551867225275334],[6.692057693263619,12.48133996754444],[6.669333573063476,12.468116106719897],[6.7011473413436775,12.396707258267368],[6.742959722511943,12.395825667545731],[6.832947238504513,12.334995907752834],[6.837492062544543,12.277692510846482],[6.8038603646483296,12.279455692289755],[6.685694939607579,12.341167042804287],[6.639337734399286,12.336759089196107],[6.59752535323102,12.447839520122265],[6.5011750835824085,12.446957929400629]]]}},{"type":"Feature","id":"dutsi","properties":{"id":"dutsi","name":"Dutsi","parentId":"katsina","level":"lga"},"geometry":{"type":"Polygon","coordinates":[[[8.25093233899351,12.879818973723994],[8.241842690913451,12.826041939704186],[8.141856562032817,12.811054897436371],[8.108224864136604,12.804883762384918],[8.094590392016517,12.810173306714736],[8.083682814320449,12.923898509805802],[8.06368558854432,12.939767142795255],[8.058231799696287,13.008531219082876],[8.097317286440534,13.006768037639604],[8.160944823000937,13.038505303618507],[8.171852400697007,13.012939172691057],[8.22093650032932,12.962688501557794],[8.25093233899351,12.879818973723994]]]}},{"type":"Feature","id":"kabo","properties":{"id":"kabo","name":"Kabo","parentId":"kano","level":"lga"},"geometry":{"type":"Polygon","coordinates":[[[8.281837142465704,11.82102851703894],[8.256386127841544,11.789291251060039],[8.222754429945331,11.771659436627315],[8.19094066166513,11.800751930441308],[8.14094759722481,11.790172841781676],[8.120041406640679,11.858936918069297],[8.076411095856402,11.880095095388565],[8.123677265872702,11.900371681986197],[8.047324222000217,11.945332808789644],[8.030053890648109,11.978833256211818],[8.102771075288569,11.984122800541634],[8.122768301064696,12.012333703633992],[8.141856562032817,11.992938707757997],[8.261839916689578,11.87216077889384],[8.281837142465704,11.82102851703894]]]}},{"type":"Feature","id":"dandume","properties":{"id":"dandume","name":"Dandume","parentId":"katsina","level":"lga"},"geometry":{"type":"Polygon","coordinates":[[[7.194715232090809,11.257692045913423],[7.132905625146416,11.35731179745831],[7.111999434562284,11.47544495415756],[7.107454610522256,11.55126175621827],[7.135632519570434,11.578591068588992],[7.176535935930692,11.575946296424082],[7.190170408050779,11.501011085085008],[7.248344155763149,11.498366312920098],[7.3092447978995345,11.45869473044647],[7.299246185011471,11.404917696426665],[7.30833583309153,11.29295567477887],[7.289247572123408,11.284139767562507],[7.227437965179016,11.278850223232691],[7.194715232090809,11.257692045913423]]]}},{"type":"Feature","id":"dawakin-tofa","properties":{"id":"dawakin-tofa","name":"Dawakin Tofa","parentId":"kano","level":"lga"},"geometry":{"type":"Polygon","coordinates":[[[8.387277060194375,12.022031201571991],[8.338192960562063,12.079334598478342],[8.25093233899351,12.119887771673607],[8.215482711481284,12.14192753971451],[8.290926790545763,12.147217084044328],[8.296380579393798,12.185125485074684],[8.35182743268215,12.187770257239592],[8.410910145202523,12.251244789197397],[8.458176315218823,12.231849793321402],[8.484536294650992,12.260942287135396],[8.514532133315182,12.25741592424885],[8.496352837155067,12.235376156207945],[8.507260414851135,12.131348451054876],[8.439997019058708,12.090795277859613],[8.387277060194375,12.022031201571991]]]}},{"type":"Feature","id":"gezawa","properties":{"id":"gezawa","name":"Gezawa","parentId":"kano","level":"lga"},"geometry":{"type":"Polygon","coordinates":[[[8.599065860459717,11.970017348995455],[8.61360929738781,12.013215294355629],[8.589067247571654,12.034373471674897],[8.618154121427839,12.04318937889126],[8.63724238239596,12.098729594354339],[8.647240995284024,12.13487481394142],[8.71904921511648,12.15603299126069],[8.778131927636855,12.158677763425597],[8.762679525900756,12.11900618095197],[8.820853273613125,12.071400281983617],[8.840850499389251,12.018504838685445],[8.838123604965235,11.974425302603636],[8.790857434948935,11.979714846933454],[8.736319546468588,11.962083032500729],[8.70814163742041,12.006162568582539],[8.631788593547926,11.962083032500729],[8.599065860459717,11.970017348995455]]]}},{"type":"Feature","id":"bodinga","properties":{"id":"bodinga","name":"Bodinga","parentId":"sokoto","level":"lga"},"geometry":{"type":"Polygon","coordinates":[[[5.0850079127094245,12.774028087127652],[5.058647933277257,12.83485784692055],[5.102278244061534,12.857779205683089],[5.057738968469252,12.9335960077438],[5.105914103293557,12.930951235578892],[5.1286382234937005,12.997952130423242],[5.198628513710146,12.948583050011615],[5.235896070838382,12.931832826300528],[5.274981557582629,12.812818078879644],[5.3222477275989295,12.76521217991129],[5.383148369735316,12.7264221881593],[5.374058721655258,12.684987424242397],[5.353152531071125,12.622394483006229],[5.291342924126733,12.622394483006229],[5.199537478518151,12.677053107747673],[5.18044921755003,12.76521217991129],[5.120457540221649,12.800475808776737],[5.0850079127094245,12.774028087127652]]]}},{"type":"Feature","id":"zurmi","properties":{"id":"zurmi","name":"Zurmi","parentId":"zamfara","level":"lga"},"geometry":{"type":"Polygon","coordinates":[[[6.55025918321472,12.677934698469308],[6.5675295145668295,12.738764458262205],[6.514809555702495,12.75375150053002],[6.421186180477902,12.718487871664573],[6.384827588157671,12.751988319086747],[6.431184793365965,12.782843994344013],[6.48572268184631,12.785488766508923],[6.48572268184631,12.817226032487826],[6.437547547022005,12.86923988506436],[6.404824813933797,12.83221307475564],[6.3421062421814,12.902740332486534],[6.396644130661746,12.923898509805802],[6.404824813933797,12.947701459289979],[6.437547547022005,12.964451683001068],[6.464816491262178,12.924780100527439],[6.527535063014575,12.916845784032713],[6.562075725718795,12.890398062383628],[6.649336347287349,12.920372146919258],[6.747504546551971,12.935359189187073],[6.736596968855903,13.005886446917968],[6.606615001311077,13.046439620113231],[6.6829680451835625,13.107269379906128],[6.7929527869522595,13.131953920111942],[6.806587259072346,13.108150970627765],[6.932933367385148,12.997070539701605],[7.051098792425897,12.995307358258334],[7.066551194161995,12.889516471661992],[7.06109740531396,12.739646048983841],[7.042918109153845,12.71936946238621],[6.989289185481505,12.673526744861128],[6.87021479563275,12.64267106960386],[6.8165858719604095,12.64267106960386],[6.742959722511943,12.587130854140781],[6.727507320775844,12.62680243661441],[6.602070177271049,12.672645154139492],[6.55025918321472,12.677934698469308]]]}},{"type":"Feature","id":"warawa","properties":{"id":"warawa","name":"Warawa","parentId":"kano","level":"lga"},"geometry":{"type":"Polygon","coordinates":[[[8.863574619589397,11.961201441779094],[8.863574619589397,11.911832361367468],[8.872664267669453,11.866871234564023],[8.820853273613125,11.798107158276402],[8.774496068404831,11.835133968585119],[8.747227124164658,11.824554879925486],[8.707232672612404,11.861581690234205],[8.736319546468588,11.88362145827511],[8.713595426268444,11.919766677862192],[8.631788593547926,11.937398492294918],[8.631788593547926,11.962083032500729],[8.70814163742041,12.006162568582539],[8.736319546468588,11.962083032500729],[8.790857434948935,11.979714846933454],[8.838123604965235,11.974425302603636],[8.863574619589397,11.961201441779094]]]}},{"type":"Feature","id":"tangaza","properties":{"id":"tangaza","name":"Tangaza","parentId":"sokoto","level":"lga"},"geometry":{"type":"Polygon","coordinates":[[[5.071373440589338,13.173388684028842],[5.015926587300986,13.186612544853384],[4.941391473044513,13.258021393305915],[4.965024558052663,13.286232296398273],[4.85413085147596,13.333838195366626],[4.727784743163157,13.350588419077715],[4.761416441059371,13.446681807736057],[4.764143335483389,13.516327474745315],[4.723239919123129,13.542775196394402],[4.758689546635354,13.594789048970936],[4.704151658155008,13.651210855155652],[4.749599898555296,13.687356074742736],[4.807773646267666,13.712040614948547],[4.801410892611625,13.768462421133263],[4.873219112444081,13.781686281957807],[4.908668739956306,13.745541062370723],[5.005927974412923,13.735843564432725],[5.077736194245379,13.751712197422176],[5.158634062157891,13.742896290205815],[5.153180273309857,13.63093426855802],[5.184085076782052,13.51985383763186],[5.167723710237949,13.427286811860062],[5.118639610605637,13.425523630416789],[5.125911329069684,13.3356013768099],[5.077736194245379,13.30298252010936],[5.135000977149741,13.249205486089553],[5.106823068101563,13.190138907739929],[5.071373440589338,13.173388684028842]]]}},{"type":"Feature","id":"maigatari","properties":{"id":"maigatari","name":"Maigatari","parentId":"jigawa","level":"lga"},"geometry":{"type":"Polygon","coordinates":[[[9.66164572101846,12.833976256198913],[9.68073398198658,12.82075239537437],[9.728909116810886,12.78372558506565],[9.79889940702733,12.65942129331495],[9.765267709131116,12.609170622181686],[9.664372615442476,12.562446313934968],[9.476216900185282,12.5924203984706],[9.470763111337249,12.681461061355852],[9.411680398816873,12.70526401084003],[9.349870791872481,12.68234265207749],[9.33078253090436,12.759041044859837],[9.350779756680486,12.782843994344013],[9.334418390136383,12.823397167539278],[9.430768659784993,12.823397167539278],[9.63528574158629,12.80223899022001],[9.66164572101846,12.833976256198913]]]}},{"type":"Feature","id":"danja","properties":{"id":"danja","name":"Danja","parentId":"katsina","level":"lga"},"geometry":{"type":"Polygon","coordinates":[[[7.751001694590338,11.37141724900449],[7.721005855926148,11.370535658282853],[7.706462418998054,11.309705898489955],[7.618292832621496,11.277968632511055],[7.577389416261235,11.31587703354141],[7.4964915483487236,11.351140662406856],[7.4728584633405735,11.37582520261267],[7.390142665812048,11.370535658282853],[7.3874157713880315,11.473681772714286],[7.401050243508118,11.526577216012456],[7.456497096796468,11.544209030445181],[7.507399126044792,11.490431996425373],[7.498309477964735,11.446352460343565],[7.532850140668954,11.43577337168393],[7.5882969939573055,11.391693835602121],[7.634654199165599,11.41725996652957],[7.695554841301986,11.43136541807575],[7.751001694590338,11.37141724900449]]]}},{"type":"Feature","id":"fagge","properties":{"id":"fagge","name":"Fagge","parentId":"kano","level":"lga"},"geometry":{"type":"Polygon","coordinates":[[[8.550890725635412,12.052886876829255],[8.535438323899314,11.991175526314723],[8.521803851779227,12.011452112912355],[8.466356998490875,12.065229146932163],[8.550890725635412,12.052886876829255]]]}},{"type":"Feature","id":"jibia","properties":{"id":"jibia","name":"Jibia","parentId":"katsina","level":"lga"},"geometry":{"type":"Polygon","coordinates":[[[7.06109740531396,12.739646048983841],[7.066551194161995,12.889516471661992],[7.051098792425897,12.995307358258334],[7.0901842791701455,12.995307358258334],[7.147449062074509,13.042913257226687],[7.219257281906964,13.125782785060489],[7.380144052923985,13.099335063411402],[7.614656973389472,13.23598162526501],[7.646470741669674,13.20600754072938],[7.6001135364613805,13.1187300592874],[7.6001135364613805,13.061426662381047],[7.560119084909127,13.024399852072328],[7.555574260869097,12.976793953103973],[7.480130181804618,12.954754185063068],[7.41559368043621,12.893924425270173],[7.3983233490841,12.897450788156718],[7.362873721571875,13.00059690258815],[7.281975853659363,13.00059690258815],[7.244708296531126,13.020873489185783],[7.184716619202746,13.00059690258815],[7.140177343610462,12.942411914960163],[7.105636680906244,12.932714417022165],[7.123815977066359,12.864831931456179],[7.111090469754277,12.780199222179105],[7.06109740531396,12.739646048983841]]]}},{"type":"Feature","id":"eleme","properties":{"id":"eleme","name":"Eleme","parentId":"rivers","level":"lga"},"geometry":{"type":"Polygon","coordinates":[[[7.121998047450347,4.7021834398267846],[7.119271153026331,4.767421153227861],[7.073822912626042,4.816790233639487],[7.106545645714249,4.851172271783299],[7.171082147082659,4.851172271783299],[7.184716619202746,4.807974326423126],[7.189261443242774,4.740973431578777],[7.121998047450347,4.7021834398267846]]]}},{"type":"Feature","id":"bebeji","properties":{"id":"bebeji","name":"Bebeji","parentId":"kano","level":"lga"},"geometry":{"type":"Polygon","coordinates":[[[8.432725300594662,11.422549510859387],[8.385459130578363,11.376706793334307],[8.300925403433826,11.346732708798676],[8.266384740729608,11.4057992871483],[8.272747494385648,11.437536553127202],[8.201848239361198,11.47985290776574],[8.217300641097296,11.517761308796095],[8.21457374667328,11.579472659310628],[8.191849626473134,11.624433786114073],[8.222754429945331,11.665868550030973],[8.232753042833394,11.712592858277691],[8.272747494385648,11.72405353765896],[8.331830206906023,11.727579900545507],[8.335466066138045,11.670276503639155],[8.404547391546483,11.575064705702447],[8.433634265402668,11.576827887145718],[8.416363934050558,11.535393123228818],[8.432725300594662,11.422549510859387]]]}},{"type":"Feature","id":"rano","properties":{"id":"rano","name":"Rano","parentId":"kano","level":"lga"},"geometry":{"type":"Polygon","coordinates":[[[8.614518262195816,11.349377480963584],[8.561798303331482,11.342324755190495],[8.432725300594662,11.422549510859387],[8.416363934050558,11.535393123228818],[8.433634265402668,11.576827887145718],[8.462721139258853,11.556551300548087],[8.560889338523475,11.608565153124623],[8.592703106803677,11.589170157248626],[8.635424452779949,11.635012874773707],[8.67178304510018,11.63413128405207],[8.644514100860006,11.610328334567894],[8.642696171243994,11.544209030445181],[8.622698945467867,11.486905633538829],[8.562707268139487,11.419023147972844],[8.614518262195816,11.349377480963584]]]}},{"type":"Feature","id":"tarauni","properties":{"id":"tarauni","name":"Tarauni","parentId":"kano","level":"lga"},"geometry":{"type":"Polygon","coordinates":[[[8.534529359091309,11.98941234487145],[8.595430001227694,11.962083032500729],[8.53634728870732,11.932990538686736],[8.530893499859285,11.967372576830547],[8.534529359091309,11.98941234487145]]]}},{"type":"Feature","id":"etinan","properties":{"id":"etinan","name":"Etinan","parentId":"akwa-ibom","level":"lga"},"geometry":{"type":"Polygon","coordinates":[[[7.875529873287128,4.676617308899335],[7.802812688646666,4.720696844981144],[7.786451322102563,4.796513647041856],[7.830990597694845,4.8247245501342135],[7.8009947590306545,4.883791128483837],[7.8237188792308,4.957844749101277],[7.862804365975046,4.895251807865108],[7.875529873287128,4.798276828485128],[7.874620908479121,4.720696844981144],[7.8918912398312315,4.7136441192080545],[7.875529873287128,4.676617308899335]]]}},{"type":"Feature","id":"yewa-south","properties":{"id":"yewa-south","name":"Yewa South","parentId":"ogun","level":"lga"},"geometry":{"type":"Polygon","coordinates":[[[3.081649475864715,6.761579365568902],[3.049835707584513,6.751881867630903],[3.009841256032259,6.671657111962011],[2.9825723117920866,6.683999382064918],[2.9307613177357577,6.646972571756198],[2.9362151065837923,6.617880077942204],[2.887131006951481,6.567629406808942],[2.8262303648150944,6.64432779959129],[2.8725875700233887,6.683999382064918],[2.875314464447406,6.764224137733811],[2.8071421038469735,6.773921635671808],[2.8271393296231,6.816237990310345],[2.8371379425111636,6.86119911711379],[2.9034923734955846,6.877949340824877],[2.9180358104236768,6.947595007834136],[2.9743916285200345,6.938779100617774],[3.008023326416248,6.959055687215406],[3.0516536372005247,6.944950235669227],[3.088921194328761,6.883238885154695],[3.058016390856565,6.830343441856524],[3.081649475864715,6.761579365568902]]]}},{"type":"Feature","id":"argungu","properties":{"id":"argungu","name":"Argungu","parentId":"kebbi","level":"lga"},"geometry":{"type":"Polygon","coordinates":[[[4.451459441529405,12.855134433518181],[4.549627640794028,12.80223899022001],[4.551445570410039,12.768738542797834],[4.584168303498247,12.73523809537566],[4.665975136218766,12.70526401084003],[4.730511637587176,12.701737647953486],[4.757780581827348,12.637381525274044],[4.707787517387031,12.628565618057682],[4.664157206602754,12.588894035584055],[4.6178000013944605,12.660302884036584],[4.566897972146137,12.66823720053131],[4.45691323037744,12.61974971084132],[4.4478235822973815,12.558919951048424],[4.353291242264782,12.557156769605152],[4.358745031112817,12.588894035584055],[4.286936811280361,12.580078128367692],[4.259667867040188,12.546577680945518],[4.221491345103946,12.611815394346594],[4.173316210279641,12.655894930428405],[4.201494119327819,12.695566512902031],[4.340565734952701,12.766975361354563],[4.396921553049059,12.846318526301818],[4.451459441529405,12.855134433518181]]]}},{"type":"Feature","id":"kiru","properties":{"id":"kiru","name":"Kiru","parentId":"kano","level":"lga"},"geometry":{"type":"Polygon","coordinates":[[[8.300925403433826,11.346732708798676],[8.264566811113596,11.313232261376502],[8.206393063401226,11.318521805706318],[8.113678652984639,11.408444059313208],[8.143674491648829,11.419904738694479],[8.150037245304869,11.519524490239366],[8.086409708744466,11.517761308796095],[8.035507679496142,11.493076768590281],[8.030962855456114,11.534511532507182],[7.99096840390386,11.540682667558634],[7.953700846775623,11.65528946137134],[7.988241509479842,11.686145136628605],[8.028235961032097,11.693197862401695],[8.101862110480564,11.76813307374077],[8.14094759722481,11.790172841781676],[8.19094066166513,11.800751930441308],[8.222754429945331,11.771659436627315],[8.256386127841544,11.789291251060039],[8.272747494385648,11.72405353765896],[8.232753042833394,11.712592858277691],[8.222754429945331,11.665868550030973],[8.191849626473134,11.624433786114073],[8.21457374667328,11.579472659310628],[8.217300641097296,11.517761308796095],[8.201848239361198,11.47985290776574],[8.272747494385648,11.437536553127202],[8.266384740729608,11.4057992871483],[8.300925403433826,11.346732708798676]]]}},{"type":"Feature","id":"batagarawa","properties":{"id":"batagarawa","name":"Batagarawa","parentId":"katsina","level":"lga"},"geometry":{"type":"Polygon","coordinates":[[[7.41559368043621,12.893924425270173],[7.480130181804618,12.954754185063068],[7.555574260869097,12.976793953103973],[7.5946597476133455,12.95210941289816],[7.670103826677824,12.975030771660702],[7.689192087645946,13.024399852072328],[7.726459644774183,13.036742122175234],[7.761000307478401,13.004123265474695],[7.748274800166321,12.95210941289816],[7.687374158029934,12.951227822176524],[7.647379706477681,12.859542387126362],[7.664650037829789,12.828686711869095],[7.592841817997334,12.763448998468018],[7.581025275493259,12.721132643829481],[7.533759105476959,12.696448103623668],[7.5092170556608036,12.804002171663281],[7.47558535776459,12.81369966960128],[7.481039146612625,12.858660796404726],[7.412866786012193,12.863068750012907],[7.41559368043621,12.893924425270173]]]}},{"type":"Feature","id":"bomadi","properties":{"id":"bomadi","name":"Bomadi","parentId":"delta","level":"lga"},"geometry":{"type":"Polygon","coordinates":[[[5.92761828973077,5.160610615077598],[5.914892782418689,5.107715171779427],[5.881261084522476,5.109478353222699],[5.879443154906465,5.176479248067049],[5.800363216609963,5.187058336726683],[5.758550835441698,5.209979695489224],[5.812179759114038,5.247006505797944],[5.747643257745628,5.273454227447029],[5.728554996777508,5.328112852188473],[5.804908040649991,5.358968527445739],[5.846720421818256,5.284914906828299],[5.85671903470632,5.21791401198395],[5.886714873370511,5.2090981047675875],[5.92761828973077,5.160610615077598]]]}},{"type":"Feature","id":"kwaya-kusar","properties":{"id":"kwaya-kusar","name":"Kwaya Kusar","parentId":"borno","level":"lga"},"geometry":{"type":"Polygon","coordinates":[[[11.83861643619227,10.665263080973908],[11.930421881800852,10.569169692315565],[11.967689438929089,10.584156734583381],[11.99950320720929,10.534787654171755],[11.989504594321227,10.482773801595219],[12.045860412417586,10.467786759327403],[12.037679729145532,10.407838590256144],[12.009501820097354,10.347008830463247],[11.99314045355325,10.355824737679608],[11.839525401000277,10.303810885103076],[11.816801280800131,10.345245649019976],[11.82589092888019,10.37433814283397],[11.80862059752808,10.432523130461956],[11.72499583519155,10.46426039644086],[11.712270327879468,10.540958789223208],[11.794077160599988,10.526853337677029],[11.785896477327936,10.590327869634834],[11.83861643619227,10.665263080973908]]]}},{"type":"Feature","id":"igbo-etiti","properties":{"id":"igbo-etiti","name":"Igbo-Etiti","parentId":"enugu","level":"lga"},"geometry":{"type":"Polygon","coordinates":[[[7.30197307943549,6.7368948253630885],[7.349239249451788,6.7227893738169096],[7.414684715628203,6.768632091341991],[7.461950885644503,6.7395395975279975],[7.530123246244937,6.71573664804382],[7.598295606845369,6.6557884789725605],[7.553756331253087,6.593195537736391],[7.495582583540717,6.639919845983108],[7.426501258132278,6.612590533612387],[7.411048856396182,6.646972571756198],[7.341058566179736,6.625814394436929],[7.2974282553954595,6.6787098377351],[7.30197307943549,6.7368948253630885]]]}},{"type":"Feature","id":"doguwa","properties":{"id":"doguwa","name":"Doguwa","parentId":"kano","level":"lga"},"geometry":{"type":"Polygon","coordinates":[[[8.783585716484888,10.597380595407923],[8.710868531844428,10.543603561388116],[8.64996788970804,10.623828317057008],[8.593612071611684,10.644986494376276],[8.543619007171365,10.631762633551734],[8.50635145004313,10.650276038706092],[8.480900435418969,10.71551375210717],[8.571796916219546,10.748132608807708],[8.562707268139487,10.816015094373697],[8.58543138833963,10.861857811898776],[8.571796916219546,10.921805980970037],[8.614518262195816,11.017899369628381],[8.607246543731769,11.071676403648187],[8.50635145004313,11.132506163441084],[8.51907695735521,11.162480247976713],[8.583613458723619,11.221546826326339],[8.629061699123907,11.22331000776961],[8.643605136052,11.14044047993581],[8.645423065668012,11.11487434900836],[8.688144411644283,11.065505268596734],[8.687235446836278,11.03905754694765],[8.745409194548646,10.979990968598024],[8.76631538513278,10.94208256756767],[8.745409194548646,10.857449858290597],[8.76631538513278,10.851278723239144],[8.7854036461009,10.797501689219335],[8.821762238421131,10.769290786126977],[8.855393936317343,10.707579435612445],[8.821762238421131,10.672315806746997],[8.783585716484888,10.597380595407923]]]}},{"type":"Feature","id":"bade","properties":{"id":"bade","name":"Bade","parentId":"yobe","level":"lga"},"geometry":{"type":"MultiPolygon","coordinates":[[[[11.195978316932193,12.519248368574797],[11.046908088419247,12.491919056204074],[11.023275003411097,12.565091086099878],[10.993279164746907,12.591538807748963],[10.998732953594942,12.625039255171137],[11.040545334763207,12.674408335582763],[11.081448751123467,12.689395377850579],[11.045999123611242,12.788133538673831],[11.108717695363639,12.803120580941647],[11.14689421729988,12.772264905684379],[11.14325835806786,12.739646048983841],[11.186888668852136,12.663829246923129],[11.19234245770017,12.60828903146005],[11.26324171272462,12.598591533522052],[11.2441534517565,12.508669279915162],[11.195978316932193,12.519248368574797]]],[[[11.035091545915172,12.810173306714736],[11.012367425715029,12.847200117023455],[10.94964885396263,12.841028981972002],[10.891475106250262,12.812818078879644],[10.870568915666128,12.835739437642184],[10.744222807353328,12.79077831083874],[10.707864215033096,12.754633091251655],[10.696047672529021,12.692921740737123],[10.663324939440814,12.703500829396758],[10.647872537704716,12.64972379537695],[10.58878982518434,12.641789478882226],[10.584245001144312,12.711435145891484],[10.55879398652015,12.805765353106555],[10.581518106720294,12.849844889188363],[10.769673821977488,12.888634880940355],[10.885112352594222,12.89480601599181],[10.927833698570492,12.863950340734542],[10.987825375898872,12.877174201559086],[11.03327361629916,12.932714417022165],[11.085993575163496,12.920372146919258],[11.065996349387369,12.888634880940355],[11.087811504779507,12.848081707745092],[11.035091545915172,12.810173306714736]]]]}},{"type":"Feature","id":"itu","properties":{"id":"itu","name":"Itu","parentId":"akwa-ibom","level":"lga"},"geometry":{"type":"Polygon","coordinates":[[[7.934612585807502,5.076859496522161],[7.87734780290314,5.045122230543258],[7.98006082620779,5.207334923324316],[8.016419418528022,5.247006505797944],[8.065503518160332,5.198519016107953],[8.083682814320449,5.125346986212151],[8.020055277760044,5.101544036727974],[7.9827877206318085,5.117412669717425],[7.934612585807502,5.076859496522161]]]}},{"type":"Feature","id":"bama","properties":{"id":"bama","name":"Bama","parentId":"borno","level":"lga"},"geometry":{"type":"Polygon","coordinates":[[[13.786528019748628,11.74961966858641],[13.921054811333482,11.743448533534957],[14.066489180614404,11.780475343843676],[14.264643508759661,11.786646478895129],[14.234647670095471,11.620907423227528],[14.41734959650463,11.496603131476826],[14.46643369613694,11.478971317044103],[14.499156429225149,11.434891780962294],[14.410986842848589,11.404036105705028],[14.330088974936077,11.33879839230395],[14.188290464887176,11.244468185088879],[14.147387048526918,11.235652277872518],[14.003770608862006,11.28325817684087],[13.921054811333482,11.326456122201044],[13.76471286435649,11.33439043869577],[13.598372304491434,11.388167472715576],[13.593827480451406,11.434891780962294],[13.572921289867272,11.52128767168264],[13.59473644525941,11.53274835106391],[13.645638474507734,11.50277426652828],[13.685632926059988,11.538919486115363],[13.638366756043688,11.630604921165526],[13.585646797179352,11.650881507763158],[13.709266011068138,11.747856487143139],[13.786528019748628,11.74961966858641]]]}},{"type":"Feature","id":"gada","properties":{"id":"gada","name":"Gada","parentId":"sokoto","level":"lga"},"geometry":{"type":"Polygon","coordinates":[[[5.982156178211116,13.712922205670184],[5.9239824304987465,13.62123677062002],[5.915801747226695,13.564814964435305],[5.800363216609963,13.577157234538213],[5.762186694673721,13.506629976807318],[5.70219501734534,13.483708618044778],[5.681288826761207,13.548064740724218],[5.689469510033259,13.600960184022389],[5.642203340016959,13.618591998455113],[5.545853070368349,13.569222918043486],[5.574030979416527,13.535722470621312],[5.558578577680429,13.494287706704412],[5.534036527864274,13.506629976807318],[5.524946879784215,13.564814964435305],[5.514039302088146,13.652092445877289],[5.452229695143754,13.687356074742736],[5.4195069620555465,13.85926626546179],[5.53040066863225,13.885713987110876],[5.631295762320891,13.83634490669925],[5.824905266426118,13.764054467525083],[5.859445929130338,13.758764923195265],[5.982156178211116,13.712922205670184]]]}},{"type":"Feature","id":"gusau","properties":{"id":"gusau","name":"Gusau","parentId":"zamfara","level":"lga"},"geometry":{"type":"MultiPolygon","coordinates":[[[[6.497539224350385,11.591814929413534],[6.548441253598709,11.629723330443891],[6.5675295145668295,11.667631731474245],[6.564802620142812,11.752264440751318],[6.579346057070905,11.776067390235497],[6.578437092262899,11.884503048996745],[6.59298052919099,11.952385534562733],[6.572983303414864,12.004399387139266],[6.582072951494922,12.056413239715802],[6.5675295145668295,12.111071864457244],[6.582981916302927,12.177191168579958],[6.605706036503072,12.198349345899226],[6.675696326719516,12.21598116033195],[6.686603904415585,12.193059801569408],[6.742959722511943,12.202757299507407],[6.756594194632029,12.137519586106329],[6.826584484848473,12.07757141703507],[6.805678294264341,12.002636205695994],[6.745686616935959,11.999991433531086],[6.740232828087926,11.949740762397823],[6.6647887490234465,11.895082137656381],[6.703874235767694,11.826318061368758],[6.682059080375556,11.714356039720963],[6.722962496735816,11.671158094360791],[6.7138728486557575,11.594459701578444],[6.642973593631308,11.568011979929357],[6.5629846905268,11.564485617042813],[6.497539224350385,11.591814929413534]]],[[[7.0656422293539904,12.431970887132815],[7.092911173594162,12.2829820551763],[7.150175956498526,12.231849793321402],[7.156538710154566,12.185125485074684],[7.117453223410319,12.094321640746157],[7.055643616465925,12.086387324251431],[7.000196763177575,12.096966412911065],[6.966565065281362,12.066992328375434],[6.885667197368848,12.104900729405792],[6.90657338795298,12.159559354147234],[6.869305830824745,12.2415472912594],[6.898392704680928,12.27592932940321],[6.949294733929252,12.327943181979744],[6.95383955796928,12.3755490809481],[7.010195376065639,12.43285247785445],[7.0656422293539904,12.431970887132815]]]]}},{"type":"Feature","id":"lagos-mainland","properties":{"id":"lagos-mainland","name":"Lagos Mainland","parentId":"lagos","level":"lga"},"geometry":{"type":"Polygon","coordinates":[[[3.3797899328906063,6.466246473820782],[3.3643375311545083,6.475943971758779],[3.365246495962514,6.517378735675679],[3.3670644255785254,6.524431461448769],[3.399787158666733,6.523549870727133],[3.3797899328906063,6.466246473820782]]]}},{"type":"Feature","id":"kaita","properties":{"id":"kaita","name":"Kaita","parentId":"katsina","level":"lga"},"geometry":{"type":"Polygon","coordinates":[[[7.820083019998776,13.352351600520986],[7.811902336726725,13.309153655160813],[7.848260929046955,13.28006116134682],[7.860986436359035,13.240389578873192],[7.932794656191492,13.246560713924644],[7.941884304271548,13.182204591245204],[7.863713330783053,13.090519156195041],[7.84280714019892,13.082584839700315],[7.817356125574758,13.084348021143587],[7.7700899555584595,13.029689396402144],[7.726459644774183,13.036742122175234],[7.689192087645946,13.024399852072328],[7.6728307211018425,13.049084392278141],[7.6001135364613805,13.061426662381047],[7.6001135364613805,13.1187300592874],[7.646470741669674,13.20600754072938],[7.614656973389472,13.23598162526501],[7.759182377862389,13.31003524588245],[7.820083019998776,13.352351600520986]]]}},{"type":"Feature","id":"minjibir","properties":{"id":"minjibir","name":"Minjibir","parentId":"kano","level":"lga"},"geometry":{"type":"Polygon","coordinates":[[[8.507260414851135,12.131348451054876],[8.496352837155067,12.235376156207945],[8.514532133315182,12.25741592424885],[8.545436936787377,12.281218873733026],[8.598156895651712,12.26006069641376],[8.642696171243994,12.261823877857031],[8.67360097471619,12.30590341393884],[8.732683687236566,12.26887660363012],[8.713595426268444,12.210691616002133],[8.71904921511648,12.15603299126069],[8.647240995284024,12.13487481394142],[8.63724238239596,12.098729594354339],[8.579977599491597,12.096084822189429],[8.54271004236336,12.136637995384692],[8.507260414851135,12.131348451054876]]]}},{"type":"Feature","id":"ini","properties":{"id":"ini","name":"Ini","parentId":"akwa-ibom","level":"lga"},"geometry":{"type":"Polygon","coordinates":[[[7.8073575126866945,5.289322860436481],[7.721005855926148,5.297257176931206],[7.666467967445801,5.346626257342832],[7.621928691853519,5.388061021259732],[7.658287284173749,5.44624600888772],[7.701008630150021,5.435666920228086],[7.7037355245740375,5.486799182082985],[7.733731363238228,5.517654857340251],[7.760091342670394,5.505312587237345],[7.7891782165265795,5.444482827444448],[7.865531260399065,5.418035105795362],[7.8800746973271565,5.366902843940464],[7.841898175390915,5.336047168683198],[7.8073575126866945,5.289322860436481]]]}},{"type":"Feature","id":"talata-mafara","properties":{"id":"talata-mafara","name":"Talata Mafara","parentId":"zamfara","level":"lga"},"geometry":{"type":"Polygon","coordinates":[[[5.885805908562505,12.313837730433566],[5.875807295674441,12.355272494350466],[5.903076239914615,12.447839520122265],[5.943979656274873,12.470760878884805],[5.947615515506897,12.508669279915162],[5.999426509563225,12.553630406718607],[6.032149242651434,12.610933803624958],[6.104866427291894,12.672645154139492],[6.109411251331924,12.63826311599568],[6.148496738076171,12.595065170635507],[6.141225019612126,12.504261326306981],[6.168493963852298,12.434615659297723],[6.220304957908627,12.450484292287173],[6.283023529661024,12.408167937648637],[6.241211148492759,12.355272494350466],[6.163040175004264,12.193941392291045],[6.113956075371952,12.132230041776513],[6.053964398043572,12.120769362395242],[5.999426509563225,12.154269809817418],[5.909438993570655,12.141045948992875],[5.885805908562505,12.313837730433566]]]}},{"type":"Feature","id":"gwandu","properties":{"id":"gwandu","name":"Gwandu","parentId":"kebbi","level":"lga"},"geometry":{"type":"Polygon","coordinates":[[[4.475092526537555,12.406404756205365],[4.4478235822973815,12.493682237647347],[4.4478235822973815,12.558919951048424],[4.45691323037744,12.61974971084132],[4.566897972146137,12.66823720053131],[4.6178000013944605,12.660302884036584],[4.664157206602754,12.588894035584055],[4.707787517387031,12.628565618057682],[4.757780581827348,12.637381525274044],[4.795048138955584,12.575670174759512],[4.803228822227637,12.484866330430984],[4.7695971243314235,12.46987928816317],[4.749599898555296,12.42139179847318],[4.754144722595326,12.364088401566828],[4.709605447003042,12.364969992288465],[4.691426150842927,12.400233621153912],[4.6296165438985355,12.43285247785445],[4.585986233114259,12.388772941772642],[4.592348986770299,12.346456587134105],[4.548718675986022,12.30149546033066],[4.494180787505676,12.348219768577376],[4.475092526537555,12.406404756205365]]]}},{"type":"Feature","id":"birnin-magaji-kiyaw","properties":{"id":"birnin-magaji-kiyaw","name":"Birnin Magaji-Kiyaw","parentId":"zamfara","level":"lga"},"geometry":{"type":"Polygon","coordinates":[[[6.898392704680928,12.27592932940321],[6.837492062544543,12.277692510846482],[6.832947238504513,12.334995907752834],[6.742959722511943,12.395825667545731],[6.7011473413436775,12.396707258267368],[6.669333573063476,12.468116106719897],[6.692057693263619,12.48133996754444],[6.656608065751395,12.551867225275334],[6.670242537871481,12.576551765481147],[6.742959722511943,12.587130854140781],[6.8165858719604095,12.64267106960386],[6.87021479563275,12.64267106960386],[6.989289185481505,12.673526744861128],[7.044736038769857,12.658539702593313],[7.051098792425897,12.539524955172428],[7.0656422293539904,12.431970887132815],[7.010195376065639,12.43285247785445],[6.95383955796928,12.3755490809481],[6.949294733929252,12.327943181979744],[6.898392704680928,12.27592932940321]]]}},{"type":"Feature","id":"shanono","properties":{"id":"shanono","name":"Shanono","parentId":"kano","level":"lga"},"geometry":{"type":"Polygon","coordinates":[[[7.865531260399065,12.021149610850355],[7.8800746973271565,12.044070969612894],[7.855532647511001,12.147217084044328],[7.862804365975046,12.232731384043039],[7.876438838095133,12.235376156207945],[7.944611198695565,12.178072759301594],[7.999149087175912,12.163085717033779],[7.9836966854398135,12.097848003632702],[8.015510453720015,12.059939602602345],[8.111860723368627,12.069637100540344],[8.122768301064696,12.012333703633992],[8.102771075288569,11.984122800541634],[8.030053890648109,11.978833256211818],[7.9836966854398135,11.983241209819997],[7.905525711951318,11.965609395387276],[7.865531260399065,12.021149610850355]]]}},{"type":"Feature","id":"rogo","properties":{"id":"rogo","name":"Rogo","parentId":"kano","level":"lga"},"geometry":{"type":"Polygon","coordinates":[[[7.805539583070683,11.37141724900449],[7.751001694590338,11.37141724900449],[7.695554841301986,11.43136541807575],[7.675557615525859,11.483379270652284],[7.6791934747578825,11.52393244384755],[7.711007243038084,11.54861698405336],[7.704644489382044,11.59269652013517],[7.766454096326436,11.628841739722255],[7.840989210582908,11.633249693330434],[7.900980887911288,11.649999917041523],[7.953700846775623,11.65528946137134],[7.99096840390386,11.540682667558634],[8.030962855456114,11.534511532507182],[8.035507679496142,11.493076768590281],[7.95642774119964,11.467510637662834],[7.900071923103283,11.43136541807575],[7.87916573251915,11.386404291272303],[7.805539583070683,11.37141724900449]]]}},{"type":"Feature","id":"batsari","properties":{"id":"batsari","name":"Batsari","parentId":"katsina","level":"lga"},"geometry":{"type":"Polygon","coordinates":[[[7.042918109153845,12.71936946238621],[7.06109740531396,12.739646048983841],[7.111090469754277,12.780199222179105],[7.123815977066359,12.864831931456179],[7.105636680906244,12.932714417022165],[7.140177343610462,12.942411914960163],[7.184716619202746,13.00059690258815],[7.244708296531126,13.020873489185783],[7.281975853659363,13.00059690258815],[7.362873721571875,13.00059690258815],[7.3983233490841,12.897450788156718],[7.41559368043621,12.893924425270173],[7.412866786012193,12.863068750012907],[7.418320574860227,12.811936488158008],[7.401050243508118,12.781080812900742],[7.3983233490841,12.710553555169847],[7.3692364752279165,12.680579470634218],[7.295610325779448,12.677053107747673],[7.274704135195316,12.699092875788576],[7.121998047450347,12.669118791252947],[7.122907012258352,12.703500829396758],[7.042918109153845,12.71936946238621]]]}},{"type":"Feature","id":"eket","properties":{"id":"eket","name":"Eket","parentId":"akwa-ibom","level":"lga"},"geometry":{"type":"Polygon","coordinates":[[[8.002784946407935,4.60168209756026],[7.944611198695565,4.5602473336433595],[7.901889852719295,4.56465528725154],[7.875529873287128,4.676617308899335],[7.8918912398312315,4.7136441192080545],[7.934612585807502,4.723341617146053],[7.965517389279698,4.689841169723878],[8.034598714688137,4.681906853229152],[8.01005666487198,4.655459131580066],[8.002784946407935,4.60168209756026]]]}},{"type":"Feature","id":"okobo","properties":{"id":"okobo","name":"Okobo","parentId":"akwa-ibom","level":"lga"},"geometry":{"type":"Polygon","coordinates":[[[8.195485485705158,4.954318386214732],[8.183668943201083,4.8943702171434715],[8.21457374667328,4.861751360442933],[8.180942048777066,4.792105693433674],[8.127313125104726,4.772710697557678],[8.099135216056546,4.696012304775331],[8.06186765892831,4.697775486218603],[8.051869046040247,4.7497893387951375],[8.08731867355247,4.792987284155311],[8.080046955088426,4.830895685185666],[8.100044180864552,4.883791128483837],[8.082773849512442,4.918173166627648],[8.122768301064696,4.965779065596002],[8.160944823000937,4.969305428482547],[8.195485485705158,4.954318386214732]]]}},{"type":"Feature","id":"kano-municipal","properties":{"id":"kano-municipal","name":"Kano Municipal","parentId":"kano","level":"lga"},"geometry":{"type":"Polygon","coordinates":[[[8.535438323899314,11.991175526314723],[8.534529359091309,11.98941234487145],[8.530893499859285,11.967372576830547],[8.510896274083159,11.959438260335823],[8.509078344467147,11.999991433531086],[8.521803851779227,12.011452112912355],[8.535438323899314,11.991175526314723]]]}},{"type":"Feature","id":"bursari","properties":{"id":"bursari","name":"Bursari","parentId":"yobe","level":"lga"},"geometry":{"type":"Polygon","coordinates":[[[11.312325812356931,12.390536123215913],[11.225974155596383,12.348219768577376],[11.21597554270832,12.411694300535181],[11.191433492892164,12.470760878884805],[11.195978316932193,12.519248368574797],[11.2441534517565,12.508669279915162],[11.26324171272462,12.598591533522052],[11.19234245770017,12.60828903146005],[11.186888668852136,12.663829246923129],[11.14325835806786,12.739646048983841],[11.14689421729988,12.772264905684379],[11.108717695363639,12.803120580941647],[11.045999123611242,12.788133538673831],[11.035091545915172,12.810173306714736],[11.087811504779507,12.848081707745092],[11.065996349387369,12.888634880940355],[11.085993575163496,12.920372146919258],[11.205976929820256,12.965333273722703],[11.258696888684591,12.951227822176524],[11.434127096629704,12.983846678877063],[11.445034674325774,13.020873489185783],[11.45866914644586,13.024399852072328],[11.584106289950656,12.978557134547247],[11.586833184374672,12.946819868568344],[11.663186228247158,12.918608965475986],[11.682274489215278,12.871884657229268],[11.661368298631146,12.855134433518181],[11.697726890951376,12.80223899022001],[11.764990286743803,12.779317631457468],[11.771353040399843,12.7264221881593],[11.80225784387204,12.698211285066941],[11.815892315992127,12.632973571665863],[11.783169582903918,12.55274881599697],[11.733176518463601,12.508669279915162],[11.68409241883129,12.493682237647347],[11.63682624881499,12.509550870636797],[11.557746310518489,12.49280064692571],[11.521387718198257,12.498090191255528],[11.44139881509375,12.446957929400629],[11.330505108517047,12.413457481978455],[11.312325812356931,12.390536123215913]]]}},{"type":"Feature","id":"maiyama","properties":{"id":"maiyama","name":"Maiyama","parentId":"kebbi","level":"lga"},"geometry":{"type":"Polygon","coordinates":[[[4.5505366056020335,11.891555774769834],[4.548718675986022,11.795462386111492],[4.509633189241774,11.755790803637865],[4.436007039793307,11.710829676834418],[4.395103623433048,11.7566723943595],[4.36874364400088,11.746974896421502],[4.300571283400448,11.732869444875323],[4.276938198392298,11.798988748998037],[4.312387825904523,11.848357829409663],[4.29148163532039,11.900371681986197],[4.203312048943831,12.002636205695994],[4.201494119327819,12.048478923221076],[4.151501054887502,12.074045054148524],[4.105143849679208,12.074045054148524],[4.132412793919381,12.137519586106329],[4.117869356991289,12.17454639641505],[4.159681738159554,12.25036319847576],[4.18422378797571,12.284745236619571],[4.24421546530409,12.306785004660476],[4.290572670512384,12.2415472912594],[4.229672028375998,12.193941392291045],[4.168771386239611,12.181599122188139],[4.202403084135825,12.133993223219786],[4.341474699760707,12.165730489198687],[4.384196045736978,12.14192753971451],[4.366016749576863,12.052886876829255],[4.388740869777007,12.03613665311817],[4.383287080928973,11.986767572706544],[4.445096687873365,11.970017348995455],[4.450550476721399,11.882739867553473],[4.467820808073509,11.86510805312075],[4.5505366056020335,11.891555774769834]]]}},{"type":"Feature","id":"lagos-island","properties":{"id":"lagos-island","name":"Lagos Island","parentId":"lagos","level":"lga"},"geometry":{"type":"Polygon","coordinates":[[[3.4034230178987563,6.4389171614500595],[3.381607862506618,6.463601701655873],[3.404331982706762,6.458312157326056],[3.4034230178987563,6.4389171614500595]]]}},{"type":"Feature","id":"madobi","properties":{"id":"madobi","name":"Madobi","parentId":"kano","level":"lga"},"geometry":{"type":"Polygon","coordinates":[[[8.509987309275152,11.845713057244755],[8.442723913482725,11.846594647966391],[8.41181911001053,11.820146926317305],[8.379096376922321,11.757553985081136],[8.331830206906023,11.727579900545507],[8.272747494385648,11.72405353765896],[8.256386127841544,11.789291251060039],[8.281837142465704,11.82102851703894],[8.406365321162495,11.905661226316013],[8.5018066260031,11.864226462399113],[8.509987309275152,11.845713057244755]]]}},{"type":"Feature","id":"miga","properties":{"id":"miga","name":"Miga","parentId":"jigawa","level":"lga"},"geometry":{"type":"Polygon","coordinates":[[[9.769812533171145,12.12605890672506],[9.725273257578863,12.146335493322692],[9.653465037746408,12.131348451054876],[9.60983472696213,12.138401176827966],[9.531663753473634,12.208046843837224],[9.566204416177854,12.265350240743576],[9.558932697713807,12.29885068816575],[9.608016797346119,12.327943181979744],[9.672553298714528,12.333232726309562],[9.684369841218603,12.287390008784481],[9.742543588930973,12.304140232495568],[9.778902181251203,12.285626827341208],[9.820714562419468,12.305021823217205],[9.859800049163717,12.22303388610504],[9.819805597611461,12.20187570878577],[9.769812533171145,12.12605890672506]]]}},{"type":"Feature","id":"rimi","properties":{"id":"rimi","name":"Rimi","parentId":"katsina","level":"lga"},"geometry":{"type":"Polygon","coordinates":[[[7.581025275493259,12.721132643829481],[7.592841817997334,12.763448998468018],[7.664650037829789,12.828686711869095],[7.647379706477681,12.859542387126362],[7.687374158029934,12.951227822176524],[7.748274800166321,12.95210941289816],[7.761000307478401,13.004123265474695],[7.726459644774183,13.036742122175234],[7.7700899555584595,13.029689396402144],[7.817356125574758,13.084348021143587],[7.84280714019892,13.082584839700315],[7.798267864606638,13.027926214958873],[7.793723040566608,12.938003961351981],[7.765545131518429,12.878937383002357],[7.797358899798631,12.826041939704186],[7.780088568446523,12.800475808776737],[7.7882692517185745,12.708790373726575],[7.754637553822361,12.70261923867512],[7.725550679966176,12.746698774756931],[7.6801024395658875,12.7167246902213],[7.630109375125571,12.744935593313658],[7.581025275493259,12.721132643829481]]]}},{"type":"Feature","id":"gabasawa","properties":{"id":"gabasawa","name":"Gabasawa","parentId":"kano","level":"lga"},"geometry":{"type":"Polygon","coordinates":[[[8.945381452309915,12.072281872705252],[8.898115282293615,12.025557564458534],[8.863574619589397,11.961201441779094],[8.838123604965235,11.974425302603636],[8.840850499389251,12.018504838685445],[8.820853273613125,12.071400281983617],[8.762679525900756,12.11900618095197],[8.778131927636855,12.158677763425597],[8.71904921511648,12.15603299126069],[8.713595426268444,12.210691616002133],[8.732683687236566,12.26887660363012],[8.723594039156508,12.29444273455757],[8.788130540524918,12.277692510846482],[8.839941534581246,12.30854818610375],[8.90993182479769,12.300613869609023],[8.95265317077396,12.185125485074684],[8.938109733845868,12.113716636622154],[8.945381452309915,12.072281872705252]]]}},{"type":"Feature","id":"aleiro","properties":{"id":"aleiro","name":"Aleiro","parentId":"kebbi","level":"lga"},"geometry":{"type":"Polygon","coordinates":[[[4.360562960728828,12.336759089196107],[4.404193271513105,12.352627722185558],[4.3923767290090305,12.410812709813547],[4.475092526537555,12.406404756205365],[4.494180787505676,12.348219768577376],[4.548718675986022,12.30149546033066],[4.530539379825907,12.239784109816128],[4.4478235822973815,12.223915476826676],[4.372379503232903,12.283863645897936],[4.360562960728828,12.336759089196107]]]}},{"type":"Feature","id":"ungogo","properties":{"id":"ungogo","name":"Ungogo","parentId":"kano","level":"lga"},"geometry":{"type":"Polygon","coordinates":[[[8.589067247571654,12.034373471674897],[8.550890725635412,12.052886876829255],[8.466356998490875,12.065229146932163],[8.469083892914893,12.023794383015263],[8.444541843098737,11.971780530438728],[8.402729461930472,11.947095990232915],[8.417272898858565,11.978833256211818],[8.387277060194375,12.022031201571991],[8.439997019058708,12.090795277859613],[8.507260414851135,12.131348451054876],[8.54271004236336,12.136637995384692],[8.579977599491597,12.096084822189429],[8.63724238239596,12.098729594354339],[8.618154121427839,12.04318937889126],[8.589067247571654,12.034373471674897]]]}},{"type":"Feature","id":"tambuwal","properties":{"id":"tambuwal","name":"Tambuwal","parentId":"sokoto","level":"lga"},"geometry":{"type":"Polygon","coordinates":[[[5.124093399453672,12.285626827341208],[4.997747291140871,12.300613869609023],[4.953208015548588,12.314719321155202],[4.950481121124571,12.230968202599765],[4.875037042060092,12.230086611878129],[4.757780581827348,12.236257746929581],[4.703242693347002,12.225678658269949],[4.697788904498967,12.15779617270396],[4.665066171410761,12.170138442806868],[4.627798614282524,12.113716636622154],[4.627798614282524,12.054650058272529],[4.58780416273027,12.038781425283076],[4.552354535218045,12.097848003632702],[4.555990394450069,12.212454797445405],[4.530539379825907,12.239784109816128],[4.548718675986022,12.30149546033066],[4.592348986770299,12.346456587134105],[4.585986233114259,12.388772941772642],[4.6296165438985355,12.43285247785445],[4.691426150842927,12.400233621153912],[4.709605447003042,12.364969992288465],[4.754144722595326,12.364088401566828],[4.749599898555296,12.42139179847318],[4.7695971243314235,12.46987928816317],[4.803228822227637,12.484866330430984],[4.795048138955584,12.575670174759512],[4.757780581827348,12.637381525274044],[4.730511637587176,12.701737647953486],[4.750508863363303,12.75110672836511],[4.810500540691683,12.745817184035294],[4.880490830908126,12.720251053107845],[4.867765323596046,12.628565618057682],[4.8295888016598045,12.617104938676412],[4.8295888016598045,12.564209495378241],[4.873219112444081,12.55274881599697],[4.905941845532288,12.42844452424627],[4.947754226700553,12.399352030432276],[4.945027332276537,12.504261326306981],[4.965933522860669,12.528945866512794],[5.015926587300986,12.528945866512794],[5.071373440589338,12.476050423214623],[5.072282405397344,12.417865435586636],[5.1222754698376605,12.414339072700091],[5.138636836381765,12.376430671669734],[5.118639610605637,12.346456587134105],[5.124093399453672,12.285626827341208]]]}},{"type":"Feature","id":"jega","properties":{"id":"jega","name":"Jega","parentId":"kebbi","level":"lga"},"geometry":{"type":"Polygon","coordinates":[[[4.58780416273027,12.038781425283076],[4.566897972146137,11.919766677862192],[4.5505366056020335,11.891555774769834],[4.467820808073509,11.86510805312075],[4.450550476721399,11.882739867553473],[4.445096687873365,11.970017348995455],[4.383287080928973,11.986767572706544],[4.388740869777007,12.03613665311817],[4.366016749576863,12.052886876829255],[4.384196045736978,12.14192753971451],[4.341474699760707,12.165730489198687],[4.202403084135825,12.133993223219786],[4.168771386239611,12.181599122188139],[4.229672028375998,12.193941392291045],[4.290572670512384,12.2415472912594],[4.24421546530409,12.306785004660476],[4.2351258172240325,12.332351135587926],[4.294208529744408,12.325298409814836],[4.360562960728828,12.336759089196107],[4.372379503232903,12.283863645897936],[4.4478235822973815,12.223915476826676],[4.530539379825907,12.239784109816128],[4.555990394450069,12.212454797445405],[4.552354535218045,12.097848003632702],[4.58780416273027,12.038781425283076]]]}},{"type":"Feature","id":"katsina","properties":{"id":"katsina","name":"Katsina","parentId":"katsina","level":"lga"},"geometry":{"type":"Polygon","coordinates":[[[7.555574260869097,12.976793953103973],[7.560119084909127,13.024399852072328],[7.6001135364613805,13.061426662381047],[7.6728307211018425,13.049084392278141],[7.689192087645946,13.024399852072328],[7.670103826677824,12.975030771660702],[7.5946597476133455,12.95210941289816],[7.555574260869097,12.976793953103973]]]}},{"type":"Feature","id":"dawakin-kudu","properties":{"id":"dawakin-kudu","name":"Dawakin Kudu","parentId":"kano","level":"lga"},"geometry":{"type":"Polygon","coordinates":[[[8.618154121427839,11.752264440751318],[8.600883790075729,11.785764888173494],[8.509987309275152,11.845713057244755],[8.5018066260031,11.864226462399113],[8.522712816587234,11.889792593326563],[8.605428614115757,11.888029411883291],[8.631788593547926,11.937398492294918],[8.713595426268444,11.919766677862192],[8.736319546468588,11.88362145827511],[8.707232672612404,11.861581690234205],[8.747227124164658,11.824554879925486],[8.774496068404831,11.835133968585119],[8.820853273613125,11.798107158276402],[8.76813331474879,11.759317166524408],[8.706323707804398,11.769896255184044],[8.699960954148358,11.676447638690608],[8.661784432212116,11.664105368587702],[8.6590575377881,11.717000811885871],[8.618154121427839,11.752264440751318]]]}},{"type":"Feature","id":"arewa-dandi","properties":{"id":"arewa-dandi","name":"Arewa Dandi","parentId":"kebbi","level":"lga"},"geometry":{"type":"Polygon","coordinates":[[[4.555081429642063,13.11167733351431],[4.476001491345561,13.00059690258815],[4.5141780132818035,12.964451683001068],[4.560535218490097,12.962688501557794],[4.5441738519459935,12.919490556197621],[4.46963873768952,12.89480601599181],[4.451459441529405,12.855134433518181],[4.396921553049059,12.846318526301818],[4.340565734952701,12.766975361354563],[4.201494119327819,12.695566512902031],[4.173316210279641,12.655894930428405],[4.054241820430885,12.556275178883515],[3.9933411782944988,12.531590638677702],[3.9851604950224466,12.468116106719897],[3.9369853601981415,12.461063380946808],[3.879720577293778,12.426681342802997],[3.8260916536214378,12.376430671669734],[3.8324544072774778,12.285626827341208],[3.8215468295814086,12.2415472912594],[3.7842792724531726,12.221270704661766],[3.797004779765253,12.139282767549602],[3.764282046677046,12.099611185075975],[3.7097441581967,12.145453902601055],[3.6288462902841863,12.125177316003423],[3.6661138474124226,12.207165253115587],[3.661569023372394,12.415220663421726],[3.6524793752923363,12.486629511874257],[3.672476601068463,12.551867225275334],[3.795186850149242,12.64267106960386],[3.952437761934239,12.748461956200202],[4.105143849679208,12.99618894897997],[4.1433203716154505,13.182204591245204],[4.12605004026334,13.25008707681119],[4.2142196266399,13.263310937635731],[4.300571283400448,13.259784574749187],[4.374197432848915,13.200717996399563],[4.467820808073509,13.180441409801931],[4.497816646737699,13.1601648232043],[4.555081429642063,13.11167733351431]]]}},{"type":"Feature","id":"etim-ekpo","properties":{"id":"etim-ekpo","name":"Etim Ekpo","parentId":"akwa-ibom","level":"lga"},"geometry":{"type":"Polygon","coordinates":[[[7.603749395693404,5.04953018415144],[7.621928691853519,5.0195560996158095],[7.684647263605916,5.043359049099986],[7.718278961502129,4.991345196523452],[7.687374158029934,4.951673614049823],[7.632836269549587,4.951673614049823],[7.540121859133,4.923462710957465],[7.523760492588895,4.881146356318929],[7.4910377595006885,4.865277723329478],[7.477403287380602,4.907594077968014],[7.490128794692682,4.960489521266185],[7.562845979333144,4.974594972812364],[7.603749395693404,5.04953018415144]]]}},{"type":"Feature","id":"albasu","properties":{"id":"albasu","name":"Albasu","parentId":"kano","level":"lga"},"geometry":{"type":"Polygon","coordinates":[[[9.327146671672336,11.576827887145718],[9.224433648367684,11.561840844877903],[9.168986795079332,11.573301524259175],[9.159897146999276,11.65264468920643],[9.07718134947075,11.612973106732802],[9.061728947734652,11.566248798486086],[9.030824144262457,11.55566970982645],[8.997192446366244,11.563604026321176],[8.930838015381822,11.613854697454439],[8.960833854046014,11.657052642814612],[8.945381452309915,11.709066495391145],[8.918112508069742,11.717882402607508],[9.002646235214279,11.74080376137005],[9.039913792342514,11.690553090236786],[9.08354410312679,11.710829676834418],[9.15717025257526,11.719645584050781],[9.18262126719942,11.707303313947873],[9.225342613175691,11.735514217040231],[9.246248803759823,11.702013769618056],[9.241703979719794,11.645591963433342],[9.327146671672336,11.576827887145718]]]}},{"type":"Feature","id":"marte","properties":{"id":"marte","name":"Marte","parentId":"borno","level":"lga"},"geometry":{"type":"Polygon","coordinates":[[[13.956504438845705,12.166612079920323],[13.952868579613684,12.111953455178881],[13.910147233637412,12.120769362395242],[13.870152782085158,12.173664805693413],[13.786528019748628,12.202757299507407],[13.701085327796086,12.214217978888676],[13.653819157779786,12.209810025280497],[13.653819157779786,12.137519586106329],[13.597463339683427,12.162204126312144],[13.567467501019237,12.202757299507407],[13.47020826656262,12.25741592424885],[13.441121392706437,12.293561143835934],[13.478388949834672,12.323535228371563],[13.54110752158707,12.338522270639379],[13.674725348363918,12.345574996412468],[13.67018052432389,12.369377945896645],[13.715628764724178,12.419628617029908],[13.773802512436546,12.54834086238879],[13.890150007861285,12.648842204655315],[14.152840837374951,12.770501724241107],[14.172838063151078,12.677934698469308],[14.044674025222266,12.610933803624958],[14.031948517910184,12.470760878884805],[13.981046488661862,12.42579975208136],[13.947414790765649,12.352627722185558],[13.99195406635793,12.338522270639379],[13.994680960781949,12.235376156207945],[13.940143072301602,12.193059801569408],[13.956504438845705,12.166612079920323]]]}},{"type":"Feature","id":"kumbotso","properties":{"id":"kumbotso","name":"Kumbotso","parentId":"kano","level":"lga"},"geometry":{"type":"Polygon","coordinates":[[[8.595430001227694,11.962083032500729],[8.599065860459717,11.970017348995455],[8.631788593547926,11.962083032500729],[8.631788593547926,11.937398492294918],[8.605428614115757,11.888029411883291],[8.522712816587234,11.889792593326563],[8.5018066260031,11.864226462399113],[8.406365321162495,11.905661226316013],[8.404547391546483,11.931227357243465],[8.402729461930472,11.947095990232915],[8.444541843098737,11.971780530438728],[8.480900435418969,11.934753720130008],[8.510896274083159,11.959438260335823],[8.530893499859285,11.967372576830547],[8.53634728870732,11.932990538686736],[8.595430001227694,11.962083032500729]]]}},{"type":"Feature","id":"kazaure","properties":{"id":"kazaure","name":"Kazaure","parentId":"jigawa","level":"lga"},"geometry":{"type":"Polygon","coordinates":[[[8.344555714218103,12.653250158263495],[8.402729461930472,12.706145601561666],[8.464539068874863,12.71936946238621],[8.491808013115037,12.749343546921839],[8.546345901595384,12.713198327334755],[8.524530746203245,12.662947656201494],[8.58543138833963,12.667355609809674],[8.669056150676163,12.71936946238621],[8.700869918956364,12.68675060568567],[8.658148572980092,12.65942129331495],[8.640878241627982,12.593301989192234],[8.53180246466729,12.600354714965324],[8.458176315218823,12.587130854140781],[8.39909360269845,12.587130854140781],[8.360008115954201,12.60828903146005],[8.344555714218103,12.653250158263495]]]}},{"type":"Feature","id":"malumfashi","properties":{"id":"malumfashi","name":"Malumfashi","parentId":"katsina","level":"lga"},"geometry":{"type":"Polygon","coordinates":[[[7.571026662605195,11.962083032500729],[7.598295606845369,11.960319851057458],[7.620110762237507,12.042307788169623],[7.650106600901697,12.058176421159073],[7.708280348614066,12.042307788169623],[7.736458257662246,12.008807340747447],[7.865531260399065,12.021149610850355],[7.829172668078833,11.968254167552182],[7.829172668078833,11.922411450027102],[7.865531260399065,11.873042369615476],[7.852805753086983,11.824554879925486],[7.775543744406493,11.846594647966391],[7.711007243038084,11.851884192296207],[7.652833495325714,11.709948086112782],[7.590114923573317,11.691434680958423],[7.550120472021064,11.74080376137005],[7.531941175860949,11.657052642814612],[7.450134343140428,11.698487406731513],[7.405595067548147,11.80692306549276],[7.473767428148578,11.795462386111492],[7.520124633356874,11.814857381987487],[7.642834882437651,11.844831466523118],[7.636472128781611,11.910069179924196],[7.577389416261235,11.940043264459826],[7.571026662605195,11.962083032500729]]]}},{"type":"Feature","id":"udi","properties":{"id":"udi","name":"Udi","parentId":"enugu","level":"lga"},"geometry":{"type":"Polygon","coordinates":[[[7.46922260410855,6.416877393409155],[7.461041920836498,6.3789689923788],[7.423774363708262,6.356047633616258],[7.431955046980313,6.3110865068128135],[7.364691651187886,6.214111527432833],[7.2901565369314145,6.278467650112274],[7.361055791955863,6.355166042894623],[7.386506806580025,6.3692714944408015],[7.376508193691961,6.4195221655740635],[7.348330284643783,6.418640574852427],[7.322879270019621,6.4918126047482305],[7.274704135195316,6.481233516088596],[7.262887592691241,6.548234410932945],[7.235618648451068,6.5729189511387585],[7.221075211522976,6.676946656291829],[7.2974282553954595,6.6787098377351],[7.341058566179736,6.625814394436929],[7.411048856396182,6.646972571756198],[7.426501258132278,6.612590533612387],[7.41559368043621,6.508562828459318],[7.441953659868377,6.475943971758779],[7.43286401178832,6.4415619336149685],[7.46922260410855,6.416877393409155]]]}},{"type":"Feature","id":"dutse","properties":{"id":"dutse","name":"Dutse","parentId":"jigawa","level":"lga"},"geometry":{"type":"Polygon","coordinates":[[[9.201709528167541,11.904779635594378],[9.222615718751674,11.98941234487145],[9.318965988400285,12.057294830437439],[9.3371452845604,12.02643915518017],[9.380775595344677,12.015860066520537],[9.407135574776845,11.945332808789644],[9.453492779985138,11.912713952089103],[9.39713696188878,11.87656873250202],[9.409862469200862,11.849239420131298],[9.362596299184561,11.785764888173494],[9.388956278616728,11.764606710854226],[9.480761724225312,11.613854697454439],[9.42077004689693,11.55831448199136],[9.359869404760545,11.560959254156268],[9.327146671672336,11.576827887145718],[9.241703979719794,11.645591963433342],[9.246248803759823,11.702013769618056],[9.225342613175691,11.735514217040231],[9.18262126719942,11.707303313947873],[9.15717025257526,11.719645584050781],[9.14171785083916,11.759317166524408],[9.143535780455172,11.826318061368758],[9.18716609123945,11.834252377863484],[9.22988743721572,11.895082137656381],[9.201709528167541,11.904779635594378]]]}},{"type":"Feature","id":"gwaram","properties":{"id":"gwaram","name":"Gwaram","parentId":"jigawa","level":"lga"},"geometry":{"type":"Polygon","coordinates":[[[9.626196093506234,11.236533868594154],[9.66164572101846,11.285021358284144],[9.64619331928236,11.356430206736674],[9.684369841218603,11.403154514983392],[9.78799182933126,11.463102684054652],[9.801626301451346,11.443707688178655],[9.856164189931693,11.46574745621956],[9.877979345323832,11.448115641786837],[9.885251063787877,11.356430206736674],[9.917973796876085,11.347614299520313],[9.957968248428338,11.28590294900578],[9.998871664788599,11.264744771686512],[10.08431435674114,11.270034316016329],[10.145214998877526,11.240941822202334],[10.235202514870098,11.224191598491247],[10.27974179046238,11.203033421171979],[10.33337071413472,11.205678193336887],[10.366093447222928,11.20479660261525],[10.336097608558738,11.143085252100718],[10.285195579310415,11.104295260348726],[10.247928022182178,11.079610720142913],[10.188845309661803,11.081373901586186],[10.15339568214958,11.0134914160202],[10.220659077942004,10.94649052117585],[10.134307421181457,10.947372111897486],[10.087950215973164,10.989688466536023],[10.046137834804899,10.965885517051845],[9.985237192668512,10.95795120055712],[9.928881374572153,10.991451647979297],[9.881615204555855,10.989688466536023],[9.857982119547705,11.023188913958197],[9.855255225123686,11.076965947978005],[9.8888869230199,11.093716171689092],[9.88252416936386,11.164243429419987],[9.825259386459496,11.278850223232691],[9.7625408147071,11.245349775810515],[9.72800015200288,11.251520910861968],[9.684369841218603,11.221546826326339],[9.626196093506234,11.236533868594154]]]}},{"type":"Feature","id":"zangon-kataf","properties":{"id":"zangon-kataf","name":"Zangon Kataf","parentId":"kaduna","level":"lga"},"geometry":{"type":"Polygon","coordinates":[[[8.311832981129896,9.612643759340308],[8.281837142465704,9.572090586145045],[8.245478550145474,9.558866725320502],[8.22729925398536,9.505089691300695],[8.16458068223296,9.550932408825776],[8.171852400697007,9.565919451093592],[8.116405547408656,9.624986029443216],[8.133675878760766,9.669065565525024],[8.070957307008367,9.732540097482829],[8.067321447776344,9.771330089234821],[8.022782172184062,9.80130417377045],[8.08731867355247,9.861252342841713],[8.090045567976489,9.88681847376916],[8.041870433152182,9.94941141500533],[8.010965629679987,9.94941141500533],[8.028235961032097,10.040215259333856],[7.98460565024782,10.077242069642576],[7.998240122367905,10.11779524283784],[7.951882917159612,10.131019103662382],[8.005511840831952,10.170690686136012],[7.991877368711865,10.195375226341824],[8.022782172184062,10.231520445928908],[8.039143538728165,10.282652707783807],[8.070957307008367,10.28617907067035],[8.092772462400506,10.222704538712545],[8.127313125104726,10.249152260361631],[8.117314512216662,10.28882384283526],[8.202757204169204,10.146887736651834],[8.24002476129744,10.119558424281113],[8.266384740729608,10.031399352117495],[8.35819018633819,10.028754579952587],[8.434543230210673,9.997898904695319],[8.434543230210673,9.994372541808776],[8.419999793282582,9.917674149026428],[8.443632878290732,9.8780025665528],[8.509987309275152,9.864778705728256],[8.513623168507175,9.829515076862808],[8.484536294650992,9.764277363461733],[8.500897661195095,9.740474413977555],[8.486354224267002,9.691986924287566],[8.365461904802237,9.707855557277018],[8.368188799226253,9.67964465418466],[8.311832981129896,9.612643759340308]]]}},{"type":"Feature","id":"kiyawa","properties":{"id":"kiyawa","name":"Kiyawa","parentId":"jigawa","level":"lga"},"geometry":{"type":"Polygon","coordinates":[[[9.63983056562632,11.732869444875323],[9.537117542321669,11.683500364463697],[9.524392035009589,11.64823673559825],[9.480761724225312,11.613854697454439],[9.388956278616728,11.764606710854226],[9.362596299184561,11.785764888173494],[9.409862469200862,11.849239420131298],[9.39713696188878,11.87656873250202],[9.453492779985138,11.912713952089103],[9.473490005761265,11.935635310851644],[9.58165681791395,11.979714846933454],[9.595291290034037,11.933872129408371],[9.677098122754558,11.9321089479651],[9.737998764890943,11.955911897449276],[9.809806984723398,11.964727804665639],[9.887977958211895,11.960319851057458],[9.898885535907963,11.938280083016554],[9.833440069731548,11.8906741840482],[9.708002926226753,11.850121010852934],[9.673462263522534,11.858936918069297],[9.66982640429051,11.784001706730223],[9.63983056562632,11.732869444875323]]]}},{"type":"Feature","id":"zaki","properties":{"id":"zaki","name":"Zaki","parentId":"bauchi","level":"lga"},"geometry":{"type":"Polygon","coordinates":[[[10.167030154269664,12.05905801188071],[10.152486717341572,12.089913687137976],[10.170666013501688,12.16484889847705],[10.147941893301544,12.238020928372855],[10.195208063317844,12.327943181979744],[10.254290775838218,12.39141771393755],[10.225203901982034,12.433734068576086],[10.257926635070241,12.459300199503536],[10.338824502982755,12.441668385070813],[10.36336655279891,12.452247473730447],[10.394271356271107,12.465471334554989],[10.458807857639515,12.440786794349176],[10.512436781311857,12.468116106719897],[10.605151191728444,12.489274284039166],[10.597879473264399,12.521893140739705],[10.65150839693674,12.528945866512794],[10.750585561009368,12.476050423214623],[10.764220033129455,12.369377945896645],[10.723316616769194,12.370259536618281],[10.650599432128733,12.323535228371563],[10.593334649224369,12.322653637649928],[10.525162288623937,12.36144362940192],[10.486076801879689,12.258297514970486],[10.441537526287407,12.258297514970486],[10.41063272281521,12.30590341393884],[10.354276904718853,12.269758194351757],[10.32064520682264,12.228323430434855],[10.310646593934576,12.185125485074684],[10.395180321079112,12.161322535590507],[10.441537526287407,12.079334598478342],[10.395180321079112,12.049360513942712],[10.438810631863388,11.926819403635282],[10.459716822447522,11.90654281703765],[10.414268582047233,11.914477133532376],[10.337006573366743,11.856292145904387],[10.296103157006483,11.88362145827511],[10.301556945854518,11.911832361367468],[10.222477007558016,11.932990538686736],[10.204297711397901,12.011452112912355],[10.218841148325994,12.041426197447986],[10.167030154269664,12.05905801188071]]]}},{"type":"Feature","id":"opobonkoro","properties":{"id":"opobonkoro","name":"Opobo/Nkoro","parentId":"rivers","level":"lga"},"geometry":{"type":"Polygon","coordinates":[[[7.578298381069242,4.495891210963918],[7.5637549441411505,4.470325080036469],[7.473767428148578,4.495891210963918],[7.453770202372452,4.535562793437546],[7.476494322572597,4.584050283127536],[7.52921428143693,4.596392553230443],[7.521033598164879,4.5549577893135424],[7.532850140668954,4.525865295499548],[7.578298381069242,4.495891210963918]]]}},{"type":"Feature","id":"shira","properties":{"id":"shira","name":"Shira","parentId":"bauchi","level":"lga"},"geometry":{"type":"Polygon","coordinates":[[[10.145214998877526,11.240941822202334],[10.08431435674114,11.270034316016329],[9.998871664788599,11.264744771686512],[9.957968248428338,11.28590294900578],[9.917973796876085,11.347614299520313],[9.885251063787877,11.356430206736674],[9.877979345323832,11.448115641786837],[9.856164189931693,11.46574745621956],[9.801626301451346,11.443707688178655],[9.78799182933126,11.463102684054652],[9.78799182933126,11.504537447971552],[9.830713175307531,11.540682667558634],[9.819805597611461,11.579472659310628],[9.904339324755998,11.553024937661542],[9.89524967667594,11.585643794362081],[9.937971022652212,11.612091516011166],[9.964331002084378,11.661460596422792],[10.072497814237066,11.649118326319886],[10.075224708661082,11.683500364463697],[10.101584688093249,11.631486511887163],[10.151577752533568,11.572419933537539],[10.179755661581746,11.568893570650992],[10.176119802349723,11.508063810858097],[10.238838374102121,11.471037000549376],[10.147941893301544,11.419023147972844],[10.113401230597324,11.34144316446886],[10.160667400613624,11.310587489211592],[10.145214998877526,11.240941822202334]]]}},{"type":"Feature","id":"dass","properties":{"id":"dass","name":"Dass","parentId":"bauchi","level":"lga"},"geometry":{"type":"Polygon","coordinates":[[[9.518029281353547,10.11338728922966],[9.563477521753835,10.090465930467118],[9.619833339850194,10.034044124282403],[9.583474747529962,10.005833221190045],[9.684369841218603,9.918555739748065],[9.651647108130396,9.881528929439344],[9.564386486561842,9.885936883047524],[9.483488618649329,9.910621423253339],[9.359869404760545,9.871831431501345],[9.348961827064475,9.901805516036976],[9.374412841688637,9.94235868923224],[9.358051475144533,9.981148680984234],[9.369868017648608,10.07636047892094],[9.389865243424735,10.116913652116203],[9.429859694976988,10.149532508816744],[9.518029281353547,10.11338728922966]]]}},{"type":"Feature","id":"enugu-north","properties":{"id":"enugu-north","name":"Enugu North","parentId":"enugu","level":"lga"},"geometry":{"type":"Polygon","coordinates":[[[7.540121859133,6.454785794439511],[7.537394964708982,6.423048528460608],[7.46922260410855,6.416877393409155],[7.43286401178832,6.4415619336149685],[7.441953659868377,6.475943971758779],[7.5092170556608036,6.476825562480416],[7.540121859133,6.454785794439511]]]}},{"type":"Feature","id":"buji","properties":{"id":"buji","name":"Buji","parentId":"jigawa","level":"lga"},"geometry":{"type":"Polygon","coordinates":[[[9.64619331928236,11.356430206736674],[9.648920213706377,11.46133950261138],[9.627105058314239,11.610328334567894],[9.672553298714528,11.656171052092976],[9.664372615442476,11.72669830982387],[9.712547750266781,11.720527174772418],[9.779811146059208,11.736395807761868],[9.827986280883515,11.69231627168006],[9.819805597611461,11.579472659310628],[9.830713175307531,11.540682667558634],[9.78799182933126,11.504537447971552],[9.78799182933126,11.463102684054652],[9.684369841218603,11.403154514983392],[9.64619331928236,11.356430206736674]]]}},{"type":"Feature","id":"ukanafun","properties":{"id":"ukanafun","name":"Ukanafun","parentId":"akwa-ibom","level":"lga"},"geometry":{"type":"Polygon","coordinates":[[[7.718278961502129,4.991345196523452],[7.757364448246378,4.998397922296541],[7.745547905742303,4.975476563534],[7.655560389749732,4.909357259411287],[7.671921756293836,4.873212039824203],[7.630109375125571,4.814145461474579],[7.598295606845369,4.841474773845301],[7.51194395008482,4.792987284155311],[7.495582583540717,4.828250913020758],[7.4910377595006885,4.865277723329478],[7.523760492588895,4.881146356318929],[7.540121859133,4.923462710957465],[7.632836269549587,4.951673614049823],[7.687374158029934,4.951673614049823],[7.718278961502129,4.991345196523452]]]}},{"type":"Feature","id":"agaie","properties":{"id":"agaie","name":"Agaie","parentId":"niger","level":"lga"},"geometry":{"type":"Polygon","coordinates":[[[6.40846067316582,8.603222383066882],[6.358467608725503,8.68432872945741],[6.315746262749232,8.718710767601223],[6.3421062421814,8.834199152135561],[6.308474544285186,8.863291645949555],[6.2639352686929035,8.850067785125013],[6.280296635237008,8.937345266566995],[6.2639352686929035,8.957621853164628],[6.264844233500909,9.029030701617158],[6.323926946021285,9.078399782028784],[6.293931107357094,9.103965912956234],[6.271206987156949,9.178901124295308],[6.315746262749232,9.1762563521304],[6.327562805253307,9.235322930480024],[6.37846483450163,9.241494065531477],[6.400279989893768,9.299679053159466],[6.487540611462322,9.296152690272919],[6.535715746286628,9.221217478933845],[6.524808168590559,9.177137942852035],[6.546623323982697,9.108373866564413],[6.545714359174691,9.066939102647513],[6.594798458807002,8.979661621205532],[6.579346057070905,8.932937312958813],[6.5984343180390255,8.853594148011558],[6.575710197838881,8.786593253167208],[6.53298885186261,8.735460991312308],[6.546623323982697,8.690499864508865],[6.535715746286628,8.627906923272697],[6.5011750835824085,8.587353750077432],[6.467543385686195,8.579419433582705],[6.40846067316582,8.603222383066882]]]}},{"type":"Feature","id":"bagwai","properties":{"id":"bagwai","name":"Bagwai","parentId":"kano","level":"lga"},"geometry":{"type":"Polygon","coordinates":[[[8.141856562032817,11.992938707757997],[8.122768301064696,12.012333703633992],[8.111860723368627,12.069637100540344],[8.015510453720015,12.059939602602345],[7.9836966854398135,12.097848003632702],[7.999149087175912,12.163085717033779],[8.041870433152182,12.181599122188139],[8.107315899328597,12.183362303631412],[8.119132441832672,12.20452048095068],[8.157308963768916,12.190415029404502],[8.215482711481284,12.14192753971451],[8.25093233899351,12.119887771673607],[8.26820267034562,12.07492664487016],[8.247296479761486,12.021149610850355],[8.141856562032817,11.992938707757997]]]}},{"type":"Feature","id":"kajuru","properties":{"id":"kajuru","name":"Kajuru","parentId":"kaduna","level":"lga"},"geometry":{"type":"Polygon","coordinates":[[[7.951882917159612,10.131019103662382],[7.894618134255248,10.067544571704579],[7.820083019998776,10.068426162426213],[7.805539583070683,10.018175491292952],[7.748274800166321,9.977622318097687],[7.736458257662246,10.012004356241498],[7.6910100172619575,10.004951630468408],[7.637381093589617,10.038452077890584],[7.555574260869097,10.172453867579284],[7.51012602046881,10.194493635620187],[7.538303929516989,10.274718391289081],[7.603749395693404,10.309100429432892],[7.596477677229357,10.394614729431602],[7.663741073021784,10.399022683039782],[7.730095504006204,10.477484257265402],[7.778270638830511,10.499524025306307],[7.829172668078833,10.497760843863034],[7.870076084439093,10.526853337677029],[7.8982539934872715,10.488944936646671],[8.010965629679987,10.474839485100492],[8.000058051983917,10.449273354173044],[8.039143538728165,10.343482467576703],[8.117314512216662,10.28882384283526],[8.127313125104726,10.249152260361631],[8.092772462400506,10.222704538712545],[8.070957307008367,10.28617907067035],[8.039143538728165,10.282652707783807],[8.022782172184062,10.231520445928908],[7.991877368711865,10.195375226341824],[8.005511840831952,10.170690686136012],[7.951882917159612,10.131019103662382]]]}},{"type":"Feature","id":"katcha","properties":{"id":"katcha","name":"Katcha","parentId":"niger","level":"lga"},"geometry":{"type":"Polygon","coordinates":[[[6.208488415404552,8.731934628425766],[6.149405702884177,8.720473949044495],[6.127590547492039,8.753092805745034],[6.135771230764091,8.84389665007356],[6.113047110563946,8.928529359350634],[6.09304988478782,9.021977975844068],[6.125772617876027,9.078399782028784],[6.143042949228136,9.139229541821681],[6.2212139227166325,9.230914976871844],[6.143042949228136,9.249428382026203],[6.1666760342362865,9.390482897487992],[6.158495350964234,9.446904703672708],[6.201216696940506,9.461891745940523],[6.235757359644724,9.46718129027034],[6.289386283317064,9.424864935631803],[6.394826201045734,9.36756153872545],[6.476633033766253,9.440733568621255],[6.5066288724304435,9.376377445941813],[6.487540611462322,9.296152690272919],[6.400279989893768,9.299679053159466],[6.37846483450163,9.241494065531477],[6.327562805253307,9.235322930480024],[6.315746262749232,9.1762563521304],[6.271206987156949,9.178901124295308],[6.293931107357094,9.103965912956234],[6.323926946021285,9.078399782028784],[6.264844233500909,9.029030701617158],[6.2639352686929035,8.957621853164628],[6.280296635237008,8.937345266566995],[6.2639352686929035,8.850067785125013],[6.308474544285186,8.863291645949555],[6.3421062421814,8.834199152135561],[6.315746262749232,8.718710767601223],[6.267571127924926,8.738987354198855],[6.208488415404552,8.731934628425766]]]}},{"type":"Feature","id":"kafur","properties":{"id":"kafur","name":"Kafur","parentId":"katsina","level":"lga"},"geometry":{"type":"Polygon","coordinates":[[[7.695554841301986,11.43136541807575],[7.634654199165599,11.41725996652957],[7.5882969939573055,11.391693835602121],[7.532850140668954,11.43577337168393],[7.498309477964735,11.446352460343565],[7.507399126044792,11.490431996425373],[7.5637549441411505,11.508945401579734],[7.584661134725282,11.573301524259175],[7.643743847245657,11.569775161372629],[7.590114923573317,11.635012874773707],[7.551029436829069,11.625315376835708],[7.531941175860949,11.657052642814612],[7.550120472021064,11.74080376137005],[7.590114923573317,11.691434680958423],[7.652833495325714,11.709948086112782],[7.711007243038084,11.851884192296207],[7.775543744406493,11.846594647966391],[7.852805753086983,11.824554879925486],[7.857350577127011,11.794580795389855],[7.900980887911288,11.649999917041523],[7.840989210582908,11.633249693330434],[7.766454096326436,11.628841739722255],[7.704644489382044,11.59269652013517],[7.711007243038084,11.54861698405336],[7.6791934747578825,11.52393244384755],[7.675557615525859,11.483379270652284],[7.695554841301986,11.43136541807575]]]}},{"type":"Feature","id":"wasagu-danko","properties":{"id":"wasagu-danko","name":"Wasagu-Danko","parentId":"kebbi","level":"lga"},"geometry":{"type":"MultiPolygon","coordinates":[[[[5.86762661240239,11.106940032513634],[5.794909427761928,11.135150935605992],[5.776730131601813,11.167769792306531],[5.684015721185224,11.184520016017618],[5.603117853272711,11.247994547975424],[5.484952428231962,11.254165683026876],[5.50040482996806,11.284139767562507],[5.491315181888002,11.34144316446886],[5.418597997247541,11.372298839726124],[5.4140531732075114,11.402272924261755],[5.40587248993546,11.451642004673381],[5.481316568999938,11.46839222838447],[5.508585513240112,11.487787224260465],[5.515857231704158,11.557432891269723],[5.496768970736037,11.612973106732802],[5.514039302088146,11.664986959309337],[5.580393733072567,11.675566047968971],[5.669472284257132,11.661460596422792],[5.7049219117693575,11.687908318071877],[5.780365990833836,11.683500364463697],[5.819451477578084,11.64823673559825],[5.829450090466147,11.591814929413534],[5.817633547962072,11.560077663434631],[5.8267231960421295,11.444589278900292],[5.84399352739424,11.433128599519023],[5.93398104338681,11.436654962405566],[5.967612741283023,11.466629046941197],[6.0094251224512885,11.462221093333016],[6.053964398043572,11.400509742818482],[6.079415412667733,11.388167472715576],[6.204852556172529,11.383759519107397],[6.190309119244437,11.33439043869577],[6.135771230764091,11.295600446943777],[6.109411251331924,11.235652277872518],[6.1057753920999005,11.183638425295982],[6.0694167997796695,11.164243429419987],[6.025786488995393,11.171296155193076],[6.015787876107329,11.137795707770902],[5.977611354171087,11.166888201584896],[5.914892782418689,11.144848433543991],[5.86762661240239,11.106940032513634]]],[[[4.941391473044513,11.73110626343205],[5.000474185564888,11.747856487143139],[5.051376214813211,11.720527174772418],[5.10318720886954,11.73815898920514],[5.177722323126012,11.744330124256592],[5.1822671471660415,11.791936023224947],[5.2377140004543925,11.755790803637865],[5.270436733542601,11.77959375312204],[5.3158849739428895,11.791054432503312],[5.336791164527021,11.739922170648413],[5.37587665127127,11.709948086112782],[5.440413152639679,11.709066495391145],[5.460410378415806,11.672921275804063],[5.36951389761523,11.55126175621827],[5.300432572206791,11.560077663434631],[5.268618803926589,11.53274835106391],[5.1704506046619665,11.55566970982645],[5.139545801189771,11.504537447971552],[5.105914103293557,11.550380165496634],[4.935937684196478,11.657052642814612],[4.9341197545804665,11.722290356215689],[4.941391473044513,11.73110626343205]]]]}},{"type":"Feature","id":"bida","properties":{"id":"bida","name":"Bida","parentId":"niger","level":"lga"},"geometry":{"type":"Polygon","coordinates":[[[6.125772617876027,9.078399782028784],[6.09304988478782,9.021977975844068],[6.113047110563946,8.928529359350634],[5.961249987626983,8.917068679969363],[5.879443154906465,8.92676617790736],[5.838539738546205,8.967319351102624],[5.80945286469002,9.046662516049881],[5.8376307737382,9.131295225326955],[5.91034795837866,9.158624537697676],[5.9966996151392085,9.1348215882135],[6.054873362851577,9.089860461410055],[6.125772617876027,9.078399782028784]]]}},{"type":"Feature","id":"kirfi","properties":{"id":"kirfi","name":"Kirfi","parentId":"bauchi","level":"lga"},"geometry":{"type":"Polygon","coordinates":[[[10.85511651393003,10.241217943866905],[10.756948314665408,10.235928399537089],[10.703319390993068,10.271192028402535],[10.637873924816653,10.213888631496184],[10.580609141912289,10.25444180469145],[10.532434007087984,10.250915441804903],[10.417904441279257,10.27736316345399],[10.27974179046238,10.280007935618897],[10.265198353534288,10.308218838711255],[10.210660465053941,10.317034745927618],[10.242474233334143,10.442220628399955],[10.293376262582466,10.484536983038492],[10.305192805086541,10.536550835615026],[10.426994089359313,10.615012409840645],[10.466988540911569,10.60707809334592],[10.49425748515174,10.68818443973645],[10.52879814785596,10.649394447984458],[10.562429845752174,10.642341722211368],[10.557885021712144,10.600906958294466],[10.61242291019249,10.556827422212658],[10.661507009824803,10.491589708811581],[10.721498687153183,10.489826527368308],[10.835119288153903,10.395496320153237],[10.8187579216098,10.312626792319437],[10.863297197202083,10.268547256237628],[10.85511651393003,10.241217943866905]]]}},{"type":"Feature","id":"dandi","properties":{"id":"dandi","name":"Dandi","parentId":"kebbi","level":"lga"},"geometry":{"type":"Polygon","coordinates":[[[3.764282046677046,12.099611185075975],[3.8733578236377375,12.09167686858125],[3.9388032898141527,12.07051869126198],[3.99515910791051,11.99910984280945],[3.9687991284783433,11.981478028376726],[3.969708093286349,11.836897150028392],[4.015156333686637,11.785764888173494],[4.016065298494643,11.73110626343205],[3.989705319062476,11.717000811885871],[3.9833425654064354,11.665868550030973],[3.9442570786621873,11.64118400982516],[3.851542668245599,11.627960149000618],[3.811548216693345,11.587406975805354],[3.643389727212279,11.664986959309337],[3.6279373254761804,11.709066495391145],[3.6642959177964114,11.755790803637865],[3.660660058564388,11.810449428379307],[3.631573184708204,11.825436470647123],[3.618847677396123,11.908305998480923],[3.6715676362604572,11.975306893325271],[3.6706586714524514,12.009688931469084],[3.6288462902841863,12.125177316003423],[3.7097441581967,12.145453902601055],[3.764282046677046,12.099611185075975]]]}},{"type":"Feature","id":"bagudu","properties":{"id":"bagudu","name":"Bagudu","parentId":"kebbi","level":"lga"},"geometry":{"type":"Polygon","coordinates":[[[3.811548216693345,11.587406975805354],[3.875175753253749,11.549498574774997],[3.989705319062476,11.500129494363371],[4.016065298494643,11.561840844877903],[4.106052814487214,11.614736288176076],[4.104234884871202,11.64823673559825],[4.1442293364234555,11.661460596422792],[4.185132752783716,11.642065600546797],[4.2287630635679925,11.659697414979519],[4.2469423597281075,11.612091516011166],[4.311478861096517,11.580354250032265],[4.359653995920823,11.5812358407539],[4.394194658625041,11.557432891269723],[4.406920165937122,11.500129494363371],[4.367834679192875,11.410207240756481],[4.323295403600592,11.402272924261755],[4.245124430112096,11.354667025293402],[4.200585154519813,11.356430206736674],[4.176952069511664,11.330864075809224],[4.185132752783716,11.29031090261396],[4.231489957992009,11.270034316016329],[4.256032007808165,11.210086146945068],[4.3196595443685695,11.17041456447144],[4.3378388405286845,11.18187524385271],[4.305116107440477,11.144848433543991],[4.304207142632471,11.105176851070363],[4.329658157256633,11.002030736638929],[4.314205755520534,10.950016884062395],[4.276938198392298,10.954424837670576],[4.225127204335969,11.019662551071654],[4.100599025639179,11.026715276844742],[3.9933411782944988,11.016136188185108],[3.9324405361581123,10.942964158289305],[3.8024585686132877,10.94649052117585],[3.76973583552508,10.920042799526765],[3.7170158766607457,11.019662551071654],[3.7306503487808325,11.086663445916003],[3.7133800174287224,11.135150935605992],[3.6706586714524514,11.143085252100718],[3.600668381236008,11.203915011893613],[3.5652187537237827,11.252402501583605],[3.5306780910195634,11.264744771686512],[3.4852298506192754,11.313232261376502],[3.4770491673472232,11.455168367559926],[3.5106808652434367,11.524814034569184],[3.5106808652434367,11.670276503639155],[3.6279373254761804,11.709066495391145],[3.643389727212279,11.664986959309337],[3.811548216693345,11.587406975805354]]]}},{"type":"Feature","id":"kankara","properties":{"id":"kankara","name":"Kankara","parentId":"katsina","level":"lga"},"geometry":{"type":"Polygon","coordinates":[[[7.494673618732712,12.085505733529796],[7.536485999900977,12.014096885077265],[7.51648877412485,11.962083032500729],[7.571026662605195,11.962083032500729],[7.577389416261235,11.940043264459826],[7.636472128781611,11.910069179924196],[7.642834882437651,11.844831466523118],[7.520124633356874,11.814857381987487],[7.473767428148578,11.795462386111492],[7.405595067548147,11.80692306549276],[7.30197307943549,11.862463280955842],[7.246526226147138,11.932990538686736],[7.208349704210894,11.987649163428179],[7.148358026882514,12.032610290231624],[7.130178730722399,12.068755509818708],[7.178353865546704,12.08903209641634],[7.253797944611183,12.102255957240882],[7.279248959235344,12.153388219095781],[7.358328897531846,12.118124590230334],[7.43468194140433,12.142809130436147],[7.46285985045251,12.096966412911065],[7.494673618732712,12.085505733529796]]]}},{"type":"Feature","id":"itasgadau","properties":{"id":"itasgadau","name":"Itas/Gadau","parentId":"bauchi","level":"lga"},"geometry":{"type":"Polygon","coordinates":[[[9.664372615442476,11.72669830982387],[9.63983056562632,11.732869444875323],[9.66982640429051,11.784001706730223],[9.673462263522534,11.858936918069297],[9.708002926226753,11.850121010852934],[9.833440069731548,11.8906741840482],[9.898885535907963,11.938280083016554],[10.017050960948714,11.98235961909836],[10.03704818672484,11.974425302603636],[10.100675723285244,12.016741657242173],[10.15521361176559,12.022912792293626],[10.167030154269664,12.05905801188071],[10.218841148325994,12.041426197447986],[10.204297711397901,12.011452112912355],[10.222477007558016,11.932990538686736],[10.301556945854518,11.911832361367468],[10.296103157006483,11.88362145827511],[10.337006573366743,11.856292145904387],[10.414268582047233,11.914477133532376],[10.459716822447522,11.90654281703765],[10.449718209559459,11.868634416007295],[10.407905828391193,11.865989643842386],[10.384272743383043,11.785764888173494],[10.335188643750731,11.760198757246044],[10.246110092566166,11.739040579926776],[10.216114253901976,11.778712162400405],[10.139761210029492,11.7566723943595],[10.119763984253366,11.810449428379307],[10.05431851807695,11.77518579951386],[10.020686820180737,11.77959375312204],[9.974329614972442,11.746974896421502],[9.947969635540275,11.76813307374077],[9.907066219180015,11.737277398483503],[9.834349034539555,11.725816719102234],[9.827986280883515,11.69231627168006],[9.779811146059208,11.736395807761868],[9.712547750266781,11.720527174772418],[9.664372615442476,11.72669830982387]]]}},{"type":"Feature","id":"apapa","properties":{"id":"apapa","name":"Apapa","parentId":"lagos","level":"lga"},"geometry":{"type":"Polygon","coordinates":[[[3.3643375311545083,6.475943971758779],[3.3797899328906063,6.466246473820782],[3.381607862506618,6.463601701655873],[3.4034230178987563,6.4389171614500595],[3.377063038466589,6.398363988254795],[3.3597927071144795,6.3974823975331585],[3.3370685869143353,6.438035570728424],[3.338886516530347,6.474180790315507],[3.3643375311545083,6.475943971758779]]]}},{"type":"Feature","id":"ondo-east","properties":{"id":"ondo-east","name":"Ondo East","parentId":"ondo","level":"lga"},"geometry":{"type":"Polygon","coordinates":[[[4.911395634380323,6.95817409649377],[4.925939071308415,7.063964983090111],[4.879581866100121,7.10363656556374],[4.876854971676104,7.187387684119177],[5.003201079988905,7.199729954222083],[5.004110044796911,7.105399747007012],[4.992293502292837,7.07807043463629],[5.006836939220928,6.979332273813038],[4.987748678252807,6.899107518144145],[4.911395634380323,6.95817409649377]]]}},{"type":"Feature","id":"warji","properties":{"id":"warji","name":"Warji","parentId":"bauchi","level":"lga"},"geometry":{"type":"Polygon","coordinates":[[[9.615288515810164,11.240060231480697],[9.626196093506234,11.236533868594154],[9.684369841218603,11.221546826326339],[9.72800015200288,11.251520910861968],[9.7625408147071,11.245349775810515],[9.825259386459496,11.278850223232691],[9.88252416936386,11.164243429419987],[9.8888869230199,11.093716171689092],[9.855255225123686,11.076965947978005],[9.857982119547705,11.023188913958197],[9.78617389971525,11.008201871690382],[9.76890356836314,11.04787345416401],[9.678916052370568,11.03641277478274],[9.628014023122246,11.052281407772192],[9.657100896978429,11.112229576843452],[9.614379551002159,11.176585699522892],[9.615288515810164,11.240060231480697]]]}},{"type":"Feature","id":"katagum","properties":{"id":"katagum","name":"Katagum","parentId":"bauchi","level":"lga"},"geometry":{"type":"Polygon","coordinates":[[[10.556976056904139,11.663223777866065],[10.591516719608357,11.658815824257884],[10.620603593464542,11.560077663434631],[10.57606431787226,11.488668814982102],[10.500620238807782,11.511590173744642],[10.393362391463102,11.445470869621929],[10.356094834334865,11.50982699230137],[10.382454813767032,11.538919486115363],[10.370638271262957,11.573301524259175],[10.330643819710703,11.580354250032265],[10.33973346779076,11.627960149000618],[10.293376262582466,11.623552195392437],[10.179755661581746,11.568893570650992],[10.151577752533568,11.572419933537539],[10.101584688093249,11.631486511887163],[10.075224708661082,11.683500364463697],[10.065226095773019,11.720527174772418],[10.001598559212615,11.70113217889642],[9.974329614972442,11.746974896421502],[10.020686820180737,11.77959375312204],[10.05431851807695,11.77518579951386],[10.119763984253366,11.810449428379307],[10.139761210029492,11.7566723943595],[10.216114253901976,11.778712162400405],[10.246110092566166,11.739040579926776],[10.335188643750731,11.760198757246044],[10.384272743383043,11.785764888173494],[10.407905828391193,11.865989643842386],[10.429720983783332,11.826318061368758],[10.486076801879689,11.796343976833128],[10.48153197783966,11.70113217889642],[10.556976056904139,11.663223777866065]]]}},{"type":"Feature","id":"mani","properties":{"id":"mani","name":"Mani","parentId":"katsina","level":"lga"},"geometry":{"type":"Polygon","coordinates":[[[7.863713330783053,13.090519156195041],[7.875529873287128,13.039386894340142],[7.935521550615508,12.967978045887612],[7.9773339317837735,12.932714417022165],[8.03823457392016,12.915964193311076],[8.06368558854432,12.939767142795255],[8.083682814320449,12.923898509805802],[8.094590392016517,12.810173306714736],[8.108224864136604,12.804883762384918],[8.09822625124854,12.7678569520762],[8.024600101800074,12.727303778880934],[7.962790494855682,12.730830141767479],[8.000058051983917,12.759922635581473],[8.018237348144034,12.84367375413691],[7.938248445039525,12.846318526301818],[7.8864374509831965,12.79518626444692],[7.824627844038805,12.789015129395468],[7.797358899798631,12.826041939704186],[7.765545131518429,12.878937383002357],[7.793723040566608,12.938003961351981],[7.798267864606638,13.027926214958873],[7.84280714019892,13.082584839700315],[7.863713330783053,13.090519156195041]]]}},{"type":"Feature","id":"sanga","properties":{"id":"sanga","name":"Sanga","parentId":"kaduna","level":"lga"},"geometry":{"type":"Polygon","coordinates":[[[8.08731867355247,9.230914976871844],[8.130040019528742,9.215046343882392],[8.1863958376251,9.238849293366568],[8.247296479761486,9.239730884088205],[8.34728260864212,9.32612677480855],[8.412728074818535,9.369324720168724],[8.447268737522755,9.434562433569802],[8.516350062931194,9.493629011919424],[8.578159669875586,9.498918556249242],[8.648149960092029,9.395772441817808],[8.69268923568431,9.382548580993266],[8.694507165300323,9.322600411922005],[8.67178304510018,9.251191563469476],[8.658148572980092,9.207993618109303],[8.620881015851856,9.114545001615866],[8.533620394283302,9.004346161411345],[8.504533520427119,9.001701389246435],[8.473628716954922,9.073110237698966],[8.387277060194375,9.175374761408763],[8.345464679026108,9.193888166563124],[8.258204057457556,9.18330907790349],[8.232753042833394,9.10484750367787],[8.191849626473134,9.052833651101334],[8.155491034152904,9.041372971720065],[8.06186765892831,9.051952060379698],[8.070957307008367,9.154216584089495],[8.08731867355247,9.230914976871844]]]}},{"type":"Feature","id":"bogoro","properties":{"id":"bogoro","name":"Bogoro","parentId":"bauchi","level":"lga"},"geometry":{"type":"Polygon","coordinates":[[[9.577111993873922,9.522721505733418],[9.540753401553692,9.509497644908876],[9.445312096713087,9.554458771712321],[9.404408680352827,9.59148558202104],[9.47439897056927,9.663776021195208],[9.483488618649329,9.751935093358826],[9.588019571569992,9.739592823255919],[9.7152746446908,9.71402669232847],[9.753451166627041,9.689342152122656],[9.802535266259353,9.689342152122656],[9.807989055107388,9.58002490263977],[9.760722885091088,9.53859013872287],[9.648011248898372,9.522721505733418],[9.60983472696213,9.547406045939232],[9.577111993873922,9.522721505733418]]]}},{"type":"Feature","id":"fika","properties":{"id":"fika","name":"Fika","parentId":"yobe","level":"lga"},"geometry":{"type":"Polygon","coordinates":[[[11.245062416564505,11.657052642814612],[11.285056868116758,11.619144241784255],[11.290510656964793,11.543327439723544],[11.35322922871719,11.511590173744642],[11.360500947181237,11.474563363435923],[11.321415460436988,11.41725996652957],[11.380498172957363,11.386404291272303],[11.470485688949935,11.441062916013747],[11.563200099366522,11.457813139724834],[11.626827635926926,11.42166792013775],[11.570471817830569,11.300889991273595],[11.558655275326494,11.220665235604702],[11.522296683006264,11.171296155193076],[11.550474592054442,11.128098209832903],[11.515933929350222,11.071676403648187],[11.521387718198257,11.041702319112558],[11.473212583373952,11.017899369628381],[11.391405750653433,11.090189808802547],[11.341412686213117,11.16336183869835],[11.248698275796528,11.183638425295982],[11.224156225980371,11.165125020141623],[11.182343844812106,11.198625467563797],[11.09144736401153,11.225954779934519],[11.077812891891444,11.286784539727416],[10.981462622242832,11.179230471687802],[10.92601576895448,11.251520910861968],[10.933287487418527,11.314995442819773],[10.910563367218382,11.330864075809224],[10.934196452226532,11.467510637662834],[10.929651628186503,11.515998127352823],[10.952375748386647,11.543327439723544],[11.017821214563062,11.56536720776445],[11.055997736499306,11.59710447374335],[11.126896991523754,11.594459701578444],[11.1496211117239,11.571538342815902],[11.231427944444418,11.605920380959713],[11.245062416564505,11.657052642814612]]]}},{"type":"Feature","id":"kuje","properties":{"id":"kuje","name":"Kuje","parentId":"abuja-federal-capital-territory","level":"lga"},"geometry":{"type":"Polygon","coordinates":[[[7.115635293794307,8.92676617790736],[7.191079372858786,8.906489591309729],[7.229255894795028,8.919713452134271],[7.32742409405965,8.883568232547187],[7.334695812523696,8.921476633577544],[7.411957821204187,8.908252772753002],[7.40923092678017,8.876515506774098],[7.48194811142063,8.867699599557737],[7.480130181804618,8.7839484810023],[7.4974005131567285,8.730171446982492],[7.3883247361960365,8.729289856260856],[7.342876495795748,8.680802366570866],[7.335604777331703,8.639367602653966],[7.477403287380602,8.63143328615924],[7.435590906212337,8.586472159355795],[7.365600615995893,8.487733998532544],[7.270159311155288,8.464812639770003],[7.080185666282082,8.442772871729098],[6.9811085022094534,8.443654462450734],[6.97747264297743,8.519471264511445],[7.040191214729829,8.61732783461306],[7.125633906682371,8.674631231519413],[7.099273927250202,8.726645084095948],[7.128360801106387,8.777777345950845],[7.174718006314681,8.79276438821866],[7.191079372858786,8.822738472754292],[7.105636680906244,8.913542317082818],[7.115635293794307,8.92676617790736]]]}},{"type":"Feature","id":"sule-tankarkar","properties":{"id":"sule-tankarkar","name":"Sule Tankarkar","parentId":"jigawa","level":"lga"},"geometry":{"type":"Polygon","coordinates":[[[9.349870791872481,12.68234265207749],[9.320783918016296,12.66118447475822],[9.323510812440313,12.582722900532602],[9.363505263992568,12.5412881366157],[9.400772821120803,12.55980154177006],[9.398954891504792,12.409049528370273],[9.345325967832451,12.42844452424627],[9.25988327587991,12.430207705689542],[9.241703979719794,12.471642469606442],[9.19352884489549,12.495445419090618],[9.19080195047147,12.520129959296431],[9.063546877350664,12.55980154177006],[8.99991934079026,12.587130854140781],[9.039004827534509,12.628565618057682],[9.042640686766532,12.662066065479857],[9.086270997550809,12.774028087127652],[9.04718551080656,12.816344441766189],[9.04082275715052,12.846318526301818],[9.08172617351078,12.833976256198913],[9.167168865463323,12.83485784692055],[9.334418390136383,12.823397167539278],[9.350779756680486,12.782843994344013],[9.33078253090436,12.759041044859837],[9.349870791872481,12.68234265207749]]]}},{"type":"Feature","id":"ibadan-north-east","properties":{"id":"ibadan-north-east","name":"Ibadan North East","parentId":"oyo","level":"lga"},"geometry":{"type":"Polygon","coordinates":[[[3.940621219430164,7.419246043909492],[3.9442570786621873,7.403377410920041],[3.9388032898141527,7.378692870714228],[3.9260777825020723,7.337258106797327],[3.909716415957968,7.342547651127145],[3.898808838261899,7.379574461435864],[3.940621219430164,7.419246043909492]]]}},{"type":"Feature","id":"bindawa","properties":{"id":"bindawa","name":"Bindawa","parentId":"katsina","level":"lga"},"geometry":{"type":"Polygon","coordinates":[[[7.7882692517185745,12.708790373726575],[7.780088568446523,12.800475808776737],[7.797358899798631,12.826041939704186],[7.824627844038805,12.789015129395468],[7.8864374509831965,12.79518626444692],[7.938248445039525,12.846318526301818],[8.018237348144034,12.84367375413691],[8.000058051983917,12.759922635581473],[7.962790494855682,12.730830141767479],[7.95642774119964,12.647960613933678],[7.999149087175912,12.616223347954776],[7.9836966854398135,12.577433356202784],[7.931885691383485,12.573025402594602],[7.89643606387126,12.577433356202784],[7.83008163288684,12.62680243661441],[7.80008579422265,12.625039255171137],[7.775543744406493,12.666474019088039],[7.7882692517185745,12.708790373726575]]]}},{"type":"Feature","id":"ilorin-south","properties":{"id":"ilorin-south","name":"Ilorin South","parentId":"kwara","level":"lga"},"geometry":{"type":"Polygon","coordinates":[[[4.566897972146137,8.471865365543092],[4.571442796186166,8.53181353461435],[4.533266274249924,8.524760808841261],[4.473274596921543,8.512418538738356],[4.478728385769578,8.561787619149982],[4.573260725802178,8.577656252139434],[4.602347599658362,8.536221488222534],[4.692335115650933,8.488615589254179],[4.768688159523418,8.478918091316181],[4.771415053947434,8.411917196471832],[4.724148883931135,8.381061521214566],[4.669610995450789,8.396048563482381],[4.5932579515783045,8.436601736677645],[4.566897972146137,8.471865365543092]]]}},{"type":"Feature","id":"gamawa","properties":{"id":"gamawa","name":"Gamawa","parentId":"bauchi","level":"lga"},"geometry":{"type":"Polygon","coordinates":[[[10.821484816033818,11.988530754149815],[10.800578625449685,11.94356962734637],[10.816939991993788,11.886266230440018],[10.877840634130175,11.828962833533666],[10.794215871793645,11.7566723943595],[10.756948314665408,11.74961966858641],[10.73513315927327,11.784001706730223],[10.686958024448963,11.80956783765767],[10.676050446752894,11.76813307374077],[10.631511171160613,11.705540132504602],[10.57788224748827,11.694961043844966],[10.556976056904139,11.663223777866065],[10.48153197783966,11.70113217889642],[10.486076801879689,11.796343976833128],[10.429720983783332,11.826318061368758],[10.407905828391193,11.865989643842386],[10.449718209559459,11.868634416007295],[10.459716822447522,11.90654281703765],[10.438810631863388,11.926819403635282],[10.395180321079112,12.049360513942712],[10.441537526287407,12.079334598478342],[10.395180321079112,12.161322535590507],[10.310646593934576,12.185125485074684],[10.32064520682264,12.228323430434855],[10.354276904718853,12.269758194351757],[10.41063272281521,12.30590341393884],[10.441537526287407,12.258297514970486],[10.486076801879689,12.258297514970486],[10.525162288623937,12.36144362940192],[10.593334649224369,12.322653637649928],[10.650599432128733,12.323535228371563],[10.723316616769194,12.370259536618281],[10.764220033129455,12.369377945896645],[10.789671047753615,12.275047738681574],[10.804214484681708,12.117242999508697],[10.823302745649828,12.109308683013971],[10.821484816033818,11.988530754149815]]]}},{"type":"Feature","id":"kafin-hausa","properties":{"id":"kafin-hausa","name":"Kafin Hausa","parentId":"jigawa","level":"lga"},"geometry":{"type":"Polygon","coordinates":[[[9.769812533171145,12.12605890672506],[9.819805597611461,12.20187570878577],[9.859800049163717,12.22303388610504],[9.891613817443918,12.253889561362307],[9.956150318812327,12.279455692289755],[9.968875826124409,12.318245684041747],[10.017050960948714,12.373785899504826],[10.101584688093249,12.386128169607733],[10.126126737909406,12.357917266515376],[10.195208063317844,12.327943181979744],[10.147941893301544,12.238020928372855],[10.170666013501688,12.16484889847705],[10.152486717341572,12.089913687137976],[10.167030154269664,12.05905801188071],[10.15521361176559,12.022912792293626],[10.100675723285244,12.016741657242173],[10.03704818672484,11.974425302603636],[10.017050960948714,11.98235961909836],[9.898885535907963,11.938280083016554],[9.887977958211895,11.960319851057458],[9.809806984723398,11.964727804665639],[9.782538040483226,12.125177316003423],[9.769812533171145,12.12605890672506]]]}},{"type":"Feature","id":"ado-odoota","properties":{"id":"ado-odoota","name":"Ado Odo/Ota","parentId":"ogun","level":"lga"},"geometry":{"type":"Polygon","coordinates":[[[2.887131006951481,6.567629406808942],[2.9362151065837923,6.617880077942204],[2.9307613177357577,6.646972571756198],[2.9825723117920866,6.683999382064918],[3.009841256032259,6.671657111962011],[3.049835707584513,6.751881867630903],[3.081649475864715,6.761579365568902],[3.186180428785378,6.746592323301087],[3.24162728207373,6.762460956290537],[3.2825306984339893,6.729842099589999],[3.2779858743939605,6.693696880002916],[3.257079683809828,6.692815289281279],[3.2379914228417066,6.619643259385477],[3.193452147249424,6.5782084954685764],[3.199814900905465,6.531484187221858],[3.1034646312568532,6.499746921242956],[2.9543944027439077,6.501510102686229],[2.8916758309915096,6.5112076006242265],[2.887131006951481,6.567629406808942]]]}},{"type":"Feature","id":"garko","properties":{"id":"garko","name":"Garko","parentId":"kano","level":"lga"},"geometry":{"type":"Polygon","coordinates":[[[9.030824144262457,11.55566970982645],[9.033551038686474,11.528340397455729],[8.91629457845373,11.57418311498081],[8.880844950941505,11.556551300548087],[8.86902840843743,11.496603131476826],[8.827216027269165,11.455168367559926],[8.84994014746931,11.429602236632476],[8.786312610908906,11.395220198488666],[8.771769173980813,11.470155409827742],[8.757225737052721,11.528340397455729],[8.753589877820698,11.628841739722255],[8.76813331474879,11.679092410855516],[8.756316772244716,11.725816719102234],[8.818126379189108,11.709066495391145],[8.847213253045291,11.728461491267142],[8.904478035949655,11.69231627168006],[8.898115282293615,11.624433786114073],[8.930838015381822,11.613854697454439],[8.997192446366244,11.563604026321176],[9.030824144262457,11.55566970982645]]]}},{"type":"Feature","id":"kubau","properties":{"id":"kubau","name":"Kubau","parentId":"kaduna","level":"lga"},"geometry":{"type":"Polygon","coordinates":[[[8.480900435418969,10.71551375210717],[8.414546004434547,10.73667192942644],[8.369097764034258,10.706697844890808],[8.33455710133004,10.626473089221918],[8.416363934050558,10.443983809843228],[8.349100538258131,10.492471299533218],[8.320013664401948,10.493352890254855],[8.306379192281861,10.577104008810291],[8.259113022265561,10.589446278913197],[8.234570972449406,10.666144671695545],[8.177306189545043,10.680250123241724],[8.089136603168482,10.68113171396336],[8.08731867355247,10.740198292312984],[8.06368558854432,10.78075146550825],[8.126404160296719,10.808962368600607],[8.182759978393076,10.896239850042587],[8.250023374185503,10.936793023237852],[8.21457374667328,11.026715276844742],[8.166398611848972,11.08049231086455],[8.15821792857692,11.115755939729997],[8.212755817057268,11.14044047993581],[8.225481324369348,11.105176851070363],[8.289108860929751,11.105176851070363],[8.31092401632189,11.127216619111266],[8.319104699593941,11.184520016017618],[8.401820497122467,11.153664340760352],[8.408183250778507,11.11046639540018],[8.479082505802957,11.113111167565087],[8.50635145004313,11.132506163441084],[8.607246543731769,11.071676403648187],[8.614518262195816,11.017899369628381],[8.571796916219546,10.921805980970037],[8.58543138833963,10.861857811898776],[8.562707268139487,10.816015094373697],[8.571796916219546,10.748132608807708],[8.480900435418969,10.71551375210717]]]}},{"type":"Feature","id":"wukari","properties":{"id":"wukari","name":"Wukari","parentId":"taraba","level":"lga"},"geometry":{"type":"Polygon","coordinates":[[[10.272470071998335,8.067215224312084],[10.205206676205908,8.004622283075916],[10.169757048693683,7.9482004768912],[10.111583300981314,7.882081172768487],[10.027958538644782,7.820369822253954],[9.948878600348282,7.7313291593687],[9.86525383801175,7.688131214008527],[9.797990442219323,7.614959184112724],[9.747088412971001,7.654630766586353],[9.643466424858344,7.800093235656322],[9.561659592137824,7.838883227408314],[9.386229384192712,7.845054362459767],[9.189892985663466,7.810672324315956],[9.129901308335086,7.787750965553416],[9.12444751948705,7.826540957305408],[9.178985407967398,7.907647303695937],[9.335327354944388,7.98522728719992],[9.3844114545767,8.019609325343731],[9.563477521753835,8.101597262455897],[9.63346781197028,8.106005216064077],[9.766176673939121,8.0822022665799],[9.83525799934756,8.115702714002076],[9.898885535907963,8.256757229463863],[9.973420650164437,8.296428811937492],[10.032503362684812,8.237362233587868],[10.146123963685532,8.238243824309503],[10.207933570629924,8.258520410907137],[10.274288001614346,8.25058609441241],[10.30973762912657,8.22766473564987],[10.331552784518708,8.145676798537705],[10.269743177574316,8.104242034620805],[10.272470071998335,8.067215224312084]]]}},{"type":"Feature","id":"gwarzo","properties":{"id":"gwarzo","name":"Gwarzo","parentId":"kano","level":"lga"},"geometry":{"type":"Polygon","coordinates":[[[8.030053890648109,11.978833256211818],[8.047324222000217,11.945332808789644],[8.123677265872702,11.900371681986197],[8.076411095856402,11.880095095388565],[8.026418031416085,11.833370787141847],[7.905525711951318,11.813094200544215],[7.857350577127011,11.794580795389855],[7.852805753086983,11.824554879925486],[7.865531260399065,11.873042369615476],[7.829172668078833,11.922411450027102],[7.829172668078833,11.968254167552182],[7.865531260399065,12.021149610850355],[7.905525711951318,11.965609395387276],[7.9836966854398135,11.983241209819997],[8.030053890648109,11.978833256211818]]]}},{"type":"Feature","id":"oyigbo","properties":{"id":"oyigbo","name":"Oyigbo","parentId":"rivers","level":"lga"},"geometry":{"type":"Polygon","coordinates":[[[7.32742409405965,4.763013199619681],[7.250162085379161,4.822961368690941],[7.184716619202746,4.807974326423126],[7.171082147082659,4.851172271783299],[7.106545645714249,4.851172271783299],[7.092911173594162,4.902304533638198],[7.146540097266502,4.896133398586744],[7.224711070754999,4.8582249975563885],[7.305608938667511,4.875856811989112],[7.416502645244215,4.86704090477275],[7.495582583540717,4.828250913020758],[7.51194395008482,4.792987284155311],[7.5092170556608036,4.785052967660585],[7.431046082172308,4.827369322299122],[7.366509580803898,4.822961368690941],[7.357419932723841,4.782408195495677],[7.32742409405965,4.763013199619681]]]}},{"type":"Feature","id":"ughelli-south","properties":{"id":"ughelli-south","name":"Ughelli South","parentId":"delta","level":"lga"},"geometry":{"type":"Polygon","coordinates":[[[5.97488445974707,5.137689256315057],[5.92761828973077,5.160610615077598],[5.886714873370511,5.2090981047675875],[5.85671903470632,5.21791401198395],[5.846720421818256,5.284914906828299],[5.804908040649991,5.358968527445739],[5.728554996777508,5.328112852188473],[5.70219501734534,5.410100789300637],[5.788546674105888,5.4427196460011755],[5.841266632970222,5.408337607857365],[5.885805908562505,5.431258966619906],[5.86762661240239,5.4929703171344375],[5.819451477578084,5.561734393422061],[5.85035628105028,5.556444849092243],[5.9176196768427065,5.546747351154245],[5.918528641650712,5.5017862243508],[5.964885846859007,5.504430996515708],[5.994881685523197,5.4621146418771716],[5.98124721340311,5.431258966619906],[6.02851338341941,5.327231261466836],[6.00488029841126,5.267283092395576],[6.02851338341941,5.221440374870495],[6.071234729395681,5.208216514045952],[5.988518931867157,5.184413564561775],[5.98124721340311,5.130636530541968],[5.97488445974707,5.137689256315057]]]}},{"type":"Feature","id":"fakai","properties":{"id":"fakai","name":"Fakai","parentId":"kebbi","level":"lga"},"geometry":{"type":"Polygon","coordinates":[[[4.482364245001602,11.531866760342274],[4.522358696553855,11.530103578899002],[4.542355922329982,11.560077663434631],[4.545991781562005,11.63413128405207],[4.585986233114259,11.65528946137134],[4.666884101026771,11.667631731474245],[4.731420602395181,11.700250588174784],[4.802319857419631,11.757553985081136],[4.844132238587896,11.752264440751318],[4.899579091876248,11.709066495391145],[4.9341197545804665,11.722290356215689],[4.935937684196478,11.657052642814612],[5.105914103293557,11.550380165496634],[5.139545801189771,11.504537447971552],[5.142272695613787,11.394338607767029],[5.112276856949597,11.343206345912131],[5.010472798452952,11.332627257252497],[4.988657643060813,11.313232261376502],[4.958661804396623,11.369654067561218],[4.897761162260236,11.38728588199394],[4.867765323596046,11.358193388179945],[4.791412279723562,11.326456122201044],[4.7659612650994,11.359074978901582],[4.775959877987464,11.399628152096847],[4.703242693347002,11.476326544879194],[4.637797227170587,11.478971317044103],[4.633252403130559,11.517761308796095],[4.590531057154287,11.53274835106391],[4.509633189241774,11.495721540755191],[4.482364245001602,11.531866760342274]]]}},{"type":"Feature","id":"kaugama","properties":{"id":"kaugama","name":"Kaugama","parentId":"jigawa","level":"lga"},"geometry":{"type":"Polygon","coordinates":[[[9.68073398198658,12.82075239537437],[9.765267709131116,12.796067855168557],[9.862526943587733,12.664710837644765],[9.853437295507675,12.625039255171137],[9.856164189931693,12.588894035584055],[9.797990442219323,12.488392693317529],[9.742543588930973,12.442549975792447],[9.789809758947271,12.40287839331882],[9.892522782251923,12.439023612905903],[9.934335163420188,12.411694300535181],[9.887977958211895,12.3755490809481],[9.897067606291952,12.34998295002065],[9.84616557704363,12.336759089196107],[9.820714562419468,12.305021823217205],[9.778902181251203,12.285626827341208],[9.742543588930973,12.304140232495568],[9.684369841218603,12.287390008784481],[9.672553298714528,12.333232726309562],[9.608016797346119,12.327943181979744],[9.578929923489934,12.39141771393755],[9.648011248898372,12.429326114967905],[9.64619331928236,12.509550870636797],[9.664372615442476,12.562446313934968],[9.765267709131116,12.609170622181686],[9.79889940702733,12.65942129331495],[9.728909116810886,12.78372558506565],[9.68073398198658,12.82075239537437]]]}},{"type":"Feature","id":"esan-central","properties":{"id":"esan-central","name":"Esan Central","parentId":"edo","level":"lga"},"geometry":{"type":"Polygon","coordinates":[[[6.250300796572818,6.836514576907977],[6.379373799309636,6.813593218145437],[6.377555869693625,6.766868909898719],[6.296658001781111,6.757171411960721],[6.237575289260736,6.735131643919816],[6.2639352686929035,6.648735753199471],[6.207579450596546,6.593195537736391],[6.170311893468309,6.713973466600548],[6.220304957908627,6.764224137733811],[6.2093973802125575,6.788908677939624],[6.250300796572818,6.836514576907977]]]}},{"type":"Feature","id":"goronyo","properties":{"id":"goronyo","name":"Goronyo","parentId":"sokoto","level":"lga"},"geometry":{"type":"Polygon","coordinates":[[[5.915801747226695,13.564814964435305],[5.962158952434989,13.488116571652958],[6.0112430520673,13.468721575776962],[6.056691292467589,13.393786364437887],[5.992154791099179,13.315324790212268],[5.983065143019122,13.25449503041937],[6.023059594571375,13.085229611865223],[5.853992140282303,13.121374831452307],[5.784910814873864,13.106387789184492],[5.721283278313461,13.107269379906128],[5.7049219117693575,13.18573095413175],[5.722192243121467,13.237744806708283],[5.861263858746349,13.220994582997195],[5.8512652458582854,13.29152184072809],[5.804908040649991,13.31003524588245],[5.712193630233403,13.288877068563181],[5.5894833811526246,13.28711388711991],[5.496768970736037,13.336482967531536],[5.484952428231962,13.3770361407268],[5.504040689200083,13.394667955159523],[5.558578577680429,13.494287706704412],[5.574030979416527,13.535722470621312],[5.545853070368349,13.569222918043486],[5.642203340016959,13.618591998455113],[5.689469510033259,13.600960184022389],[5.681288826761207,13.548064740724218],[5.70219501734534,13.483708618044778],[5.762186694673721,13.506629976807318],[5.800363216609963,13.577157234538213],[5.915801747226695,13.564814964435305]]]}},{"type":"Feature","id":"ibarapa-east","properties":{"id":"ibarapa-east","name":"Ibarapa East","parentId":"oyo","level":"lga"},"geometry":{"type":"Polygon","coordinates":[[[3.341613410954364,7.501233981021657],[3.3597927071144795,7.547958289268374],[3.356156847882456,7.640525315040174],[3.4525071175310678,7.6943023490599805],[3.5388587742916155,7.703999846997979],[3.5424946335236385,7.741026657306698],[3.5779442610358636,7.795685282048142],[3.6088490645080595,7.7727639232856],[3.631573184708204,7.710170982049432],[3.588851838731933,7.681960078957074],[3.6133938885480883,7.605261686174726],[3.575217366611846,7.504760343908202],[3.547948422371673,7.480957394424025],[3.546130492755662,7.440404221228761],[3.497955357931356,7.394561503703679],[3.459778835995114,7.450101719166758],[3.4461443638750273,7.494181255248567],[3.3988781938587276,7.443930584115305],[3.341613410954364,7.501233981021657]]]}},{"type":"Feature","id":"ikpoba-okha","properties":{"id":"ikpoba-okha","name":"Ikpoba-Okha","parentId":"edo","level":"lga"},"geometry":{"type":"Polygon","coordinates":[[[5.4740448505358925,6.0272142944459635],[5.443140047063697,6.041319745992142],[5.464046237647829,6.098623142898494],[5.515857231704158,6.092452007847041],[5.575848909032539,6.213229936711198],[5.617661290200804,6.222045843927559],[5.6322047271288955,6.2581910635146425],[5.629477832704879,6.31902082330754],[5.644930234440976,6.370153085162437],[5.705830876577362,6.370153085162437],[5.690378474841265,6.32342877691572],[5.756732905825686,6.283757194442092],[5.806725970266003,6.282875603720456],[5.823996301618113,6.236151295473738],[5.768549448329761,6.216756299597742],[5.726737067161496,6.095096780011949],[5.764004624289732,5.998121800631969],[5.6685633194491265,6.051898834651777],[5.604935782888723,6.022806340837782],[5.5713040849925095,5.9910690748588795],[5.53676342228829,5.990187484137244],[5.51313033728014,6.0351486109406896],[5.4740448505358925,6.0272142944459635]]]}},{"type":"Feature","id":"awgu","properties":{"id":"awgu","name":"Awgu","parentId":"enugu","level":"lga"},"geometry":{"type":"Polygon","coordinates":[[[7.538303929516989,6.217637890319378],[7.534668070284965,6.174439944959206],[7.500127407580745,6.137413134650486],[7.554665296061092,6.078346556300862],[7.512852914892827,6.021043159394511],[7.41559368043621,6.006056117126695],[7.402868173124128,6.014872024343057],[7.3983233490841,6.068649058362864],[7.416502645244215,6.100386324341766],[7.3983233490841,6.162979265577935],[7.364691651187886,6.214111527432833],[7.431955046980313,6.3110865068128135],[7.441953659868377,6.2890467387719085],[7.5037632668127685,6.272296515060821],[7.504672231620775,6.237032886195374],[7.538303929516989,6.217637890319378]]]}},{"type":"Feature","id":"olorunsogo","properties":{"id":"olorunsogo","name":"Olorunsogo","parentId":"oyo","level":"lga"},"geometry":{"type":"Polygon","coordinates":[[[4.210583767407877,8.969964123267534],[4.2533051133841475,8.967319351102624],[4.316023685136546,8.997293435638255],[4.335111946104667,8.980543211927166],[4.320568509176574,8.942634810896813],[4.257849937424177,8.901200046979913],[4.195131365671779,8.816567337702839],[4.19058654163175,8.753092805745034],[4.208765837791866,8.680802366570866],[4.268757515120246,8.555616484098529],[4.187859647207732,8.50007626863545],[4.047879066774845,8.506247403686903],[3.9315315713501064,8.469220593378182],[3.8742667884457433,8.553853302655256],[3.8742667884457433,8.555616484098529],[3.9051715919179397,8.645538737705419],[3.8779026476777663,8.692263045952137],[3.8969909086458876,8.750448033580124],[3.976979811750395,8.875633916052461],[4.056968714854902,8.886213004712097],[4.173316210279641,8.92676617790736],[4.210583767407877,8.969964123267534]]]}},{"type":"Feature","id":"kabbabunu","properties":{"id":"kabbabunu","name":"Kabba/Bunu","parentId":"kogi","level":"lga"},"geometry":{"type":"Polygon","coordinates":[[[6.083051271899755,8.401338107812197],[6.113047110563946,8.441891281007461],[6.193036013668454,8.464812639770003],[6.241211148492759,8.459523095440186],[6.3002938610131345,8.427785829461282],[6.37846483450163,8.350205845957298],[6.495721294734373,8.163308612970429],[6.457544772798132,8.09366294596117],[6.445728230294057,8.035477958333182],[6.387554482581688,8.001977510911008],[6.286659388893048,8.095426127404442],[6.229394605988684,8.095426127404442],[6.220304957908627,8.068978405755358],[6.248482866956806,7.99668796658119],[6.329380734869319,7.903239350087755],[6.315746262749232,7.833593683078497],[6.268480092732933,7.782461421223599],[6.268480092732933,7.706644619162887],[6.172129823084321,7.714578935657613],[6.122136758644004,7.681960078957074],[6.085778166323774,7.73838188514179],[6.053964398043572,7.747197792358151],[6.053964398043572,7.790395737718324],[6.02215062976337,7.840646408851587],[6.0694167997796695,7.890897079984849],[6.053964398043572,7.930568662458477],[6.079415412667733,8.012556599570642],[6.07577955343571,8.041649093384635],[6.0266954538033986,8.154492705754066],[6.071234729395681,8.162427022248792],[6.054873362851577,8.210914511938782],[6.089414025555796,8.32463971502985],[6.086687131131779,8.353732208843844],[6.083051271899755,8.401338107812197]]]}},{"type":"Feature","id":"ningi","properties":{"id":"ningi","name":"Ningi","parentId":"bauchi","level":"lga"},"geometry":{"type":"Polygon","coordinates":[[[9.195346774511501,11.326456122201044],[9.287152220120083,11.349377480963584],[9.351688721488493,11.343206345912131],[9.411680398816873,11.30000840055196],[9.497123090769415,11.277968632511055],[9.511666527697507,11.313232261376502],[9.60983472696213,11.31587703354141],[9.595291290034037,11.247994547975424],[9.615288515810164,11.240060231480697],[9.614379551002159,11.176585699522892],[9.657100896978429,11.112229576843452],[9.628014023122246,11.052281407772192],[9.638921600818314,10.963240744886939],[9.608016797346119,10.936793023237852],[9.563477521753835,10.855686676847323],[9.503485844425455,10.821304638703513],[9.447130026329098,10.81248873148715],[9.418043152472913,10.787804191281339],[9.348961827064475,10.743724655199529],[9.30714944589621,10.741079883034619],[9.225342613175691,10.697000346952812],[9.035368968302485,10.737553520148076],[9.043549651574537,10.775461921178431],[9.020825531374394,10.81248873148715],[8.95719799481399,10.806317596435697],[8.906295965565667,10.835410090249692],[8.813581555149078,10.853041904682415],[8.76631538513278,10.851278723239144],[8.745409194548646,10.857449858290597],[8.76631538513278,10.94208256756767],[8.789948470140928,10.947372111897486],[8.779949857252864,11.011728234576928],[8.818126379189108,11.097242534575637],[8.893570458253587,11.116637530451634],[8.925384226533788,11.180112062409439],[8.95265317077396,11.195099104677253],[9.026279320222429,11.277087041789418],[9.129901308335086,11.329100894365952],[9.195346774511501,11.326456122201044]]]}},{"type":"Feature","id":"kurmi","properties":{"id":"kurmi","name":"Kurmi","parentId":"taraba","level":"lga"},"geometry":{"type":"Polygon","coordinates":[[[10.267925247958305,7.278191528447703],[10.323372101246656,7.247335853190437],[10.402452039543158,7.257033351128435],[10.420631335703273,7.317863110921332],[10.480623013031654,7.353126739786779],[10.562429845752174,7.448338537723487],[10.606969121344456,7.480075803702389],[10.755130385049396,7.616722365555997],[10.78876208294561,7.639643724318537],[10.886021317402227,7.5550110150414636],[10.920561980106445,7.474786259372571],[10.928742663378499,7.40602218308495],[10.977826763010809,7.309928794426606],[10.995097094362919,7.278191528447703],[10.998732953594942,7.2050194985519],[10.988734340706879,7.120386789274827],[10.929651628186503,7.030464535667937],[10.84239100661795,6.95817409649377],[10.769673821977488,6.961700459380315],[10.700592496569051,7.01371431195685],[10.619694628656537,7.053385894430477],[10.559702951328156,7.021648628451574],[10.513345746119862,6.877949340824877],[10.269743177574316,6.874422977938332],[10.205206676205908,6.9008706995874185],[10.187936344853798,6.978450683091403],[10.165212224653654,7.0207670377299385],[10.23247562044608,7.140663375872459],[10.235202514870098,7.206782679995173],[10.267925247958305,7.278191528447703]]]}},{"type":"Feature","id":"bakori","properties":{"id":"bakori","name":"Bakori","parentId":"katsina","level":"lga"},"geometry":{"type":"Polygon","coordinates":[[[7.507399126044792,11.490431996425373],[7.456497096796468,11.544209030445181],[7.401050243508118,11.526577216012456],[7.354693038299823,11.513353355187913],[7.304699973859506,11.566248798486086],[7.33833167175572,11.668513322195881],[7.283793783275373,11.752264440751318],[7.30197307943549,11.776067390235497],[7.30197307943549,11.862463280955842],[7.405595067548147,11.80692306549276],[7.450134343140428,11.698487406731513],[7.531941175860949,11.657052642814612],[7.551029436829069,11.625315376835708],[7.590114923573317,11.635012874773707],[7.643743847245657,11.569775161372629],[7.584661134725282,11.573301524259175],[7.5637549441411505,11.508945401579734],[7.507399126044792,11.490431996425373]]]}},{"type":"Feature","id":"nsit-atai","properties":{"id":"nsit-atai","name":"Nsit Atai","parentId":"akwa-ibom","level":"lga"},"geometry":{"type":"Polygon","coordinates":[[[8.051869046040247,4.7497893387951375],[8.021873207376055,4.75155252023841],[7.975516002167762,4.800921600650036],[7.9764249669757685,4.837948410958756],[8.019146312952039,4.906712487246378],[8.100044180864552,4.883791128483837],[8.080046955088426,4.830895685185666],[8.08731867355247,4.792987284155311],[8.051869046040247,4.7497893387951375]]]}},{"type":"Feature","id":"kankia","properties":{"id":"kankia","name":"Kankia","parentId":"katsina","level":"lga"},"geometry":{"type":"Polygon","coordinates":[[[7.862804365975046,12.232731384043039],[7.830990597694845,12.26711342218685],[7.799176829414643,12.263587059300303],[7.772816849982476,12.303258641773931],[7.717369996694124,12.303258641773931],[7.651924530517709,12.344693405690832],[7.609203184541437,12.34293022424756],[7.641016952821639,12.424918161359725],[7.6801024395658875,12.412575891256818],[7.733731363238228,12.454892245895355],[7.715552067078113,12.498971781977163],[7.741003081702274,12.545696090223881],[7.711007243038084,12.579196537646057],[7.748274800166321,12.612696985068231],[7.80008579422265,12.625039255171137],[7.83008163288684,12.62680243661441],[7.89643606387126,12.577433356202784],[7.931885691383485,12.573025402594602],[7.938248445039525,12.538643364450792],[7.84916989385496,12.475168832492987],[7.878256767711145,12.44431315723572],[7.878256767711145,12.37290430878319],[7.793723040566608,12.357917266515376],[7.854623682702995,12.319127274763384],[7.9027988175273,12.332351135587926],[7.864622295591058,12.280337283011391],[7.876438838095133,12.235376156207945],[7.862804365975046,12.232731384043039]]]}},{"type":"Feature","id":"gagarawa","properties":{"id":"gagarawa","name":"Gagarawa","parentId":"jigawa","level":"lga"},"geometry":{"type":"Polygon","coordinates":[[[9.400772821120803,12.55980154177006],[9.431677624593,12.555393588161879],[9.476216900185282,12.5924203984706],[9.664372615442476,12.562446313934968],[9.64619331928236,12.509550870636797],[9.648011248898372,12.429326114967905],[9.578929923489934,12.39141771393755],[9.535299612705657,12.367614764453373],[9.42077004689693,12.38436498816446],[9.398954891504792,12.409049528370273],[9.400772821120803,12.55980154177006]]]}},{"type":"Feature","id":"giade","properties":{"id":"giade","name":"Giade","parentId":"bauchi","level":"lga"},"geometry":{"type":"Polygon","coordinates":[[[10.33337071413472,11.205678193336887],[10.27974179046238,11.203033421171979],[10.235202514870098,11.224191598491247],[10.145214998877526,11.240941822202334],[10.160667400613624,11.310587489211592],[10.113401230597324,11.34144316446886],[10.147941893301544,11.419023147972844],[10.238838374102121,11.471037000549376],[10.176119802349723,11.508063810858097],[10.179755661581746,11.568893570650992],[10.293376262582466,11.623552195392437],[10.33973346779076,11.627960149000618],[10.330643819710703,11.580354250032265],[10.370638271262957,11.573301524259175],[10.382454813767032,11.538919486115363],[10.356094834334865,11.50982699230137],[10.318827277206628,11.473681772714286],[10.318827277206628,11.401391333540118],[10.298830051430501,11.352022253128492],[10.33337071413472,11.205678193336887]]]}},{"type":"Feature","id":"iguegben","properties":{"id":"iguegben","name":"Iguegben","parentId":"edo","level":"lga"},"geometry":{"type":"Polygon","coordinates":[[[6.338470382949376,6.668130749075466],[6.350286925453451,6.626695985158566],[6.3248359108292895,6.579971676911848],[6.295749036973105,6.5729189511387585],[6.261208374268886,6.527076233613678],[6.297566966589117,6.479470334645324],[6.281205600045013,6.43186443567697],[6.3066566146691745,6.413351030522611],[6.281205600045013,6.36045558722444],[6.2157601338685975,6.421285347017336],[6.133044336340073,6.405416714027885],[6.1057753920999005,6.462720110934237],[6.163040175004264,6.497102149078048],[6.223031852332644,6.497983739799684],[6.207579450596546,6.593195537736391],[6.2639352686929035,6.648735753199471],[6.338470382949376,6.668130749075466]]]}},{"type":"Feature","id":"akure-north","properties":{"id":"akure-north","name":"Akure North","parentId":"ondo","level":"lga"},"geometry":{"type":"Polygon","coordinates":[[[5.214080915446243,7.252625397520254],[5.212262985830232,7.314336748034787],[5.189538865630087,7.3769296892709555],[5.192265760054105,7.436877858342216],[5.3222477275989295,7.435996267620579],[5.3467897774150845,7.381337642879137],[5.35860631991916,7.295823342880427],[5.388602158583351,7.283481072777521],[5.418597997247541,7.249980625355345],[5.4195069620555465,7.169755869686453],[5.433141434175633,7.115978835666646],[5.485861393039968,7.1098077006151925],[5.449502800719737,7.064846573811748],[5.3649690735752005,7.092175886182469],[5.3158849739428895,7.1627031439133635],[5.244076754110433,7.207664270716808],[5.214080915446243,7.252625397520254]]]}},{"type":"Feature","id":"khana","properties":{"id":"khana","name":"Khana","parentId":"rivers","level":"lga"},"geometry":{"type":"Polygon","coordinates":[[[7.476494322572597,4.584050283127536],[7.41559368043621,4.569063240859721],[7.362873721571875,4.5717080130246295],[7.304699973859506,4.5937477810655345],[7.324697199635633,4.648406405806977],[7.361055791955863,4.688077988280606],[7.33196891809968,4.71011775632151],[7.32742409405965,4.763013199619681],[7.357419932723841,4.782408195495677],[7.366509580803898,4.822961368690941],[7.431046082172308,4.827369322299122],[7.5092170556608036,4.785052967660585],[7.531941175860949,4.768302743949498],[7.534668070284965,4.700420258383512],[7.517397738932855,4.6801436717858795],[7.52921428143693,4.596392553230443],[7.476494322572597,4.584050283127536]]]}},{"type":"Feature","id":"oruk-anam","properties":{"id":"oruk-anam","name":"Oruk Anam","parentId":"akwa-ibom","level":"lga"},"geometry":{"type":"Polygon","coordinates":[[[7.757364448246378,4.998397922296541],[7.790087181334586,4.9666606563176385],[7.775543744406493,4.902304533638198],[7.790087181334586,4.881146356318929],[7.705553454190049,4.756842064568227],[7.7037355245740375,4.7136441192080545],[7.669194861869819,4.686314806837333],[7.586479064341294,4.654577540858431],[7.525578422204907,4.6633934480747925],[7.534668070284965,4.700420258383512],[7.531941175860949,4.768302743949498],[7.5092170556608036,4.785052967660585],[7.51194395008482,4.792987284155311],[7.598295606845369,4.841474773845301],[7.630109375125571,4.814145461474579],[7.671921756293836,4.873212039824203],[7.655560389749732,4.909357259411287],[7.745547905742303,4.975476563534],[7.757364448246378,4.998397922296541]]]}},{"type":"Feature","id":"misau","properties":{"id":"misau","name":"Misau","parentId":"bauchi","level":"lga"},"geometry":{"type":"Polygon","coordinates":[[[10.620603593464542,11.560077663434631],[10.707864215033096,11.493076768590281],[10.71786282792116,11.427839055189205],[10.616967734232519,11.41285201292139],[10.596970508456392,11.389049063437213],[10.59515257884038,11.335272029417405],[10.568792599408214,11.314995442819773],[10.555158127288127,11.254165683026876],[10.507891957271827,11.26033681807833],[10.449718209559459,11.220665235604702],[10.366093447222928,11.20479660261525],[10.33337071413472,11.205678193336887],[10.298830051430501,11.352022253128492],[10.318827277206628,11.401391333540118],[10.318827277206628,11.473681772714286],[10.356094834334865,11.50982699230137],[10.393362391463102,11.445470869621929],[10.500620238807782,11.511590173744642],[10.57606431787226,11.488668814982102],[10.620603593464542,11.560077663434631]]]}},{"type":"Feature","id":"kolokumaopokuma","properties":{"id":"kolokumaopokuma","name":"Kolokuma/Opokuma","parentId":"bayelsa","level":"lga"},"geometry":{"type":"Polygon","coordinates":[[[6.147587773268166,4.940212934668553],[6.141225019612126,4.998397922296541],[6.164858104620275,5.04953018415144],[6.219395993100621,5.129754939820332],[6.264844233500909,5.1782424295103215],[6.388463447389693,5.193229471778137],[6.39573516585374,5.137689256315057],[6.358467608725503,5.093609720233248],[6.283023529661024,5.06099086353271],[6.261208374268886,5.023082462502354],[6.207579450596546,4.973713382090728],[6.147587773268166,4.940212934668553]]]}},{"type":"Feature","id":"karaye","properties":{"id":"karaye","name":"Karaye","parentId":"kano","level":"lga"},"geometry":{"type":"Polygon","coordinates":[[[8.076411095856402,11.880095095388565],[8.120041406640679,11.858936918069297],[8.14094759722481,11.790172841781676],[8.101862110480564,11.76813307374077],[8.028235961032097,11.693197862401695],[7.988241509479842,11.686145136628605],[7.953700846775623,11.65528946137134],[7.900980887911288,11.649999917041523],[7.857350577127011,11.794580795389855],[7.905525711951318,11.813094200544215],[8.026418031416085,11.833370787141847],[8.076411095856402,11.880095095388565]]]}},{"type":"Feature","id":"sagbama","properties":{"id":"sagbama","name":"Sagbama","parentId":"bayelsa","level":"lga"},"geometry":{"type":"Polygon","coordinates":[[[5.992154791099179,4.892607035700199],[5.980338248595104,4.938449753225281],[5.992154791099179,5.048648593429803],[5.959432058010972,5.1006624460063374],[5.97488445974707,5.137689256315057],[5.98124721340311,5.130636530541968],[6.027604418611404,5.09537290167652],[6.062145081315624,5.103307218171246],[6.0694167997796695,5.141215619201602],[6.129408477108051,5.128873349098695],[6.202125661748511,5.179124020231958],[6.220304957908627,5.239072189303218],[6.259390444652874,5.227611509921948],[6.28393249446903,5.27080945528212],[6.310292473901198,5.3034283119826595],[6.347560031029435,5.3201785356937465],[6.40846067316582,5.305191493425932],[6.50299301319842,5.338691940848106],[6.48572268184631,5.379245114043371],[6.562075725718795,5.379245114043371],[6.5629846905268,5.3201785356937465],[6.531170922246599,5.284914906828299],[6.486631646654317,5.24083537074649],[6.388463447389693,5.193229471778137],[6.264844233500909,5.1782424295103215],[6.219395993100621,5.129754939820332],[6.164858104620275,5.04953018415144],[6.141225019612126,4.998397922296541],[6.116682969795969,4.992226787245087],[6.074870588627704,5.060109272811074],[6.054873362851577,5.0389510954918055],[6.090322990363802,4.977239744977273],[6.061236116507617,4.817671824361124],[5.989427896675162,4.814145461474579],[5.992154791099179,4.892607035700199]]]}},{"type":"Feature","id":"garki","properties":{"id":"garki","name":"Garki","parentId":"jigawa","level":"lga"},"geometry":{"type":"Polygon","coordinates":[[[9.145353710071184,12.325298409814836],[8.958106959621995,12.313837730433566],[8.90993182479769,12.300613869609023],[8.839941534581246,12.30854818610375],[8.788130540524918,12.277692510846482],[8.723594039156508,12.29444273455757],[8.779949857252864,12.341167042804287],[8.795402258988963,12.382601806721189],[8.851758077085321,12.419628617029908],[8.86266565478139,12.4584186087819],[8.919930437685753,12.521893140739705],[8.947199381925927,12.579196537646057],[8.99991934079026,12.587130854140781],[9.063546877350664,12.55980154177006],[9.19080195047147,12.520129959296431],[9.19352884489549,12.495445419090618],[9.241703979719794,12.471642469606442],[9.25988327587991,12.430207705689542],[9.345325967832451,12.42844452424627],[9.398954891504792,12.409049528370273],[9.42077004689693,12.38436498816446],[9.535299612705657,12.367614764453373],[9.417134187664908,12.314719321155202],[9.36714112322459,12.33587749847447],[9.335327354944388,12.285626827341208],[9.28351636088806,12.31736409332011],[9.249884662991846,12.30590341393884],[9.216252965095633,12.334995907752834],[9.145353710071184,12.325298409814836]]]}},{"type":"Feature","id":"maiadua","properties":{"id":"maiadua","name":"Mai'Adua","parentId":"katsina","level":"lga"},"geometry":{"type":"Polygon","coordinates":[[[8.413637039626542,13.03762371289687],[8.366370869610241,13.017347126299239],[8.341828819794086,13.06054507165941],[8.310015051513885,13.05613711805123],[8.2336620076414,13.00764962836124],[8.171852400697007,13.012939172691057],[8.160944823000937,13.038505303618507],[8.157308963768916,13.071124160319044],[8.114587617792644,13.113440514957581],[8.120950371448684,13.163691186090844],[8.08731867355247,13.225402536605376],[8.06186765892831,13.317087971655539],[8.12185933625669,13.303864110830997],[8.226390289177353,13.223639355162105],[8.28729093131374,13.198073224234655],[8.408183250778507,13.088755974751768],[8.434543230210673,13.081703248978679],[8.413637039626542,13.03762371289687]]]}},{"type":"Feature","id":"ezza-north","properties":{"id":"ezza-north","name":"Ezza North","parentId":"ebonyi","level":"lga"},"geometry":{"type":"Polygon","coordinates":[[[8.085500743936459,6.324310367637356],[8.06368558854432,6.235269704752102],[8.03368974988013,6.203532438773199],[7.9827877206318085,6.1691504006293885],[7.922796043303427,6.153281767639937],[7.878256767711145,6.180611080010658],[7.850987823470971,6.231743341865557],[7.893709169447243,6.267006970731004],[7.882801591751173,6.317257641864266],[7.92006914887941,6.348113317121533],[8.010965629679987,6.3498764985648055],[8.034598714688137,6.373679448048982],[8.085500743936459,6.324310367637356]]]}},{"type":"Feature","id":"ibi","properties":{"id":"ibi","name":"Ibi","parentId":"taraba","level":"lga"},"geometry":{"type":"Polygon","coordinates":[[[10.245201127758161,8.804225067599932],[10.313373488358593,8.741632126363763],[10.349732080678825,8.743395307807035],[10.383363778575037,8.683447138735776],[10.30973762912657,8.678157594405958],[10.267925247958305,8.658762598529961],[10.231566655638074,8.596169657293792],[10.105220547325272,8.48156286348109],[10.057954377308972,8.392522200595835],[9.973420650164437,8.296428811937492],[9.898885535907963,8.256757229463863],[9.83525799934756,8.115702714002076],[9.766176673939121,8.0822022665799],[9.63346781197028,8.106005216064077],[9.563477521753835,8.101597262455897],[9.3844114545767,8.019609325343731],[9.335327354944388,7.98522728719992],[9.415316258048897,8.061925679982268],[9.387138349000717,8.14920316142425],[9.411680398816873,8.176532473794971],[9.329873566096355,8.236480642866232],[9.363505263992568,8.340508348019302],[9.389865243424735,8.349324255235663],[9.483488618649329,8.30612630987549],[9.60983472696213,8.291139267607676],[9.617106445426176,8.372245613998203],[9.664372615442476,8.382824702657837],[9.757087025859065,8.366956069668387],[9.890704852635912,8.448062416058914],[10.051591623652932,8.591761703685613],[10.116128125021342,8.67286805007614],[10.245201127758161,8.804225067599932]]]}},{"type":"Feature","id":"omala","properties":{"id":"omala","name":"Omala","parentId":"kogi","level":"lga"},"geometry":{"type":"Polygon","coordinates":[[[7.450134343140428,7.513576251124563],[7.461041920836498,7.553247833598192],[7.440135730252365,7.6299462263805395],[7.441953659868377,7.688131214008527],[7.349239249451788,7.84681754390304],[7.350148214259795,7.899712987201211],[7.4455895191004,8.046938637714453],[7.583752169917277,8.038122730498092],[7.676466580333864,8.014319781013914],[7.664650037829789,7.934976616066658],[7.670103826677824,7.884725944933395],[7.750092729782331,7.751605745966332],[7.752819624206349,7.708407800606159],[7.651924530517709,7.696065530503253],[7.5946597476133455,7.64140690576181],[7.555574260869097,7.643170087205082],[7.56557287375716,7.587629871742003],[7.51648877412485,7.522392158340925],[7.450134343140428,7.513576251124563]]]}},{"type":"Feature","id":"ile-olujiokeigbo","properties":{"id":"ile-olujiokeigbo","name":"Ile Oluji/Okeigbo","parentId":"ondo","level":"lga"},"geometry":{"type":"Polygon","coordinates":[[[5.003201079988905,7.199729954222083],[4.876854971676104,7.187387684119177],[4.879581866100121,7.10363656556374],[4.7214219895071174,7.099228611955558],[4.616891036586455,7.084241569687744],[4.63507033274657,7.113334063501737],[4.703242693347002,7.161821553191728],[4.746873004131279,7.222651312984624],[4.735056461627204,7.284362663499157],[4.7450550745152675,7.31345515731315],[4.755053687403331,7.361061056281504],[4.845041203395902,7.375166507827683],[4.943209402660525,7.369876963497866],[5.005927974412923,7.391916731538771],[5.042286566733154,7.348718786178598],[5.0368327778851185,7.256151760406799],[5.003201079988905,7.199729954222083]]]}},{"type":"Feature","id":"baure","properties":{"id":"baure","name":"Baure","parentId":"katsina","level":"lga"},"geometry":{"type":"Polygon","coordinates":[[[8.551799690443417,12.83221307475564],[8.62633480469989,12.882463745888902],[8.67178304510018,12.85072647991],[8.721776109540496,12.864831931456179],[8.70814163742041,12.930069644857255],[8.955380065197978,12.856016024239818],[8.989011763094192,12.83662102836382],[9.04082275715052,12.846318526301818],[9.04718551080656,12.816344441766189],[8.982649009438152,12.806646943828191],[8.951744205965955,12.737882867540568],[8.864483584397401,12.669118791252947],[8.722685074348503,12.670000381974583],[8.700869918956364,12.68675060568567],[8.669056150676163,12.71936946238621],[8.603610684499747,12.737001276818933],[8.589067247571654,12.808410125271463],[8.551799690443417,12.83221307475564]]]}},{"type":"Feature","id":"dutsin-ma","properties":{"id":"dutsin-ma","name":"Dutsin Ma","parentId":"katsina","level":"lga"},"geometry":{"type":"Polygon","coordinates":[[[7.609203184541437,12.34293022424756],[7.5155798093168436,12.366733173731737],[7.517397738932855,12.322653637649928],[7.541939788749012,12.26887660363012],[7.49921844277274,12.255652742805578],[7.4001412787001115,12.263587059300303],[7.376508193691961,12.307666595382113],[7.334695812523696,12.320008865485018],[7.402868173124128,12.336759089196107],[7.421047469284245,12.394062486102458],[7.40468610274014,12.52541950362625],[7.446498483908405,12.524537912904613],[7.468313639300543,12.560683132491697],[7.519215668548867,12.553630406718607],[7.615565938197479,12.565972676821513],[7.642834882437651,12.5412881366157],[7.632836269549587,12.435497250019358],[7.641016952821639,12.424918161359725],[7.609203184541437,12.34293022424756]]]}},{"type":"Feature","id":"uhunmwonde","properties":{"id":"uhunmwonde","name":"Uhunmwonde","parentId":"edo","level":"lga"},"geometry":{"type":"Polygon","coordinates":[[[5.870353506826406,6.796842994434349],[6.012152016875306,6.773921635671808],[6.079415412667733,6.693696880002916],[6.084869201515767,6.604656217117661],[6.073052659011692,6.5729189511387585],[6.081233342283745,6.512970782067499],[6.1057753920999005,6.462720110934237],[6.133044336340073,6.405416714027885],[6.073961623819699,6.351639680008078],[6.023968559379381,6.342823772791716],[5.966703776475018,6.308441734647905],[5.940343797042851,6.253783109906462],[5.884896943754499,6.222045843927559],[5.823996301618113,6.236151295473738],[5.806725970266003,6.282875603720456],[5.756732905825686,6.283757194442092],[5.690378474841265,6.32342877691572],[5.705830876577362,6.370153085162437],[5.644930234440976,6.370153085162437],[5.641294375208954,6.414232621244246],[5.644021269632971,6.453904203717874],[5.67856193233719,6.492694195469866],[5.756732905825686,6.552642364541127],[5.791273568529904,6.5958403099013],[5.870353506826406,6.796842994434349]]]}},{"type":"Feature","id":"taura","properties":{"id":"taura","name":"Taura","parentId":"jigawa","level":"lga"},"geometry":{"type":"Polygon","coordinates":[[[9.336236319752395,12.165730489198687],[9.27079085357598,12.154269809817418],[9.272608783191991,12.191296620126137],[9.179894372775403,12.231849793321402],[9.113539941790982,12.2829820551763],[9.145353710071184,12.325298409814836],[9.216252965095633,12.334995907752834],[9.249884662991846,12.30590341393884],[9.28351636088806,12.31736409332011],[9.335327354944388,12.285626827341208],[9.36714112322459,12.33587749847447],[9.417134187664908,12.314719321155202],[9.535299612705657,12.367614764453373],[9.578929923489934,12.39141771393755],[9.608016797346119,12.327943181979744],[9.558932697713807,12.29885068816575],[9.566204416177854,12.265350240743576],[9.531663753473634,12.208046843837224],[9.46167346325719,12.182480712909776],[9.406226609968838,12.194822983012681],[9.336236319752395,12.165730489198687]]]}},{"type":"Feature","id":"ughelli-north","properties":{"id":"ughelli-north","name":"Ughelli North","parentId":"delta","level":"lga"},"geometry":{"type":"Polygon","coordinates":[[[6.071234729395681,5.208216514045952],[6.02851338341941,5.221440374870495],[6.00488029841126,5.267283092395576],[6.02851338341941,5.327231261466836],[5.98124721340311,5.431258966619906],[5.994881685523197,5.4621146418771716],[5.964885846859007,5.504430996515708],[5.918528641650712,5.5017862243508],[5.9176196768427065,5.546747351154245],[5.85035628105028,5.556444849092243],[5.845811457010251,5.5873005243495095],[5.866717647594383,5.619037790328412],[5.901258310298603,5.602287566617324],[5.923073465690742,5.562615984143696],[5.990336861483168,5.557326439813879],[6.0585092220836,5.62168256249332],[6.04123889073149,5.685157094451125],[6.092140919979814,5.716894360430028],[6.113047110563946,5.751276398573839],[6.149405702884177,5.75568435218202],[6.1666760342362865,5.7265918583680255],[6.180310506356372,5.664880507853493],[6.211215309828569,5.62168256249332],[6.163040175004264,5.594353250122599],[6.1239546882600155,5.592590068679327],[6.116682969795969,5.5485105325975175],[6.072143694203687,5.51324690373207],[6.062145081315624,5.439193283114631],[6.0875960959397855,5.403929654249184],[6.09486781440383,5.318415354250474],[6.161222245388252,5.235545826416673],[6.071234729395681,5.208216514045952]]]}},{"type":"Feature","id":"orhionmwon","properties":{"id":"orhionmwon","name":"Orhionmwon","parentId":"edo","level":"lga"},"geometry":{"type":"Polygon","coordinates":[[[6.281205600045013,6.36045558722444],[6.290295248125071,6.362218768667712],[6.246664937340794,6.312849688256086],[6.213033239444581,6.279349240833911],[6.167584999044292,6.331363093410445],[6.126681582684032,6.356047633616258],[6.0875960959397855,6.318139232585903],[6.084869201515767,6.26348060784446],[6.1121381457559405,6.240559249081919],[6.133953301148079,6.1356499532072135],[6.195762908092471,6.054543606816685],[6.256663550228858,6.016635205786329],[6.243938042916777,5.967266125374703],[6.201216696940506,5.896738867643808],[6.121227793835998,5.839435470737457],[6.102139532867877,5.803290251150374],[6.0394209611154785,5.764500259398382],[5.982156178211116,5.747750035687294],[5.924891395306753,5.7486316264089306],[5.9058031343386315,5.770671394449835],[5.893986591834556,5.7988822975421925],[5.92125553607473,5.877343871767813],[5.83308594969817,5.9408184037256175],[5.812179759114038,5.98401634908579],[5.764004624289732,5.998121800631969],[5.726737067161496,6.095096780011949],[5.768549448329761,6.216756299597742],[5.823996301618113,6.236151295473738],[5.884896943754499,6.222045843927559],[5.940343797042851,6.253783109906462],[5.966703776475018,6.308441734647905],[6.023968559379381,6.342823772791716],[6.073961623819699,6.351639680008078],[6.133044336340073,6.405416714027885],[6.2157601338685975,6.421285347017336],[6.281205600045013,6.36045558722444]]]}},{"type":"Feature","id":"soba","properties":{"id":"soba","name":"Soba","parentId":"kaduna","level":"lga"},"geometry":{"type":"Polygon","coordinates":[[[7.81281130153473,11.153664340760352],[7.840989210582908,11.199507058285434],[7.880983662135161,11.194217513955618],[7.925522937727445,11.220665235604702],[7.992786333519872,11.233007505707608],[8.048233186808224,11.19598069539889],[8.0918634975925,11.173940927357986],[8.15821792857692,11.115755939729997],[8.166398611848972,11.08049231086455],[8.21457374667328,11.026715276844742],[8.250023374185503,10.936793023237852],[8.182759978393076,10.896239850042587],[8.126404160296719,10.808962368600607],[8.06368558854432,10.78075146550825],[8.08731867355247,10.740198292312984],[8.089136603168482,10.68113171396336],[8.019146312952039,10.707579435612445],[7.947338093119583,10.714632161385534],[7.889164345407215,10.677605351076815],[7.850987823470971,10.748132608807708],[7.8864374509831965,10.76400124179716],[7.815538195958746,10.83100213664151],[7.833717492118863,10.873318491280047],[7.791905110950598,10.922687571691673],[7.817356125574758,10.960595972722029],[7.820083019998776,11.035531184061103],[7.799176829414643,11.104295260348726],[7.772816849982476,11.136914117049265],[7.81281130153473,11.153664340760352]]]}},{"type":"Feature","id":"karasuwa","properties":{"id":"karasuwa","name":"Karasuwa","parentId":"yobe","level":"lga"},"geometry":{"type":"Polygon","coordinates":[[[10.436083737439372,12.817226032487826],[10.52425332381593,12.863950340734542],[10.596061543648387,12.861305568569634],[10.5824270715283,12.896569197435081],[10.536978831128012,12.91067464898126],[10.514254710927867,12.944175096403434],[10.469715435335585,12.941530324238526],[10.446991315135442,12.971504408774157],[10.469715435335585,13.029689396402144],[10.536069866320005,13.061426662381047],[10.564247775368186,13.035860531453597],[10.622421523080554,13.027926214958873],[10.716953863113154,13.046439620113231],[10.761493138705436,13.122256422173944],[10.797851731025668,13.158401641761026],[10.923288874530463,13.18308618196684],[10.933287487418527,13.106387789184492],[10.88965717663425,13.079940067535407],[10.877840634130175,13.032334168567052],[10.910563367218382,12.965333273722703],[10.97964469262682,12.956517366506342],[11.027819827451125,12.982965088155426],[11.108717695363639,12.960043729392886],[11.194160387316181,12.987373041763608],[11.205976929820256,12.965333273722703],[11.085993575163496,12.920372146919258],[11.03327361629916,12.932714417022165],[10.987825375898872,12.877174201559086],[10.927833698570492,12.863950340734542],[10.885112352594222,12.89480601599181],[10.769673821977488,12.888634880940355],[10.581518106720294,12.849844889188363],[10.55879398652015,12.805765353106555],[10.512436781311857,12.819870804652734],[10.47516922418362,12.789896720117103],[10.436083737439372,12.817226032487826]]]}},{"type":"Feature","id":"ondo-west","properties":{"id":"ondo-west","name":"Ondo West","parentId":"ondo","level":"lga"},"geometry":{"type":"Polygon","coordinates":[[[4.879581866100121,7.10363656556374],[4.925939071308415,7.063964983090111],[4.911395634380323,6.95817409649377],[4.8368605201238495,6.944068644947591],[4.686881326802899,6.870015024330152],[4.62870757909053,6.870015024330152],[4.547809711178016,6.845330484124339],[4.56417107772212,6.996082497524126],[4.609619318122409,7.031346126389573],[4.616891036586455,7.084241569687744],[4.7214219895071174,7.099228611955558],[4.879581866100121,7.10363656556374]]]}},{"type":"Feature","id":"ika-south","properties":{"id":"ika-south","name":"Ika South","parentId":"delta","level":"lga"},"geometry":{"type":"Polygon","coordinates":[[[6.256663550228858,6.016635205786329],[6.195762908092471,6.054543606816685],[6.133953301148079,6.1356499532072135],[6.1121381457559405,6.240559249081919],[6.084869201515767,6.26348060784446],[6.0875960959397855,6.318139232585903],[6.126681582684032,6.356047633616258],[6.167584999044292,6.331363093410445],[6.213033239444581,6.279349240833911],[6.246664937340794,6.312849688256086],[6.280296635237008,6.284638785163728],[6.188491189628425,6.251138337741553],[6.163949139812269,6.183255852175567],[6.223940817140649,6.156808130526482],[6.216669098676604,6.1109654130014],[6.245755972532788,6.0853992820739515],[6.347560031029435,6.120662910939398],[6.319382121981255,6.018398387229602],[6.256663550228858,6.016635205786329]]]}},{"type":"Feature","id":"oye","properties":{"id":"oye","name":"Oye","parentId":"ekiti","level":"lga"},"geometry":{"type":"Polygon","coordinates":[[[5.4013276658954315,7.720750070709066],[5.321338762790924,7.727802796482155],[5.263165015078554,7.76835596967742],[5.258620191038526,7.792158919161597],[5.241349859686416,7.8441727717381315],[5.2495305429584675,7.882081172768487],[5.266800874310578,7.882962763490124],[5.264982944694566,7.9834641057566476],[5.250439507766474,8.001977510911008],[5.248621578150463,8.019609325343731],[5.332246340486993,8.009911827405734],[5.360424249535171,8.038122730498092],[5.365878038383206,8.091899764517898],[5.4195069620555465,8.027543641838456],[5.410417313975489,7.986990468643192],[5.421324891671558,7.915581620190662],[5.445866941487713,7.873265265552125],[5.4076904195514715,7.856515041841037],[5.4195069620555465,7.782461421223599],[5.4013276658954315,7.720750070709066]]]}},{"type":"Feature","id":"bichi","properties":{"id":"bichi","name":"Bichi","parentId":"kano","level":"lga"},"geometry":{"type":"Polygon","coordinates":[[[8.484536294650992,12.260942287135396],[8.458176315218823,12.231849793321402],[8.410910145202523,12.251244789197397],[8.35182743268215,12.187770257239592],[8.296380579393798,12.185125485074684],[8.290926790545763,12.147217084044328],[8.215482711481284,12.14192753971451],[8.157308963768916,12.190415029404502],[8.119132441832672,12.20452048095068],[8.118223477024667,12.25300797064067],[8.140038632416806,12.27592932940321],[8.096408321632529,12.314719321155202],[8.119132441832672,12.406404756205365],[8.15185517492088,12.427562933524634],[8.184577908009087,12.400233621153912],[8.18821376724111,12.346456587134105],[8.234570972449406,12.380838625277915],[8.258204057457556,12.347338177855741],[8.342737784602091,12.356154085072102],[8.385459130578363,12.345574996412468],[8.433634265402668,12.357035675793739],[8.484536294650992,12.260942287135396]]]}},{"type":"Feature","id":"kwali","properties":{"id":"kwali","name":"Kwali","parentId":"abuja-federal-capital-territory","level":"lga"},"geometry":{"type":"Polygon","coordinates":[[[7.105636680906244,8.913542317082818],[7.191079372858786,8.822738472754292],[7.174718006314681,8.79276438821866],[7.128360801106387,8.777777345950845],[7.099273927250202,8.726645084095948],[7.125633906682371,8.674631231519413],[7.040191214729829,8.61732783461306],[6.97747264297743,8.519471264511445],[6.9202078600730665,8.542392623273987],[6.869305830824745,8.583827387190887],[6.832947238504513,8.582064205747614],[6.800224505416306,8.67286805007614],[6.797497610992288,8.7839484810023],[6.8229486256164495,8.819212109867747],[6.872032725248761,8.844778240795197],[6.8902120214088765,8.89679209337173],[6.938387156233182,8.903844819144819],[7.01383123529766,8.939108448010266],[7.063824299737979,8.908252772753002],[7.105636680906244,8.913542317082818]]]}},{"type":"Feature","id":"oyo-west","properties":{"id":"oyo-west","name":"Oyo West","parentId":"oyo","level":"lga"},"geometry":{"type":"MultiPolygon","coordinates":[[[[3.9560736211662624,7.862686176892491],[3.9624363748223024,7.885607535655032],[4.017883228110654,7.918226392355571],[4.031517700230741,7.88119958204685],[3.976070846942389,7.850343906789584],[3.9560736211662624,7.862686176892491]]],[[[3.747011715324936,7.860041404727582],[3.712471052620717,7.981700924313375],[3.7415579264769017,8.021372506787003],[3.7361041376288666,8.06633363359045],[3.809730287077334,8.13950566348625],[3.79973167418927,8.032833186168274],[3.866995069981697,7.98522728719992],[3.91789709923002,7.968477063488832],[3.94153018423817,7.933213434623386],[3.9242598528860606,7.88119958204685],[3.937894325006147,7.8582782232843105],[3.93516743058213,7.801856417099595],[3.8969909086458876,7.776290286172145],[3.8579054219016395,7.860041404727582],[3.8342723368934895,7.842409590294858],[3.747011715324936,7.860041404727582]]]]}},{"type":"Feature","id":"kusada","properties":{"id":"kusada","name":"Kusada","parentId":"katsina","level":"lga"},"geometry":{"type":"Polygon","coordinates":[[[7.931885691383485,12.573025402594602],[7.9836966854398135,12.577433356202784],[8.042779397960189,12.571262221151331],[8.059140764504292,12.494563828368983],[8.048233186808224,12.412575891256818],[7.987332544671837,12.37290430878319],[7.9027988175273,12.332351135587926],[7.854623682702995,12.319127274763384],[7.793723040566608,12.357917266515376],[7.878256767711145,12.37290430878319],[7.878256767711145,12.44431315723572],[7.84916989385496,12.475168832492987],[7.938248445039525,12.538643364450792],[7.931885691383485,12.573025402594602]]]}},{"type":"Feature","id":"roni","properties":{"id":"roni","name":"Roni","parentId":"jigawa","level":"lga"},"geometry":{"type":"Polygon","coordinates":[[[8.160035858192932,12.684105833520762],[8.252750268609521,12.69380333145876],[8.282746107273711,12.650605386098587],[8.344555714218103,12.653250158263495],[8.360008115954201,12.60828903146005],[8.39909360269845,12.587130854140781],[8.458176315218823,12.587130854140781],[8.365461904802237,12.431970887132815],[8.354554327106166,12.479576786101168],[8.31092401632189,12.507787689193526],[8.288199896121746,12.599473124243689],[8.246387514953481,12.59418357991387],[8.190031696857123,12.624157664449502],[8.160035858192932,12.684105833520762]]]}},{"type":"Feature","id":"toro","properties":{"id":"toro","name":"Toro","parentId":"bauchi","level":"lga"},"geometry":{"type":"Polygon","coordinates":[[[8.818126379189108,10.380509277885423],[8.74904505378067,10.440457446956682],[8.776313998020843,10.479247438708676],[8.792675364564946,10.565643329429019],[8.783585716484888,10.597380595407923],[8.821762238421131,10.672315806746997],[8.855393936317343,10.707579435612445],[8.821762238421131,10.769290786126977],[8.7854036461009,10.797501689219335],[8.76631538513278,10.851278723239144],[8.813581555149078,10.853041904682415],[8.906295965565667,10.835410090249692],[8.95719799481399,10.806317596435697],[9.020825531374394,10.81248873148715],[9.043549651574537,10.775461921178431],[9.035368968302485,10.737553520148076],[9.225342613175691,10.697000346952812],[9.30714944589621,10.741079883034619],[9.348961827064475,10.743724655199529],[9.418043152472913,10.787804191281339],[9.447130026329098,10.758711697467344],[9.563477521753835,10.691710802622994],[9.66164572101846,10.611486046954102],[9.61619748061817,10.564761738707384],[9.640739530434326,10.465141987162497],[9.694368454106666,10.432523130461956],[9.68073398198658,10.399022683039782],[9.693459489298661,10.324969062422344],[9.659827791402448,10.291468615000168],[9.621651269466206,10.177743411909102],[9.523483070201582,10.151295690260016],[9.518029281353547,10.11338728922966],[9.429859694976988,10.149532508816744],[9.389865243424735,10.116913652116203],[9.369868017648608,10.07636047892094],[9.358051475144533,9.981148680984234],[9.374412841688637,9.94235868923224],[9.348961827064475,9.901805516036976],[9.296241868200141,9.898279153150431],[9.271699818383984,9.846265300573897],[9.231705366831731,9.861252342841713],[9.214435035479621,10.017293900571316],[9.128083378719074,10.058728664488218],[9.085362032742802,10.025228217066042],[8.977195220590117,9.987319816035686],[8.939018698653875,10.026991398509313],[8.968105572510058,10.102808200570024],[8.978104185398122,10.180388184074008],[8.929929050573817,10.21477022221782],[8.954471100389972,10.309100429432892],[8.935382839421852,10.348772011906519],[8.869937373245437,10.357587919122881],[8.818126379189108,10.380509277885423]]]}},{"type":"Feature","id":"akure-south","properties":{"id":"akure-south","name":"Akure South","parentId":"ondo","level":"lga"},"geometry":{"type":"Polygon","coordinates":[[[5.214080915446243,7.252625397520254],[5.244076754110433,7.207664270716808],[5.3158849739428895,7.1627031439133635],[5.3649690735752005,7.092175886182469],[5.254075366998497,7.107162928450284],[5.158634062157891,7.169755869686453],[5.083189983093413,7.250862216076982],[5.135000977149741,7.284362663499157],[5.214080915446243,7.252625397520254]]]}},{"type":"Feature","id":"igabi","properties":{"id":"igabi","name":"Igabi","parentId":"kaduna","level":"lga"},"geometry":{"type":"Polygon","coordinates":[[[7.411957821204187,10.560353785099203],[7.378326123307973,10.489826527368308],[7.337422706947713,10.491589708811581],[7.242890366915114,10.526853337677029],[7.311062727515546,10.627354679943553],[7.212894528250924,10.69259239334463],[7.188352478434767,10.726092840766805],[7.2056228097868775,10.750777380972618],[7.208349704210894,10.834528499528055],[7.258342768651213,10.915634845918584],[7.310153762707541,10.94208256756767],[7.352875108683811,11.010846643855292],[7.376508193691961,11.0134914160202],[7.4919467243086935,10.963240744886939],[7.52285152778089,10.970293470660028],[7.571935627413202,11.002912327360566],[7.668285897061812,11.000267555195657],[7.760091342670394,10.970293470660028],[7.791905110950598,10.922687571691673],[7.833717492118863,10.873318491280047],[7.815538195958746,10.83100213664151],[7.8864374509831965,10.76400124179716],[7.850987823470971,10.748132608807708],[7.889164345407215,10.677605351076815],[7.852805753086983,10.59561741396465],[7.870076084439093,10.526853337677029],[7.829172668078833,10.497760843863034],[7.778270638830511,10.499524025306307],[7.730095504006204,10.477484257265402],[7.6982817357260025,10.51010311396594],[7.705553454190049,10.54977469643957],[7.647379706477681,10.56123537582084],[7.601931466077392,10.587683097469924],[7.487401900268665,10.562116966542476],[7.423774363708262,10.604433321181013],[7.411957821204187,10.560353785099203]]]}},{"type":"Feature","id":"okene","properties":{"id":"okene","name":"Okene","parentId":"kogi","level":"lga"},"geometry":{"type":"Polygon","coordinates":[[[6.189400154436431,7.575287601639096],[6.297566966589117,7.533852837722195],[6.292113177741083,7.500352390300021],[6.225758746756661,7.4686151243211185],[6.158495350964234,7.528563293392379],[6.133953301148079,7.5523662428765554],[6.189400154436431,7.575287601639096]]]}},{"type":"Feature","id":"onitsha-south","properties":{"id":"onitsha-south","name":"Onitsha South","parentId":"anambra","level":"lga"},"geometry":{"type":"Polygon","coordinates":[[[6.790225892528243,6.132123590320669],[6.757503159440034,6.134768362485577],[6.764774877904081,6.155926539804845],[6.790225892528243,6.132123590320669]]]}},{"type":"Feature","id":"agatu","properties":{"id":"agatu","name":"Agatu","parentId":"benue","level":"lga"},"geometry":{"type":"Polygon","coordinates":[[[7.750092729782331,7.751605745966332],[7.670103826677824,7.884725944933395],[7.664650037829789,7.934976616066658],[7.676466580333864,8.014319781013914],[7.8673491900150765,7.986108877921556],[7.972789107743745,7.939384569674839],[8.040961468344177,7.896186624314666],[8.113678652984639,7.863567767614127],[8.215482711481284,7.834475273800133],[8.135493808376777,7.790395737718324],[8.089136603168482,7.748960973801424],[8.03823457392016,7.736618703698517],[8.026418031416085,7.703118256276342],[7.974607037359757,7.741908248028334],[7.9773339317837735,7.785106193388508],[7.91370639522337,7.77981664905869],[7.860986436359035,7.793040509883233],[7.805539583070683,7.789514146996688],[7.750092729782331,7.751605745966332]]]}},{"type":"Feature","id":"dala","properties":{"id":"dala","name":"Dala","parentId":"kano","level":"lga"},"geometry":{"type":"Polygon","coordinates":[[[8.466356998490875,12.065229146932163],[8.521803851779227,12.011452112912355],[8.509078344467147,11.999991433531086],[8.469083892914893,12.023794383015263],[8.466356998490875,12.065229146932163]]]}},{"type":"Feature","id":"anka","properties":{"id":"anka","name":"Anka","parentId":"zamfara","level":"lga"},"geometry":{"type":"Polygon","coordinates":[[[5.749461187361639,12.289153190227752],[5.818542512770078,12.2415472912594],[5.841266632970222,12.292679553114297],[5.885805908562505,12.313837730433566],[5.909438993570655,12.141045948992875],[5.999426509563225,12.154269809817418],[6.053964398043572,12.120769362395242],[6.113956075371952,12.132230041776513],[6.173038787892327,12.092558459302886],[6.2157601338685975,11.949740762397823],[6.264844233500909,11.880095095388565],[6.294840072165099,11.885384639718382],[6.329380734869319,11.849239420131298],[6.275751811196979,11.828962833533666],[6.28393249446903,11.78223852528695],[6.249391831764811,11.717000811885871],[6.257572515036863,11.65528946137134],[6.179401541548367,11.642065600546797],[6.162131210196257,11.614736288176076],[6.0576002572755945,11.672039685082426],[5.993972720715191,11.671158094360791],[5.973066530131058,11.63413128405207],[5.913074852802678,11.635894465495344],[5.92125553607473,11.695842634566603],[5.943070691466868,11.73110626343205],[5.9421617266588616,11.781356934565313],[5.909438993570655,11.811331019100944],[5.8512652458582854,11.895963728378018],[5.818542512770078,12.019386429407081],[5.764913589097738,12.034373471674897],[5.737644644857564,12.088150505694703],[5.694014334073287,12.08903209641634],[5.721283278313461,12.16044094486887],[5.722192243121467,12.242428881981034],[5.749461187361639,12.289153190227752]]]}},{"type":"Feature","id":"tofa","properties":{"id":"tofa","name":"Tofa","parentId":"kano","level":"lga"},"geometry":{"type":"Polygon","coordinates":[[[8.25093233899351,12.119887771673607],[8.338192960562063,12.079334598478342],[8.387277060194375,12.022031201571991],[8.417272898858565,11.978833256211818],[8.402729461930472,11.947095990232915],[8.404547391546483,11.931227357243465],[8.320922629209953,11.958556669614186],[8.247296479761486,12.021149610850355],[8.26820267034562,12.07492664487016],[8.25093233899351,12.119887771673607]]]}},{"type":"Feature","id":"ingawa","properties":{"id":"ingawa","name":"Ingawa","parentId":"katsina","level":"lga"},"geometry":{"type":"Polygon","coordinates":[[[8.141856562032817,12.811054897436371],[8.185486872817094,12.732593323210752],[8.160035858192932,12.684105833520762],[8.190031696857123,12.624157664449502],[8.246387514953481,12.59418357991387],[8.180942048777066,12.561564723213333],[8.156399998960909,12.43990520362754],[8.108224864136604,12.416102254143363],[8.048233186808224,12.412575891256818],[8.059140764504292,12.494563828368983],[8.042779397960189,12.571262221151331],[7.9836966854398135,12.577433356202784],[7.999149087175912,12.616223347954776],[7.95642774119964,12.647960613933678],[7.962790494855682,12.730830141767479],[8.024600101800074,12.727303778880934],[8.09822625124854,12.7678569520762],[8.108224864136604,12.804883762384918],[8.141856562032817,12.811054897436371]]]}},{"type":"Feature","id":"uvwie","properties":{"id":"uvwie","name":"Uvwie","parentId":"delta","level":"lga"},"geometry":{"type":"Polygon","coordinates":[[[5.784001850065859,5.515891675896979],[5.7776390964098185,5.541457806824428],[5.705830876577362,5.582010980019692],[5.783092885257853,5.62168256249332],[5.845811457010251,5.5873005243495095],[5.85035628105028,5.556444849092243],[5.819451477578084,5.561734393422061],[5.784001850065859,5.515891675896979]]]}},{"type":"Feature","id":"idanre","properties":{"id":"idanre","name":"Idanre","parentId":"ondo","level":"lga"},"geometry":{"type":"Polygon","coordinates":[[[4.987748678252807,6.899107518144145],[5.006836939220928,6.979332273813038],[4.992293502292837,7.07807043463629],[5.004110044796911,7.105399747007012],[5.003201079988905,7.199729954222083],[5.0368327778851185,7.256151760406799],[5.083189983093413,7.250862216076982],[5.158634062157891,7.169755869686453],[5.254075366998497,7.107162928450284],[5.3649690735752005,7.092175886182469],[5.449502800719737,7.064846573811748],[5.475862780151903,7.050741122265569],[5.492224146696008,6.9881481810294],[5.534036527864274,6.916739332576869],[5.53676342228829,6.885002066597966],[5.4595014136078,6.885883657319603],[5.272254663158613,6.888528429484511],[5.254984331806503,6.882357294433058],[5.196810584094134,6.773921635671808],[5.150453378885839,6.74571073257945],[5.1222754698376605,6.698986424332733],[5.078645159053384,6.714855057322184],[5.0022921151809,6.791553450104532],[4.987748678252807,6.899107518144145]]]}},{"type":"Feature","id":"okpe","properties":{"id":"okpe","name":"Okpe","parentId":"delta","level":"lga"},"geometry":{"type":"Polygon","coordinates":[[[5.705830876577362,5.582010980019692],[5.655837812137046,5.614629836720231],[5.692196404457277,5.662235735688585],[5.650384023289011,5.701025727440577],[5.725828102353489,5.730999811976207],[5.776730131601813,5.814750930531644],[5.825814231234125,5.770671394449835],[5.893986591834556,5.7988822975421925],[5.9058031343386315,5.770671394449835],[5.868535577210395,5.747750035687294],[5.853083175474297,5.702788908883849],[5.906712099146637,5.6569461913587675],[5.901258310298603,5.602287566617324],[5.866717647594383,5.619037790328412],[5.845811457010251,5.5873005243495095],[5.783092885257853,5.62168256249332],[5.705830876577362,5.582010980019692]]]}},{"type":"Feature","id":"anambra-west","properties":{"id":"anambra-west","name":"Anambra West","parentId":"anambra","level":"lga"},"geometry":{"type":"Polygon","coordinates":[[[6.662061854599429,6.557931908870944],[6.763865913096074,6.563221453200761],[6.808405188688358,6.589669174849846],[6.858398253128675,6.557931908870944],[6.835674132928531,6.478588743923687],[6.854762393896651,6.404535123306248],[6.826584484848473,6.359573996502803],[6.825675520040468,6.29345469238009],[6.783863138872203,6.255546291349734],[6.785681068488213,6.206177210938108],[6.762956948288069,6.185900624340476],[6.722962496735816,6.265243789287732],[6.7129638838477526,6.35340286145135],[6.669333573063476,6.501510102686229],[6.662061854599429,6.557931908870944]]]}},{"type":"Feature","id":"mushin","properties":{"id":"mushin","name":"Mushin","parentId":"lagos","level":"lga"},"geometry":{"type":"Polygon","coordinates":[[[3.3670644255785254,6.524431461448769],[3.365246495962514,6.517378735675679],[3.322525149986243,6.501510102686229],[3.351612023842428,6.555287136706035],[3.3670644255785254,6.5588134995925795],[3.3670644255785254,6.524431461448769]]]}},{"type":"Feature","id":"shagamu","properties":{"id":"shagamu","name":"Shagamu","parentId":"ogun","level":"lga"},"geometry":{"type":"Polygon","coordinates":[[[3.587033909115921,6.905278653195599],[3.6124849237400825,6.909686606803779],[3.6915648620365844,6.834751395464705],[3.6915648620365844,6.7924350408261684],[3.6815662491485206,6.758934593403993],[3.69247382684459,6.683117791343282],[3.44341746945101,6.68576256350819],[3.4406905750269927,6.751881867630903],[3.4834119210032637,6.832106623299796],[3.536131879867598,6.871778205773424],[3.5543111760277135,6.910568197525416],[3.587033909115921,6.905278653195599]]]}},{"type":"Feature","id":"biase","properties":{"id":"biase","name":"Biase","parentId":"cross-river","level":"lga"},"geometry":{"type":"Polygon","coordinates":[[[7.916433289647387,5.747750035687294],[7.970062213319727,5.768026622284927],[8.031871820264119,5.7988822975421925],[8.070957307008367,5.723065495481481],[8.11549658260065,5.702788908883849],[8.144583456456834,5.666643689296766],[8.19094066166513,5.5432209882677],[8.260021987073566,5.4453644181660845],[8.24456958533747,5.391587384146277],[8.170943435889003,5.352797392394285],[8.161853787808944,5.30783626559084],[8.100044180864552,5.272572636725393],[8.060049729312299,5.272572636725393],[8.041870433152182,5.345744666621195],[8.006420805639959,5.399521700641003],[7.992786333519872,5.555563258370607],[7.91370639522337,5.523825992391704],[7.912797430415363,5.52470758311334],[7.906434676759323,5.570550300638422],[7.915524324839382,5.655183009915495],[7.89007331021522,5.685157094451125],[7.916433289647387,5.747750035687294]]]}},{"type":"Feature","id":"gaya","properties":{"id":"gaya","name":"Gaya","parentId":"kano","level":"lga"},"geometry":{"type":"Polygon","coordinates":[[[8.905387000757662,11.920648268583829],[8.95719799481399,11.947095990232915],[9.098996504862889,11.896845319099652],[9.075363419854739,11.839541922193302],[9.143535780455172,11.841305103636573],[9.167168865463323,11.886266230440018],[9.201709528167541,11.904779635594378],[9.22988743721572,11.895082137656381],[9.18716609123945,11.834252377863484],[9.143535780455172,11.826318061368758],[9.14171785083916,11.759317166524408],[9.15717025257526,11.719645584050781],[9.08354410312679,11.710829676834418],[9.039913792342514,11.690553090236786],[9.002646235214279,11.74080376137005],[8.918112508069742,11.717882402607508],[8.899933211909627,11.73375103559696],[8.88629873978954,11.80692306549276],[8.948108346733932,11.888029411883291],[8.905387000757662,11.920648268583829]]]}},{"type":"Feature","id":"charanchi","properties":{"id":"charanchi","name":"Charanchi","parentId":"katsina","level":"lga"},"geometry":{"type":"Polygon","coordinates":[[[7.533759105476959,12.696448103623668],[7.581025275493259,12.721132643829481],[7.630109375125571,12.744935593313658],[7.6801024395658875,12.7167246902213],[7.725550679966176,12.746698774756931],[7.754637553822361,12.70261923867512],[7.7882692517185745,12.708790373726575],[7.775543744406493,12.666474019088039],[7.80008579422265,12.625039255171137],[7.748274800166321,12.612696985068231],[7.711007243038084,12.579196537646057],[7.741003081702274,12.545696090223881],[7.715552067078113,12.498971781977163],[7.733731363238228,12.454892245895355],[7.6801024395658875,12.412575891256818],[7.641016952821639,12.424918161359725],[7.632836269549587,12.435497250019358],[7.642834882437651,12.5412881366157],[7.615565938197479,12.565972676821513],[7.624655586277536,12.617986529398047],[7.591023888381322,12.632973571665863],[7.533759105476959,12.696448103623668]]]}},{"type":"Feature","id":"etsako-central","properties":{"id":"etsako-central","name":"Etsako Central","parentId":"edo","level":"lga"},"geometry":{"type":"Polygon","coordinates":[[[6.679332185951539,6.972279548039949],[6.672969432295499,6.935252737731229],[6.611159825351106,6.822409125361798],[6.623885332663187,6.793316631547804],[6.530261957438594,6.793316631547804],[6.522081274166541,6.882357294433058],[6.482995787422293,6.925555239793232],[6.412096532397843,6.938779100617774],[6.381191728925647,6.929963193401412],[6.35483174949348,6.971397957318313],[6.362103467957526,7.048096350100661],[6.421186180477902,7.108044519171921],[6.414823426821861,7.167111097521545],[6.505719907622437,7.151242464532094],[6.535715746286628,7.100991793398832],[6.527535063014575,7.028701354224664],[6.55662193687076,7.0040168140188515],[6.679332185951539,6.972279548039949]]]}},{"type":"Feature","id":"darazo","properties":{"id":"darazo","name":"Darazo","parentId":"bauchi","level":"lga"},"geometry":{"type":"Polygon","coordinates":[[[10.71786282792116,11.427839055189205],[10.769673821977488,11.433128599519023],[10.793306906985638,11.464865865497924],[10.856025478738037,11.478971317044103],[10.879658563746187,11.445470869621929],[10.934196452226532,11.467510637662834],[10.910563367218382,11.330864075809224],[10.933287487418527,11.314995442819773],[10.92601576895448,11.251520910861968],[10.981462622242832,11.179230471687802],[11.008731566483005,11.149256387152171],[10.937832311458555,11.096360943854002],[10.798760695833673,11.084018673751094],[10.772400716401506,11.060215724266918],[10.738769018505293,11.100768897462181],[10.669687693096854,11.039939137669286],[10.641509784048676,10.960595972722029],[10.6769594115609,10.930621888186398],[10.652417361744744,10.881252807774771],[10.568792599408214,10.810725550043879],[10.526980218239949,10.73667192942644],[10.501529203615787,10.774580330456795],[10.4406285614794,10.772817149013523],[10.452445103983475,10.808962368600607],[10.489712661111712,10.807199187157334],[10.446991315135442,10.919161208805129],[10.364275517606917,10.866265765506958],[10.281559720078391,10.899766212929134],[10.278832825654375,10.951780065505666],[10.324281066054663,10.959714382000392],[10.327916925286686,11.082255492307823],[10.285195579310415,11.104295260348726],[10.336097608558738,11.143085252100718],[10.366093447222928,11.20479660261525],[10.449718209559459,11.220665235604702],[10.507891957271827,11.26033681807833],[10.555158127288127,11.254165683026876],[10.568792599408214,11.314995442819773],[10.59515257884038,11.335272029417405],[10.596970508456392,11.389049063437213],[10.616967734232519,11.41285201292139],[10.71786282792116,11.427839055189205]]]}},{"type":"Feature","id":"ijumu","properties":{"id":"ijumu","name":"Ijumu","parentId":"kogi","level":"lga"},"geometry":{"type":"Polygon","coordinates":[[[5.834903879314181,7.924397527407024],[5.907621063954643,7.999332738746099],[5.95761412839496,8.096307718126079],[6.0266954538033986,8.154492705754066],[6.07577955343571,8.041649093384635],[6.079415412667733,8.012556599570642],[6.053964398043572,7.930568662458477],[6.0694167997796695,7.890897079984849],[6.02215062976337,7.840646408851587],[6.053964398043572,7.790395737718324],[6.053964398043572,7.747197792358151],[6.085778166323774,7.73838188514179],[6.122136758644004,7.681960078957074],[6.098503673635854,7.588511462463639],[6.048510609195537,7.579695555247277],[6.003971333603254,7.529444884114015],[5.9966996151392085,7.559418968649645],[5.940343797042851,7.644933268648355],[5.919437606458718,7.74984256452306],[5.816724583154066,7.727802796482155],[5.773094272369789,7.747197792358151],[5.767640483521755,7.787750965553416],[5.737644644857564,7.82125141297559],[5.760368765057709,7.834475273800133],[5.834903879314181,7.924397527407024]]]}},{"type":"Feature","id":"irepodun","properties":{"id":"irepodun","name":"Irepodun","parentId":"kwara","level":"lga"},"geometry":{"type":"Polygon","coordinates":[[[4.7995929629956136,8.065452042868813],[4.815045364731711,8.13068975626989],[4.785958490875528,8.180058836681516],[4.747781968939285,8.210032921217145],[4.78959435010755,8.233835870701324],[4.816863294347723,8.302599946988945],[4.820499153579746,8.35902175317366],[4.906850810340294,8.369600841833295],[4.93775561381249,8.293784039772582],[4.925939071308415,8.226783144928234],[5.0122907280689635,8.150084752145887],[5.0731913702053495,8.144795207816069],[5.1222754698376605,8.207388149052237],[5.184994041590059,8.181822018124787],[5.1886299008220815,8.151847933589158],[5.090461701557459,8.094544536682807],[5.055012074045234,8.04958340987936],[4.998656255948877,8.030188414003366],[4.970478346900698,8.032833186168274],[4.9268480361164215,8.079557494414992],[4.85413085147596,8.095426127404442],[4.808682611075671,8.061925679982268],[4.7995929629956136,8.065452042868813]]]}},{"type":"Feature","id":"egbeda","properties":{"id":"egbeda","name":"Egbeda","parentId":"oyo","level":"lga"},"geometry":{"type":"Polygon","coordinates":[[[4.135139688343399,7.403377410920041],[4.12605004026334,7.311691975869879],[4.08969144794311,7.294060161437155],[4.072421116591,7.3601794655598685],[4.004248755990568,7.346955604735325],[3.9388032898141527,7.378692870714228],[3.9442570786621873,7.403377410920041],[4.094236271983139,7.434233086177308],[4.13695761795941,7.458917626383121],[4.135139688343399,7.403377410920041]]]}},{"type":"Feature","id":"akoko-south-east","properties":{"id":"akoko-south-east","name":"Akoko South East","parentId":"ondo","level":"lga"},"geometry":{"type":"Polygon","coordinates":[[[5.950342409930914,7.344310832570416],[5.846720421818256,7.394561503703679],[5.823087336810106,7.49594443669184],[5.95125137473892,7.501233981021657],[5.986701002251145,7.3548899212300505],[5.950342409930914,7.344310832570416]]]}},{"type":"Feature","id":"faskari","properties":{"id":"faskari","name":"Faskari","parentId":"katsina","level":"lga"},"geometry":{"type":"Polygon","coordinates":[[[7.107454610522256,11.55126175621827],[7.073822912626042,11.56272243559954],[7.033828461073787,11.530985169620639],[7.003832622409597,11.535393123228818],[6.9011195991049465,11.492195177868645],[6.903846493528963,11.553024937661542],[6.854762393896651,11.595341292300079],[6.854762393896651,11.642065600546797],[6.88112237332882,11.705540132504602],[6.886576162176853,11.761080347967681],[6.910209247185003,11.785764888173494],[7.0174670945296835,11.815738972709124],[7.042918109153845,11.790172841781676],[7.141995273226474,11.849239420131298],[7.141086308418469,11.910950770645831],[7.226529000371011,11.91359554281074],[7.246526226147138,11.932990538686736],[7.30197307943549,11.862463280955842],[7.30197307943549,11.776067390235497],[7.283793783275373,11.752264440751318],[7.33833167175572,11.668513322195881],[7.304699973859506,11.566248798486086],[7.235618648451068,11.589170157248626],[7.176535935930692,11.575946296424082],[7.135632519570434,11.578591068588992],[7.107454610522256,11.55126175621827]]]}},{"type":"Feature","id":"makarfi","properties":{"id":"makarfi","name":"Makarfi","parentId":"kaduna","level":"lga"},"geometry":{"type":"Polygon","coordinates":[[[7.840989210582908,11.199507058285434],[7.81281130153473,11.203033421171979],[7.813720266342736,11.29031090261396],[7.876438838095133,11.281494995397598],[7.805539583070683,11.37141724900449],[7.87916573251915,11.386404291272303],[7.900071923103283,11.43136541807575],[7.95642774119964,11.467510637662834],[7.975516002167762,11.401391333540118],[8.015510453720015,11.359074978901582],[8.060958694120304,11.362601341788128],[8.064594553352327,11.296482037665413],[8.103680040096576,11.286784539727416],[8.048233186808224,11.19598069539889],[7.992786333519872,11.233007505707608],[7.925522937727445,11.220665235604702],[7.880983662135161,11.194217513955618],[7.840989210582908,11.199507058285434]]]}},{"type":"Feature","id":"udu","properties":{"id":"udu","name":"Udu","parentId":"delta","level":"lga"},"geometry":{"type":"Polygon","coordinates":[[[5.788546674105888,5.4427196460011755],[5.750370152169646,5.491207135691166],[5.784001850065859,5.515891675896979],[5.819451477578084,5.561734393422061],[5.86762661240239,5.4929703171344375],[5.885805908562505,5.431258966619906],[5.841266632970222,5.408337607857365],[5.788546674105888,5.4427196460011755]]]}},{"type":"Feature","id":"bunkure","properties":{"id":"bunkure","name":"Bunkure","parentId":"kano","level":"lga"},"geometry":{"type":"Polygon","coordinates":[[[8.47181078733891,11.717000811885871],[8.5018066260031,11.758435575802771],[8.567252092179515,11.781356934565313],[8.618154121427839,11.752264440751318],[8.6590575377881,11.717000811885871],[8.661784432212116,11.664105368587702],[8.699960954148358,11.676447638690608],[8.706323707804398,11.769896255184044],[8.76813331474879,11.759317166524408],[8.756316772244716,11.725816719102234],[8.76813331474879,11.679092410855516],[8.753589877820698,11.628841739722255],[8.67178304510018,11.63413128405207],[8.635424452779949,11.635012874773707],[8.592703106803677,11.589170157248626],[8.560889338523475,11.608565153124623],[8.462721139258853,11.556551300548087],[8.445450807906743,11.597986064464987],[8.455449420794807,11.638539237660252],[8.432725300594662,11.68526354590697],[8.47181078733891,11.717000811885871]]]}},{"type":"Feature","id":"funtua","properties":{"id":"funtua","name":"Funtua","parentId":"katsina","level":"lga"},"geometry":{"type":"Polygon","coordinates":[[[7.289247572123408,11.284139767562507],[7.30833583309153,11.29295567477887],[7.299246185011471,11.404917696426665],[7.3092447978995345,11.45869473044647],[7.248344155763149,11.498366312920098],[7.190170408050779,11.501011085085008],[7.176535935930692,11.575946296424082],[7.235618648451068,11.589170157248626],[7.304699973859506,11.566248798486086],[7.354693038299823,11.513353355187913],[7.401050243508118,11.526577216012456],[7.3874157713880315,11.473681772714286],[7.390142665812048,11.370535658282853],[7.357419932723841,11.263863180964876],[7.289247572123408,11.284139767562507]]]}},{"type":"Feature","id":"dambatta","properties":{"id":"dambatta","name":"Dambatta","parentId":"kano","level":"lga"},"geometry":{"type":"Polygon","coordinates":[[[8.732683687236566,12.26887660363012],[8.67360097471619,12.30590341393884],[8.642696171243994,12.261823877857031],[8.598156895651712,12.26006069641376],[8.56634312737151,12.351746131463921],[8.526348675819257,12.387009760329368],[8.490899048307032,12.390536123215913],[8.484536294650992,12.445194747957357],[8.445450807906743,12.445194747957357],[8.449995631946772,12.513958824244979],[8.490899048307032,12.48398473970935],[8.548163831211395,12.48574792115262],[8.5490727960194,12.551867225275334],[8.53180246466729,12.600354714965324],[8.640878241627982,12.593301989192234],[8.645423065668012,12.55980154177006],[8.71904921511648,12.56685426754315],[8.687235446836278,12.483103148987713],[8.709959567036421,12.416102254143363],[8.763588490708761,12.419628617029908],[8.795402258988963,12.382601806721189],[8.779949857252864,12.341167042804287],[8.723594039156508,12.29444273455757],[8.732683687236566,12.26887660363012]]]}},{"type":"Feature","id":"jakusko","properties":{"id":"jakusko","name":"Jakusko","parentId":"yobe","level":"lga"},"geometry":{"type":"Polygon","coordinates":[[[11.225974155596383,12.348219768577376],[11.176890055964073,12.284745236619571],[11.142349393259853,12.265350240743576],[11.148712146915893,12.22744183971322],[11.065996349387369,12.178072759301594],[10.995097094362919,12.099611185075975],[10.96691918531474,12.08462414280816],[10.934196452226532,12.097848003632702],[10.866933056434105,12.006162568582539],[10.821484816033818,11.988530754149815],[10.823302745649828,12.109308683013971],[10.804214484681708,12.117242999508697],[10.789671047753615,12.275047738681574],[10.764220033129455,12.369377945896645],[10.750585561009368,12.476050423214623],[10.65150839693674,12.528945866512794],[10.597879473264399,12.521893140739705],[10.58878982518434,12.641789478882226],[10.647872537704716,12.64972379537695],[10.663324939440814,12.703500829396758],[10.696047672529021,12.692921740737123],[10.707864215033096,12.754633091251655],[10.744222807353328,12.79077831083874],[10.870568915666128,12.835739437642184],[10.891475106250262,12.812818078879644],[10.94964885396263,12.841028981972002],[11.012367425715029,12.847200117023455],[11.035091545915172,12.810173306714736],[11.045999123611242,12.788133538673831],[11.081448751123467,12.689395377850579],[11.040545334763207,12.674408335582763],[10.998732953594942,12.625039255171137],[10.993279164746907,12.591538807748963],[11.023275003411097,12.565091086099878],[11.046908088419247,12.491919056204074],[11.195978316932193,12.519248368574797],[11.191433492892164,12.470760878884805],[11.21597554270832,12.411694300535181],[11.225974155596383,12.348219768577376]]]}},{"type":"Feature","id":"gwale","properties":{"id":"gwale","name":"Gwale","parentId":"kano","level":"lga"},"geometry":{"type":"Polygon","coordinates":[[[8.509078344467147,11.999991433531086],[8.510896274083159,11.959438260335823],[8.480900435418969,11.934753720130008],[8.444541843098737,11.971780530438728],[8.469083892914893,12.023794383015263],[8.509078344467147,11.999991433531086]]]}},{"type":"Feature","id":"babura","properties":{"id":"babura","name":"Babura","parentId":"jigawa","level":"lga"},"geometry":{"type":"Polygon","coordinates":[[[8.640878241627982,12.593301989192234],[8.658148572980092,12.65942129331495],[8.700869918956364,12.68675060568567],[8.722685074348503,12.670000381974583],[8.864483584397401,12.669118791252947],[8.951744205965955,12.737882867540568],[8.982649009438152,12.806646943828191],[9.04718551080656,12.816344441766189],[9.086270997550809,12.774028087127652],[9.042640686766532,12.662066065479857],[9.039004827534509,12.628565618057682],[8.99991934079026,12.587130854140781],[8.947199381925927,12.579196537646057],[8.919930437685753,12.521893140739705],[8.86266565478139,12.4584186087819],[8.851758077085321,12.419628617029908],[8.795402258988963,12.382601806721189],[8.763588490708761,12.419628617029908],[8.709959567036421,12.416102254143363],[8.687235446836278,12.483103148987713],[8.71904921511648,12.56685426754315],[8.645423065668012,12.55980154177006],[8.640878241627982,12.593301989192234]]]}},{"type":"Feature","id":"sapele","properties":{"id":"sapele","name":"Sapele","parentId":"delta","level":"lga"},"geometry":{"type":"Polygon","coordinates":[[[5.570395120184504,5.778605710944561],[5.54312617594433,5.840317061459093],[5.547670999984359,5.886159778984174],[5.469500026495863,5.93112090578762],[5.4740448505358925,6.0272142944459635],[5.51313033728014,6.0351486109406896],[5.53676342228829,5.990187484137244],[5.5713040849925095,5.9910690748588795],[5.5894833811526246,5.918778635684713],[5.640385410400947,5.946107948055435],[5.698559158113317,5.8905677325923556],[5.772185307561784,5.852659331562],[5.776730131601813,5.814750930531644],[5.725828102353489,5.730999811976207],[5.650384023289011,5.701025727440577],[5.6012999236567,5.732762993419479],[5.570395120184504,5.778605710944561]]]}},{"type":"Feature","id":"ika-north-east","properties":{"id":"ika-north-east","name":"Ika North East","parentId":"delta","level":"lga"},"geometry":{"type":"Polygon","coordinates":[[[6.290295248125071,6.362218768667712],[6.362103467957526,6.384258536708616],[6.3911903418137115,6.310204916091177],[6.375737940077613,6.239677658360283],[6.385736552965676,6.184137442897203],[6.343924171797411,6.1550449490832095],[6.347560031029435,6.120662910939398],[6.245755972532788,6.0853992820739515],[6.216669098676604,6.1109654130014],[6.223940817140649,6.156808130526482],[6.163949139812269,6.183255852175567],[6.188491189628425,6.251138337741553],[6.280296635237008,6.284638785163728],[6.246664937340794,6.312849688256086],[6.290295248125071,6.362218768667712]]]}},{"type":"Feature","id":"surulere","properties":{"id":"surulere","name":"Surulere","parentId":"lagos","level":"lga"},"geometry":{"type":"Polygon","coordinates":[[[3.365246495962514,6.517378735675679],[3.3643375311545083,6.475943971758779],[3.338886516530347,6.474180790315507],[3.315253431522197,6.460075338769328],[3.3216161851782373,6.495338967634775],[3.322525149986243,6.501510102686229],[3.365246495962514,6.517378735675679]]]}},{"type":"Feature","id":"garun-malam","properties":{"id":"garun-malam","name":"Garun Malam","parentId":"kano","level":"lga"},"geometry":{"type":"Polygon","coordinates":[[[8.379096376922321,11.757553985081136],[8.45908528002683,11.73815898920514],[8.47181078733891,11.717000811885871],[8.432725300594662,11.68526354590697],[8.455449420794807,11.638539237660252],[8.445450807906743,11.597986064464987],[8.462721139258853,11.556551300548087],[8.433634265402668,11.576827887145718],[8.404547391546483,11.575064705702447],[8.335466066138045,11.670276503639155],[8.331830206906023,11.727579900545507],[8.379096376922321,11.757553985081136]]]}},{"type":"Feature","id":"offa","properties":{"id":"offa","name":"Offa","parentId":"kwara","level":"lga"},"geometry":{"type":"Polygon","coordinates":[[[4.650522734482668,8.162427022248792],[4.694153045266945,8.217085646990235],[4.723239919123129,8.193282697506058],[4.727784743163157,8.1236370304968],[4.6841544323788815,8.124518621218437],[4.650522734482668,8.162427022248792]]]}},{"type":"Feature","id":"shomolu","properties":{"id":"shomolu","name":"Shomolu","parentId":"lagos","level":"lga"},"geometry":{"type":"Polygon","coordinates":[[[3.399787158666733,6.523549870727133],[3.3670644255785254,6.524431461448769],[3.3670644255785254,6.5588134995925795],[3.399787158666733,6.539418503716584],[3.399787158666733,6.523549870727133]]]}},{"type":"Feature","id":"makoda","properties":{"id":"makoda","name":"Makoda","parentId":"kano","level":"lga"},"geometry":{"type":"Polygon","coordinates":[[[8.514532133315182,12.25741592424885],[8.484536294650992,12.260942287135396],[8.433634265402668,12.357035675793739],[8.365461904802237,12.431970887132815],[8.458176315218823,12.587130854140781],[8.53180246466729,12.600354714965324],[8.5490727960194,12.551867225275334],[8.548163831211395,12.48574792115262],[8.490899048307032,12.48398473970935],[8.449995631946772,12.513958824244979],[8.445450807906743,12.445194747957357],[8.484536294650992,12.445194747957357],[8.490899048307032,12.390536123215913],[8.526348675819257,12.387009760329368],[8.56634312737151,12.351746131463921],[8.598156895651712,12.26006069641376],[8.545436936787377,12.281218873733026],[8.514532133315182,12.25741592424885]]]}},{"type":"Feature","id":"rimin-gado","properties":{"id":"rimin-gado","name":"Rimin Gado","parentId":"kano","level":"lga"},"geometry":{"type":"Polygon","coordinates":[[[8.281837142465704,11.82102851703894],[8.261839916689578,11.87216077889384],[8.141856562032817,11.992938707757997],[8.247296479761486,12.021149610850355],[8.320922629209953,11.958556669614186],[8.404547391546483,11.931227357243465],[8.406365321162495,11.905661226316013],[8.281837142465704,11.82102851703894]]]}},{"type":"Feature","id":"yusufari","properties":{"id":"yusufari","name":"Yusufari","parentId":"yobe","level":"lga"},"geometry":{"type":"Polygon","coordinates":[[[10.26065352949426,13.088755974751768],[10.17884669677374,13.16457277681248],[10.218841148325994,13.243915941759736],[10.224294937174028,13.28006116134682],[10.46426164648755,13.318851153098812],[10.644236678472693,13.374391368561891],[10.749676596201361,13.38849682010807],[10.835119288153903,13.386733638664797],[10.93237852261052,13.369101824232073],[11.021457073795085,13.376154550005163],[11.105990800939622,13.360285917015712],[11.333232002941063,13.379680912891708],[11.320506495628983,13.34706205619117],[11.34686647506115,13.263310937635731],[11.323233390053,13.244797532481373],[11.360500947181237,13.166335958255752],[11.425946413357652,13.144296190214847],[11.445943639133779,13.072005751040681],[11.445034674325774,13.020873489185783],[11.434127096629704,12.983846678877063],[11.258696888684591,12.951227822176524],[11.205976929820256,12.965333273722703],[11.194160387316181,12.987373041763608],[11.108717695363639,12.960043729392886],[11.027819827451125,12.982965088155426],[10.97964469262682,12.956517366506342],[10.910563367218382,12.965333273722703],[10.877840634130175,13.032334168567052],[10.88965717663425,13.079940067535407],[10.933287487418527,13.106387789184492],[10.923288874530463,13.18308618196684],[10.797851731025668,13.158401641761026],[10.761493138705436,13.122256422173944],[10.716953863113154,13.046439620113231],[10.622421523080554,13.027926214958873],[10.564247775368186,13.035860531453597],[10.536069866320005,13.061426662381047],[10.469715435335585,13.029689396402144],[10.428812018975325,13.042031666505052],[10.393362391463102,13.090519156195041],[10.438810631863388,13.124019603617215],[10.431538913399343,13.154875278874481],[10.346096221446802,13.109914152071036],[10.26065352949426,13.088755974751768]]]}},{"type":"Feature","id":"bassa","properties":{"id":"bassa","name":"Bassa","parentId":"kogi","level":"lga"},"geometry":{"type":"Polygon","coordinates":[[[7.4455895191004,8.046938637714453],[7.350148214259795,7.899712987201211],[7.349239249451788,7.84681754390304],[7.2910655017394195,7.776290286172145],[7.206531774594884,7.785106193388508],[7.1083635753302605,7.693420758338345],[7.020193988953702,7.703999846997979],[6.949294733929252,7.642288496483446],[6.841127921776565,7.601735323288182],[6.821130696000438,7.570879648030916],[6.7993155406082995,7.483602166588934],[6.812950012728386,7.452746491331667],[6.784772103680208,7.443930584115305],[6.754776265016018,7.480075803702389],[6.7075100949997175,7.48448375731057],[6.699329411727666,7.589393053185275],[6.744777652127954,7.670499399575803],[6.757503159440034,7.750724155244696],[6.769319701944109,7.800093235656322],[6.849308605048616,7.849462316067948],[6.963838170857343,7.879436400603579],[7.072913947818035,7.942910932561384],[7.253797944611183,8.01520137173555],[7.305608938667511,8.027543641838456],[7.4455895191004,8.046938637714453]]]}},{"type":"Feature","id":"jahun","properties":{"id":"jahun","name":"Jahun","parentId":"jigawa","level":"lga"},"geometry":{"type":"Polygon","coordinates":[[[9.318965988400285,12.057294830437439],[9.319874953208291,12.10049277579761],[9.348961827064475,12.118124590230334],[9.336236319752395,12.165730489198687],[9.406226609968838,12.194822983012681],[9.46167346325719,12.182480712909776],[9.531663753473634,12.208046843837224],[9.60983472696213,12.138401176827966],[9.653465037746408,12.131348451054876],[9.725273257578863,12.146335493322692],[9.769812533171145,12.12605890672506],[9.782538040483226,12.125177316003423],[9.809806984723398,11.964727804665639],[9.737998764890943,11.955911897449276],[9.677098122754558,11.9321089479651],[9.595291290034037,11.933872129408371],[9.58165681791395,11.979714846933454],[9.473490005761265,11.935635310851644],[9.453492779985138,11.912713952089103],[9.407135574776845,11.945332808789644],[9.380775595344677,12.015860066520537],[9.3371452845604,12.02643915518017],[9.318965988400285,12.057294830437439]]]}},{"type":"Feature","id":"kurfi","properties":{"id":"kurfi","name":"Kurfi","parentId":"katsina","level":"lga"},"geometry":{"type":"Polygon","coordinates":[[[7.412866786012193,12.863068750012907],[7.481039146612625,12.858660796404726],[7.47558535776459,12.81369966960128],[7.5092170556608036,12.804002171663281],[7.533759105476959,12.696448103623668],[7.591023888381322,12.632973571665863],[7.624655586277536,12.617986529398047],[7.615565938197479,12.565972676821513],[7.519215668548867,12.553630406718607],[7.468313639300543,12.560683132491697],[7.446498483908405,12.524537912904613],[7.40468610274014,12.52541950362625],[7.3692364752279165,12.680579470634218],[7.3983233490841,12.710553555169847],[7.401050243508118,12.781080812900742],[7.418320574860227,12.811936488158008],[7.412866786012193,12.863068750012907]]]}},{"type":"Feature","id":"esan-west","properties":{"id":"esan-west","name":"Esan West","parentId":"edo","level":"lga"},"geometry":{"type":"Polygon","coordinates":[[[6.167584999044292,6.824172306805071],[6.250300796572818,6.836514576907977],[6.2093973802125575,6.788908677939624],[6.220304957908627,6.764224137733811],[6.170311893468309,6.713973466600548],[6.207579450596546,6.593195537736391],[6.223031852332644,6.497983739799684],[6.163040175004264,6.497102149078048],[6.1057753920999005,6.462720110934237],[6.081233342283745,6.512970782067499],[6.073052659011692,6.5729189511387585],[6.084869201515767,6.604656217117661],[6.079415412667733,6.693696880002916],[6.012152016875306,6.773921635671808],[6.044874749963514,6.776566407836716],[6.101230568059871,6.810948445980528],[6.167584999044292,6.824172306805071]]]}},{"type":"Feature","id":"kaduna-north","properties":{"id":"kaduna-north","name":"Kaduna North","parentId":"kaduna","level":"lga"},"geometry":{"type":"Polygon","coordinates":[[[7.441044695060372,10.488063345925037],[7.411957821204187,10.560353785099203],[7.423774363708262,10.604433321181013],[7.487401900268665,10.562116966542476],[7.441044695060372,10.488063345925037]]]}},{"type":"Feature","id":"daura","properties":{"id":"daura","name":"Daura","parentId":"katsina","level":"lga"},"geometry":{"type":"Polygon","coordinates":[[[8.366370869610241,13.017347126299239],[8.346373643834115,12.98913622320688],[8.342737784602091,12.920372146919258],[8.26365784630559,12.900977151043262],[8.25093233899351,12.879818973723994],[8.22093650032932,12.962688501557794],[8.171852400697007,13.012939172691057],[8.2336620076414,13.00764962836124],[8.310015051513885,13.05613711805123],[8.341828819794086,13.06054507165941],[8.366370869610241,13.017347126299239]]]}},{"type":"Feature","id":"gassol","properties":{"id":"gassol","name":"Gassol","parentId":"taraba","level":"lga"},"geometry":{"type":"Polygon","coordinates":[[[10.891475106250262,8.8253832449192],[10.997823988786935,8.762790303683031],[11.032364651491156,8.72400031193104],[11.032364651491156,8.677276003684321],[11.11053562497965,8.63143328615924],[11.071450138235402,8.540629441830713],[11.012367425715029,8.477154909872908],[10.918744050490435,8.430430601626192],[10.862388232394077,8.361666525338569],[10.796033801409656,8.31758698925676],[10.772400716401506,8.284968132556221],[10.653326326552751,8.20915133049551],[10.608787050960467,8.226783144928234],[10.567883634600207,8.147439979980977],[10.479714048223649,8.173887701630063],[10.401543074735153,8.14655838925934],[10.331552784518708,8.145676798537705],[10.30973762912657,8.22766473564987],[10.274288001614346,8.25058609441241],[10.207933570629924,8.258520410907137],[10.146123963685532,8.238243824309503],[10.032503362684812,8.237362233587868],[9.973420650164437,8.296428811937492],[10.057954377308972,8.392522200595835],[10.105220547325272,8.48156286348109],[10.231566655638074,8.596169657293792],[10.267925247958305,8.658762598529961],[10.30973762912657,8.678157594405958],[10.383363778575037,8.683447138735776],[10.543341584784052,8.719592358322858],[10.576973282680266,8.753092805745034],[10.661507009824803,8.744276898528671],[10.673323552328878,8.726645084095948],[10.764220033129455,8.725763493374313],[10.841482041809945,8.768961438734484],[10.891475106250262,8.8253832449192]]]}},{"type":"Feature","id":"auyo","properties":{"id":"auyo","name":"Auyo","parentId":"jigawa","level":"lga"},"geometry":{"type":"Polygon","coordinates":[[[9.859800049163717,12.22303388610504],[9.820714562419468,12.305021823217205],[9.84616557704363,12.336759089196107],[9.897067606291952,12.34998295002065],[9.964331002084378,12.414339072700091],[10.027958538644782,12.440786794349176],[10.052500588460939,12.431970887132815],[10.107038476941284,12.416983844865],[10.225203901982034,12.433734068576086],[10.254290775838218,12.39141771393755],[10.195208063317844,12.327943181979744],[10.126126737909406,12.357917266515376],[10.101584688093249,12.386128169607733],[10.017050960948714,12.373785899504826],[9.968875826124409,12.318245684041747],[9.956150318812327,12.279455692289755],[9.891613817443918,12.253889561362307],[9.859800049163717,12.22303388610504]]]}},{"type":"Feature","id":"wudil","properties":{"id":"wudil","name":"Wudil","parentId":"kano","level":"lga"},"geometry":{"type":"Polygon","coordinates":[[[8.863574619589397,11.911832361367468],[8.905387000757662,11.920648268583829],[8.948108346733932,11.888029411883291],[8.88629873978954,11.80692306549276],[8.899933211909627,11.73375103559696],[8.918112508069742,11.717882402607508],[8.945381452309915,11.709066495391145],[8.960833854046014,11.657052642814612],[8.930838015381822,11.613854697454439],[8.898115282293615,11.624433786114073],[8.904478035949655,11.69231627168006],[8.847213253045291,11.728461491267142],[8.818126379189108,11.709066495391145],[8.756316772244716,11.725816719102234],[8.76813331474879,11.759317166524408],[8.820853273613125,11.798107158276402],[8.872664267669453,11.866871234564023],[8.863574619589397,11.911832361367468]]]}},{"type":"Feature","id":"ikara","properties":{"id":"ikara","name":"Ikara","parentId":"kaduna","level":"lga"},"geometry":{"type":"Polygon","coordinates":[[[8.264566811113596,11.313232261376502],[8.325467453249981,11.226836370656155],[8.433634265402668,11.226836370656155],[8.461812174450847,11.172177745914713],[8.51907695735521,11.162480247976713],[8.50635145004313,11.132506163441084],[8.479082505802957,11.113111167565087],[8.408183250778507,11.11046639540018],[8.401820497122467,11.153664340760352],[8.319104699593941,11.184520016017618],[8.31092401632189,11.127216619111266],[8.289108860929751,11.105176851070363],[8.225481324369348,11.105176851070363],[8.212755817057268,11.14044047993581],[8.15821792857692,11.115755939729997],[8.0918634975925,11.173940927357986],[8.048233186808224,11.19598069539889],[8.103680040096576,11.286784539727416],[8.064594553352327,11.296482037665413],[8.060958694120304,11.362601341788128],[8.015510453720015,11.359074978901582],[7.975516002167762,11.401391333540118],[7.95642774119964,11.467510637662834],[8.035507679496142,11.493076768590281],[8.086409708744466,11.517761308796095],[8.150037245304869,11.519524490239366],[8.143674491648829,11.419904738694479],[8.113678652984639,11.408444059313208],[8.206393063401226,11.318521805706318],[8.264566811113596,11.313232261376502]]]}},{"type":"Feature","id":"ifedore","properties":{"id":"ifedore","name":"Ifedore","parentId":"ondo","level":"lga"},"geometry":{"type":"Polygon","coordinates":[[[5.192265760054105,7.436877858342216],[5.189538865630087,7.3769296892709555],[5.212262985830232,7.314336748034787],[5.214080915446243,7.252625397520254],[5.135000977149741,7.284362663499157],[5.083189983093413,7.250862216076982],[5.0368327778851185,7.256151760406799],[5.042286566733154,7.348718786178598],[5.005927974412923,7.391916731538771],[5.005019009604917,7.413956499579675],[5.048649320389194,7.457154444939848],[5.08591687751743,7.456272854218212],[5.192265760054105,7.436877858342216]]]}},{"type":"Feature","id":"lavun","properties":{"id":"lavun","name":"Lavun","parentId":"niger","level":"lga"},"geometry":{"type":"MultiPolygon","coordinates":[[[[6.127590547492039,8.753092805745034],[6.0330582074594385,8.759263940796487],[5.928527254538776,8.742513717085398],[5.795818392569934,8.741632126363763],[5.760368765057709,8.773369392342666],[5.801272181417968,8.810396202651386],[5.812179759114038,8.85094937584665],[5.816724583154066,8.912660726361182],[5.838539738546205,8.967319351102624],[5.879443154906465,8.92676617790736],[5.961249987626983,8.917068679969363],[6.113047110563946,8.928529359350634],[6.135771230764091,8.84389665007356],[6.127590547492039,8.753092805745034]]],[[[5.5067675836241,9.140992723264953],[5.466773132071847,9.178019533573671],[5.507676548432106,9.235322930480024],[5.441322117447685,9.263533833572382],[5.411326278783495,9.355219268622545],[5.359515284727166,9.41604902841544],[5.329519446062975,9.517431961403602],[5.221352633910289,9.50861605418724],[5.138636836381765,9.528011050063235],[5.1522713085018506,9.5685642232585],[5.216807809870261,9.5685642232585],[5.255893296614508,9.589722400577768],[5.292251888934739,9.670828746968297],[5.355879425495143,9.690223742844292],[5.4313235045596215,9.802185764492087],[5.480407604191933,9.795133038718998],[5.515857231704158,9.704329194390471],[5.581302697880573,9.7025660129472],[5.6012999236567,9.67964465418466],[5.707648806193374,9.610880577897037],[5.742189468897593,9.526247868619963],[5.798545286993951,9.482168332538155],[5.8203604423860895,9.509497644908876],[5.864899717978372,9.490102649032881],[5.9121658879946715,9.50156332841415],[5.895804521450568,9.41869380058035],[5.862172823554355,9.369324720168724],[5.83308594969817,9.23355974903675],[5.830359055274153,9.171848398522219],[5.783092885257853,9.190361803676579],[5.677652967529184,9.200940892336213],[5.614934395776786,9.18330907790349],[5.576757873840544,9.155979765532766],[5.5067675836241,9.140992723264953]]]]}},{"type":"Feature","id":"dange-shuni","properties":{"id":"dange-shuni","name":"Dange Shuni","parentId":"sokoto","level":"lga"},"geometry":{"type":"Polygon","coordinates":[[[5.588574416344619,12.804002171663281],[5.649475058481006,12.768738542797834],[5.674926073105167,12.73523809537566],[5.637658515976931,12.692040150015487],[5.576757873840544,12.679697879912581],[5.575848909032539,12.75110672836511],[5.532218598248262,12.784607175787286],[5.488588287463985,12.692040150015487],[5.496768970736037,12.670881972696218],[5.447684871103725,12.610052212903323],[5.374058721655258,12.620631301562957],[5.374058721655258,12.684987424242397],[5.383148369735316,12.7264221881593],[5.3222477275989295,12.76521217991129],[5.274981557582629,12.812818078879644],[5.235896070838382,12.931832826300528],[5.198628513710146,12.948583050011615],[5.247712613342457,13.005886446917968],[5.292251888934739,13.030570987123781],[5.317702903558901,12.999715311866515],[5.370422862423235,12.975912362382337],[5.398600771471414,12.997952130423242],[5.448593835911731,12.964451683001068],[5.540399281520314,12.981201906712155],[5.556760648064417,12.920372146919258],[5.542217211136325,12.866595112899452],[5.588574416344619,12.804002171663281]]]}},{"type":"Feature","id":"yewa-north","properties":{"id":"yewa-north","name":"Yewa North","parentId":"ogun","level":"lga"},"geometry":{"type":"Polygon","coordinates":[[[2.7362428488225237,7.317863110921332],[2.774419370758766,7.356653102673324],[2.841682766551193,7.334613334632419],[2.8734965348313946,7.265849258344797],[2.938033036199804,7.260559714014979],[2.9543944027439077,7.30199447793188],[2.914399951191654,7.342547651127145],[2.924398564079717,7.367232191332958],[2.995297819104167,7.341666060405508],[3.021657798536334,7.30199447793188],[3.0843763702887323,7.272901984117887],[3.0989198072168245,7.234111992365895],[3.0952839479848016,7.1679926882431815],[3.1380052939610725,7.1318474686560975],[3.1270977162650033,7.061320210925203],[3.1107363497208995,7.0295829449463],[3.061652250088588,7.026056582059756],[3.0407460595044555,6.994319316080853],[3.0516536372005247,6.944950235669227],[3.008023326416248,6.959055687215406],[2.9743916285200345,6.938779100617774],[2.9180358104236768,6.947595007834136],[2.9034923734955846,6.877949340824877],[2.8371379425111636,6.86119911711379],[2.8271393296231,6.816237990310345],[2.7916897021108755,6.86119911711379],[2.750786285750616,6.868251842886879],[2.703520115734316,6.989029771751037],[2.7371518136305295,7.024293400616483],[2.74987732094261,7.093939067625742],[2.7362428488225237,7.317863110921332]]]}},{"type":"Feature","id":"tsafe","properties":{"id":"tsafe","name":"Tsafe","parentId":"zamfara","level":"lga"},"geometry":{"type":"Polygon","coordinates":[[[7.117453223410319,12.094321640746157],[7.130178730722399,12.068755509818708],[7.148358026882514,12.032610290231624],[7.208349704210894,11.987649163428179],[7.246526226147138,11.932990538686736],[7.226529000371011,11.91359554281074],[7.141086308418469,11.910950770645831],[7.141995273226474,11.849239420131298],[7.042918109153845,11.790172841781676],[7.0174670945296835,11.815738972709124],[6.910209247185003,11.785764888173494],[6.886576162176853,11.761080347967681],[6.88112237332882,11.705540132504602],[6.854762393896651,11.642065600546797],[6.854762393896651,11.595341292300079],[6.824766555232461,11.545972211888452],[6.7920438221442545,11.541564258280271],[6.7138728486557575,11.594459701578444],[6.722962496735816,11.671158094360791],[6.682059080375556,11.714356039720963],[6.703874235767694,11.826318061368758],[6.6647887490234465,11.895082137656381],[6.740232828087926,11.949740762397823],[6.745686616935959,11.999991433531086],[6.805678294264341,12.002636205695994],[6.826584484848473,12.07757141703507],[6.885667197368848,12.104900729405792],[6.966565065281362,12.066992328375434],[7.000196763177575,12.096966412911065],[7.055643616465925,12.086387324251431],[7.117453223410319,12.094321640746157]]]}},{"type":"Feature","id":"ekiti","properties":{"id":"ekiti","name":"Ekiti","parentId":"kwara","level":"lga"},"geometry":{"type":"Polygon","coordinates":[[[5.365878038383206,8.091899764517898],[5.360424249535171,8.038122730498092],[5.332246340486993,8.009911827405734],[5.248621578150463,8.019609325343731],[5.195901619286127,8.017846143900458],[5.162269921389914,8.04958340987936],[5.2249884931423125,8.144795207816069],[5.367695967999218,8.180058836681516],[5.4322324693676265,8.187111562454605],[5.457683483991788,8.206506558330602],[5.53676342228829,8.205624967608966],[5.53676342228829,8.15625588719734],[5.497677935544042,8.110413169672258],[5.387693193775345,8.102478853177532],[5.365878038383206,8.091899764517898]]]}},{"type":"Feature","id":"zuru","properties":{"id":"zuru","name":"Zuru","parentId":"kebbi","level":"lga"},"geometry":{"type":"Polygon","coordinates":[[[5.4140531732075114,11.402272924261755],[5.370422862423235,11.404917696426665],[5.333155305294999,11.356430206736674],[5.2495305429584675,11.309705898489955],[5.233169176414364,11.218020463439792],[5.071373440589338,11.23741545931579],[5.045922425965177,11.272679088181237],[5.005019009604917,11.257692045913423],[4.988657643060813,11.313232261376502],[5.010472798452952,11.332627257252497],[5.112276856949597,11.343206345912131],[5.142272695613787,11.394338607767029],[5.139545801189771,11.504537447971552],[5.1704506046619665,11.55566970982645],[5.268618803926589,11.53274835106391],[5.300432572206791,11.560077663434631],[5.36951389761523,11.55126175621827],[5.460410378415806,11.672921275804063],[5.514039302088146,11.664986959309337],[5.496768970736037,11.612973106732802],[5.515857231704158,11.557432891269723],[5.508585513240112,11.487787224260465],[5.481316568999938,11.46839222838447],[5.40587248993546,11.451642004673381],[5.4140531732075114,11.402272924261755]]]}},{"type":"Feature","id":"yagba-west","properties":{"id":"yagba-west","name":"Yagba West","parentId":"kogi","level":"lga"},"geometry":{"type":"Polygon","coordinates":[[[5.324065657214941,8.333455622246213],[5.342244953375056,8.374890386163113],[5.44677590629572,8.479799682037818],[5.503131724392077,8.53445830677926],[5.52403791497621,8.537103078944169],[5.643112304824966,8.46304945832673],[5.688560545225253,8.452470369667097],[5.701286052537334,8.292902449050947],[5.644930234440976,8.187993153176242],[5.633113691936901,8.120992258331892],[5.644021269632971,8.074267950085174],[5.576757873840544,8.071623177920266],[5.504040689200083,8.023135688230276],[5.497677935544042,8.110413169672258],[5.53676342228829,8.15625588719734],[5.53676342228829,8.205624967608966],[5.457683483991788,8.206506558330602],[5.418597997247541,8.235599052144595],[5.418597997247541,8.284086541834586],[5.356788390303148,8.274389043896587],[5.324065657214941,8.333455622246213]]]}},{"type":"Feature","id":"kogi","properties":{"id":"kogi","name":"Kogi","parentId":"kogi","level":"lga"},"geometry":{"type":"Polygon","coordinates":[[[6.963838170857343,7.879436400603579],[6.849308605048616,7.849462316067948],[6.769319701944109,7.800093235656322],[6.7920438221442545,7.915581620190662],[6.779318314832173,8.045175456271181],[6.762047983480064,8.08925499235299],[6.7202356023117975,8.126281802661708],[6.691148728455614,8.182703608846424],[6.718417672695788,8.243533368639321],[6.761139018672058,8.272625862453314],[6.772046596368128,8.335218803689484],[6.807496223880351,8.342271529462574],[6.837492062544543,8.396930154204016],[6.82749344965648,8.457759913996913],[6.9411140506572,8.45864150471855],[6.9811085022094534,8.443654462450734],[6.93475129700116,8.300836765545672],[6.96474713566535,8.265573136680226],[7.002923657601592,8.166834975856974],[6.982926431825465,8.115702714002076],[6.97110988932139,8.030188414003366],[6.978381607785437,7.986108877921556],[6.952930593161275,7.918226392355571],[6.963838170857343,7.879436400603579]]]}},{"type":"Feature","id":"olamaboro","properties":{"id":"olamaboro","name":"Olamaboro","parentId":"kogi","level":"lga"},"geometry":{"type":"Polygon","coordinates":[[[7.768272025942448,7.30199447793188],[7.8009947590306545,7.292296979993882],[7.779179603638516,7.208545861438445],[7.7100982782300775,7.182979730510995],[7.642834882437651,7.158295190305183],[7.601931466077392,7.090412704739197],[7.611021114157449,7.026938172781392],[7.530123246244937,7.032227717111208],[7.501945337196757,7.069254527419929],[7.431955046980313,7.101873384120467],[7.386506806580025,7.086004751131016],[7.366509580803898,7.0401620336059345],[7.367418545611905,7.088649523295924],[7.283793783275373,7.115978835666646],[7.307426868283523,7.182979730510995],[7.330150988483668,7.207664270716808],[7.35560200310783,7.2975865243237],[7.396505419468088,7.306402431540061],[7.465586744876527,7.2905337985506105],[7.55284736644508,7.291415389272246],[7.625564551085542,7.319626292364604],[7.651015565709704,7.346955604735325],[7.727368609582188,7.3072840222616975],[7.768272025942448,7.30199447793188]]]}},{"type":"Feature","id":"odigbo","properties":{"id":"odigbo","name":"Odigbo","parentId":"ondo","level":"lga"},"geometry":{"type":"Polygon","coordinates":[[[4.867765323596046,6.586142811963302],[4.811409505499689,6.584379630520029],[4.747781968939285,6.668130749075466],[4.713241306235066,6.733368462476544],[4.633252403130559,6.7368948253630885],[4.582350373882235,6.642564618148017],[4.537811098289953,6.601129854231116],[4.491453893081658,6.508562828459318],[4.454186335953422,6.60730098928257],[4.378742256888944,6.642564618148017],[4.388740869777007,6.713091875878911],[4.421463602865215,6.762460956290537],[4.547809711178016,6.845330484124339],[4.62870757909053,6.870015024330152],[4.686881326802899,6.870015024330152],[4.8368605201238495,6.944068644947591],[4.911395634380323,6.95817409649377],[4.987748678252807,6.899107518144145],[5.0022921151809,6.791553450104532],[5.078645159053384,6.714855057322184],[5.00865486883694,6.646972571756198],[4.9268480361164215,6.66284120474565],[4.881399795716133,6.646090981034562],[4.867765323596046,6.586142811963302]]]}},{"type":"Feature","id":"agege","properties":{"id":"agege","name":"Agege","parentId":"lagos","level":"lga"},"geometry":{"type":"Polygon","coordinates":[[[3.3161623963302027,6.605537807839298],[3.3061637834421393,6.6478541624778344],[3.3370685869143353,6.626695985158566],[3.3161623963302027,6.605537807839298]]]}},{"type":"Feature","id":"kibiya","properties":{"id":"kibiya","name":"Kibiya","parentId":"kano","level":"lga"},"geometry":{"type":"Polygon","coordinates":[[[8.771769173980813,11.470155409827742],[8.717231285500468,11.407562468591571],[8.685417517220266,11.406680877869936],[8.614518262195816,11.349377480963584],[8.562707268139487,11.419023147972844],[8.622698945467867,11.486905633538829],[8.642696171243994,11.544209030445181],[8.644514100860006,11.610328334567894],[8.67178304510018,11.63413128405207],[8.753589877820698,11.628841739722255],[8.757225737052721,11.528340397455729],[8.771769173980813,11.470155409827742]]]}},{"type":"Feature","id":"isin","properties":{"id":"isin","name":"Isin","parentId":"kwara","level":"lga"},"geometry":{"type":"Polygon","coordinates":[[[4.906850810340294,8.369600841833295],[4.98502178382879,8.346679483070755],[5.1340920123417355,8.364311297503477],[5.177722323126012,8.292902449050947],[5.175904393510001,8.252349275855682],[5.239531930070404,8.254994048020592],[5.184994041590059,8.181822018124787],[5.1222754698376605,8.207388149052237],[5.0731913702053495,8.144795207816069],[5.0122907280689635,8.150084752145887],[4.925939071308415,8.226783144928234],[4.93775561381249,8.293784039772582],[4.906850810340294,8.369600841833295]]]}},{"type":"Feature","id":"sabon-gari","properties":{"id":"sabon-gari","name":"Sabon Gari","parentId":"kaduna","level":"lga"},"geometry":{"type":"Polygon","coordinates":[[[7.624655586277536,11.216257281996521],[7.696463806109991,11.212730919109976],[7.746456870550309,11.244468185088879],[7.756455483438373,11.198625467563797],[7.81281130153473,11.153664340760352],[7.772816849982476,11.136914117049265],[7.719187926310136,11.094597762410729],[7.645561776861669,11.130742981997813],[7.601931466077392,11.180112062409439],[7.624655586277536,11.216257281996521]]]}},{"type":"Feature","id":"malam-madori","properties":{"id":"malam-madori","name":"Malam Madori","parentId":"jigawa","level":"lga"},"geometry":{"type":"Polygon","coordinates":[[[9.853437295507675,12.625039255171137],[9.982510298244494,12.632973571665863],[10.050682658844927,12.65236856754186],[10.085223321549146,12.68675060568567],[10.187936344853798,12.695566512902031],[10.151577752533568,12.640026297438952],[10.179755661581746,12.605644259295142],[10.158849470997612,12.568617448986423],[10.062499201349002,12.557156769605152],[10.062499201349002,12.484866330430984],[10.027958538644782,12.440786794349176],[9.964331002084378,12.414339072700091],[9.897067606291952,12.34998295002065],[9.887977958211895,12.3755490809481],[9.934335163420188,12.411694300535181],[9.892522782251923,12.439023612905903],[9.789809758947271,12.40287839331882],[9.742543588930973,12.442549975792447],[9.797990442219323,12.488392693317529],[9.856164189931693,12.588894035584055],[9.853437295507675,12.625039255171137]]]}},{"type":"Feature","id":"lokoja","properties":{"id":"lokoja","name":"Lokoja","parentId":"kogi","level":"lga"},"geometry":{"type":"Polygon","coordinates":[[[6.113047110563946,8.441891281007461],[6.124863653068021,8.555616484098529],[6.170311893468309,8.663170552138144],[6.208488415404552,8.731934628425766],[6.267571127924926,8.738987354198855],[6.315746262749232,8.718710767601223],[6.358467608725503,8.68432872945741],[6.40846067316582,8.603222383066882],[6.452999948758103,8.448062416058914],[6.503901978006426,8.412798787193466],[6.599343282847031,8.32463971502985],[6.691148728455614,8.182703608846424],[6.7202356023117975,8.126281802661708],[6.762047983480064,8.08925499235299],[6.779318314832173,8.045175456271181],[6.7920438221442545,7.915581620190662],[6.769319701944109,7.800093235656322],[6.757503159440034,7.750724155244696],[6.710236989423734,7.786869374831779],[6.660243924983417,7.8441727717381315],[6.6166136141991405,7.859159814005946],[6.557530901678766,7.901476168644483],[6.525717133398564,7.899712987201211],[6.386645517773681,7.811553915037592],[6.344833136605416,7.808027552151048],[6.315746262749232,7.833593683078497],[6.329380734869319,7.903239350087755],[6.248482866956806,7.99668796658119],[6.220304957908627,8.068978405755358],[6.229394605988684,8.095426127404442],[6.286659388893048,8.095426127404442],[6.387554482581688,8.001977510911008],[6.445728230294057,8.035477958333182],[6.457544772798132,8.09366294596117],[6.495721294734373,8.163308612970429],[6.37846483450163,8.350205845957298],[6.3002938610131345,8.427785829461282],[6.241211148492759,8.459523095440186],[6.193036013668454,8.464812639770003],[6.113047110563946,8.441891281007461]]]}},{"type":"Feature","id":"ede-south","properties":{"id":"ede-south","name":"Ede South","parentId":"osun","level":"lga"},"geometry":{"type":"Polygon","coordinates":[[[4.508724224433768,7.599090551123274],[4.48690906904163,7.621130319164178],[4.371470538424898,7.596445778958365],[4.329658157256633,7.635235770710357],[4.336929875720679,7.668736218132532],[4.3923767290090305,7.70576302844125],[4.395103623433048,7.7304475686470635],[4.539629027905964,7.657275538751261],[4.5269035205938835,7.614077593391088],[4.508724224433768,7.599090551123274]]]}},{"type":"Feature","id":"giwa","properties":{"id":"giwa","name":"Giwa","parentId":"kaduna","level":"lga"},"geometry":{"type":"Polygon","coordinates":[[[7.618292832621496,11.277968632511055],[7.624655586277536,11.216257281996521],[7.601931466077392,11.180112062409439],[7.645561776861669,11.130742981997813],[7.638290058397622,11.091952990245819],[7.605567325309416,11.07079481292655],[7.513761879700832,11.061097314988555],[7.495582583540717,11.030241639731287],[7.52285152778089,10.970293470660028],[7.4919467243086935,10.963240744886939],[7.376508193691961,11.0134914160202],[7.352875108683811,11.010846643855292],[7.310153762707541,10.94208256756767],[7.258342768651213,10.915634845918584],[7.208349704210894,10.834528499528055],[7.2056228097868775,10.750777380972618],[7.188352478434767,10.726092840766805],[7.129269765914394,10.714632161385534],[6.995651939137545,10.795738507776063],[6.952930593161275,10.894476668599316],[6.997469868753557,10.934148251072944],[7.06746015897,10.929740297464763],[7.0965470328261855,10.885660761382955],[7.135632519570434,10.951780065505666],[7.141995273226474,11.03200482117456],[7.161992499002601,11.130742981997813],[7.201077985746849,11.153664340760352],[7.211076598634913,11.202151830450342],[7.194715232090809,11.257692045913423],[7.227437965179016,11.278850223232691],[7.289247572123408,11.284139767562507],[7.357419932723841,11.263863180964876],[7.390142665812048,11.370535658282853],[7.4728584633405735,11.37582520261267],[7.4964915483487236,11.351140662406856],[7.577389416261235,11.31587703354141],[7.618292832621496,11.277968632511055]]]}},{"type":"Feature","id":"ikole","properties":{"id":"ikole","name":"Ikole","parentId":"ekiti","level":"lga"},"geometry":{"type":"Polygon","coordinates":[[[5.644021269632971,8.074267950085174],[5.667654354641121,8.001977510911008],[5.645839199248982,7.963187519159016],[5.598573029232682,7.951726839777745],[5.623115079048838,7.843291181016495],[5.658564706561063,7.828304138748679],[5.624024043856844,7.773645514007237],[5.561305472104446,7.70135507483307],[5.5167661965121635,7.650222812978171],[5.4440490118717015,7.672262581019076],[5.4322324693676265,7.693420758338345],[5.4013276658954315,7.720750070709066],[5.4195069620555465,7.782461421223599],[5.4076904195514715,7.856515041841037],[5.445866941487713,7.873265265552125],[5.421324891671558,7.915581620190662],[5.410417313975489,7.986990468643192],[5.4195069620555465,8.027543641838456],[5.365878038383206,8.091899764517898],[5.387693193775345,8.102478853177532],[5.497677935544042,8.110413169672258],[5.504040689200083,8.023135688230276],[5.576757873840544,8.071623177920266],[5.644021269632971,8.074267950085174]]]}},{"type":"Feature","id":"kunchi","properties":{"id":"kunchi","name":"Kunchi","parentId":"kano","level":"lga"},"geometry":{"type":"Polygon","coordinates":[[[8.433634265402668,12.357035675793739],[8.385459130578363,12.345574996412468],[8.342737784602091,12.356154085072102],[8.258204057457556,12.347338177855741],[8.234570972449406,12.380838625277915],[8.18821376724111,12.346456587134105],[8.184577908009087,12.400233621153912],[8.15185517492088,12.427562933524634],[8.119132441832672,12.406404756205365],[8.108224864136604,12.416102254143363],[8.156399998960909,12.43990520362754],[8.180942048777066,12.561564723213333],[8.246387514953481,12.59418357991387],[8.288199896121746,12.599473124243689],[8.31092401632189,12.507787689193526],[8.354554327106166,12.479576786101168],[8.365461904802237,12.431970887132815],[8.433634265402668,12.357035675793739]]]}},{"type":"Feature","id":"guri","properties":{"id":"guri","name":"Guri","parentId":"jigawa","level":"lga"},"geometry":{"type":"Polygon","coordinates":[[[10.325190030862668,12.811054897436371],[10.330643819710703,12.847200117023455],[10.385181708191048,12.841028981972002],[10.436083737439372,12.817226032487826],[10.47516922418362,12.789896720117103],[10.512436781311857,12.819870804652734],[10.55879398652015,12.805765353106555],[10.584245001144312,12.711435145891484],[10.58878982518434,12.641789478882226],[10.597879473264399,12.521893140739705],[10.605151191728444,12.489274284039166],[10.512436781311857,12.468116106719897],[10.458807857639515,12.440786794349176],[10.394271356271107,12.465471334554989],[10.36336655279891,12.452247473730447],[10.310646593934576,12.528064275791158],[10.326098995670675,12.607407440738413],[10.364275517606917,12.654131748985131],[10.372456200878968,12.72818536960257],[10.351550010294835,12.774028087127652],[10.325190030862668,12.811054897436371]]]}},{"type":"Feature","id":"maru","properties":{"id":"maru","name":"Maru","parentId":"zamfara","level":"lga"},"geometry":{"type":"Polygon","coordinates":[[[6.283023529661024,12.408167937648637],[6.339379347757382,12.401115211875547],[6.398462060277756,12.372022718061555],[6.444819265486052,12.366733173731737],[6.437547547022005,12.182480712909776],[6.384827588157671,12.152506628374145],[6.35483174949348,12.039663016004713],[6.457544772798132,12.017623247963808],[6.456635807990126,11.98941234487145],[6.503901978006426,11.893318956213108],[6.431184793365965,11.81397579126585],[6.4039158491257915,11.805159884049491],[6.40209791950978,11.739922170648413],[6.457544772798132,11.601512427351533],[6.497539224350385,11.591814929413534],[6.5629846905268,11.564485617042813],[6.642973593631308,11.568011979929357],[6.7138728486557575,11.594459701578444],[6.7920438221442545,11.541564258280271],[6.824766555232461,11.545972211888452],[6.854762393896651,11.595341292300079],[6.903846493528963,11.553024937661542],[6.9011195991049465,11.492195177868645],[6.8893030566008715,11.383759519107397],[6.832947238504513,11.352022253128492],[6.8293113792724895,11.30706112632505],[6.770228666752116,11.320284987149591],[6.766592807520093,11.271797497459602],[6.702965270959689,11.23917864075906],[6.6893307988396025,11.203915011893613],[6.687512869223591,11.091952990245819],[6.656608065751395,11.052281407772192],[6.605706036503072,11.046110272720739],[6.577528127454893,11.021425732514924],[6.53298885186261,11.04787345416401],[6.436638582213999,11.007320280968747],[6.3911903418137115,11.033768002617832],[6.336652453333365,11.021425732514924],[6.266662163116921,10.965885517051845],[6.163040175004264,11.042583909834192],[6.113047110563946,11.061097314988555],[6.046692679579525,11.054044589215465],[6.015787876107329,11.137795707770902],[6.025786488995393,11.171296155193076],[6.0694167997796695,11.164243429419987],[6.1057753920999005,11.183638425295982],[6.109411251331924,11.235652277872518],[6.135771230764091,11.295600446943777],[6.190309119244437,11.33439043869577],[6.204852556172529,11.383759519107397],[6.079415412667733,11.388167472715576],[6.053964398043572,11.400509742818482],[6.0094251224512885,11.462221093333016],[5.967612741283023,11.466629046941197],[5.93398104338681,11.436654962405566],[5.84399352739424,11.433128599519023],[5.8267231960421295,11.444589278900292],[5.817633547962072,11.560077663434631],[5.829450090466147,11.591814929413534],[5.819451477578084,11.64823673559825],[5.88035211971447,11.614736288176076],[5.913074852802678,11.635894465495344],[5.973066530131058,11.63413128405207],[5.993972720715191,11.671158094360791],[6.0576002572755945,11.672039685082426],[6.162131210196257,11.614736288176076],[6.179401541548367,11.642065600546797],[6.257572515036863,11.65528946137134],[6.249391831764811,11.717000811885871],[6.28393249446903,11.78223852528695],[6.275751811196979,11.828962833533666],[6.329380734869319,11.849239420131298],[6.294840072165099,11.885384639718382],[6.264844233500909,11.880095095388565],[6.2157601338685975,11.949740762397823],[6.173038787892327,12.092558459302886],[6.113956075371952,12.132230041776513],[6.163040175004264,12.193941392291045],[6.241211148492759,12.355272494350466],[6.283023529661024,12.408167937648637]]]}},{"type":"Feature","id":"dukku","properties":{"id":"dukku","name":"Dukku","parentId":"gombe","level":"lga"},"geometry":{"type":"Polygon","coordinates":[[[10.49425748515174,10.68818443973645],[10.526980218239949,10.73667192942644],[10.568792599408214,10.810725550043879],[10.652417361744744,10.881252807774771],[10.6769594115609,10.930621888186398],[10.641509784048676,10.960595972722029],[10.669687693096854,11.039939137669286],[10.738769018505293,11.100768897462181],[10.772400716401506,11.060215724266918],[10.798760695833673,11.084018673751094],[10.937832311458555,11.096360943854002],[11.008731566483005,11.149256387152171],[11.016003284947052,11.107821623235271],[11.055088771691299,11.089308218080912],[11.12144320267572,11.005557099525475],[11.102354941707599,10.933266660351308],[11.217793472324331,10.85656826756896],[11.205067965012251,10.81248873148715],[11.245062416564505,10.801028052105881],[11.172345231924043,10.660855127365728],[11.136895604411817,10.672315806746997],[10.996006059170924,10.656447173757547],[10.970555044546764,10.615012409840645],[10.931469557802515,10.620301954170463],[10.930560592994508,10.548893105717934],[10.911472332026388,10.504813569636124],[10.923288874530463,10.423707223245595],[10.873295810090147,10.384035640771966],[10.835119288153903,10.395496320153237],[10.721498687153183,10.489826527368308],[10.661507009824803,10.491589708811581],[10.61242291019249,10.556827422212658],[10.557885021712144,10.600906958294466],[10.562429845752174,10.642341722211368],[10.52879814785596,10.649394447984458],[10.49425748515174,10.68818443973645]]]}},{"type":"Feature","id":"wamakko","properties":{"id":"wamakko","name":"Wamakko","parentId":"sokoto","level":"lga"},"geometry":{"type":"Polygon","coordinates":[[[4.9641155932446575,12.930951235578892],[4.983203854212778,13.020873489185783],[5.013199692876968,13.013820763412694],[5.015926587300986,13.07905847681377],[4.98502178382879,13.084348021143587],[4.965933522860669,13.11608528712249],[5.071373440589338,13.173388684028842],[5.106823068101563,13.190138907739929],[5.135000977149741,13.249205486089553],[5.178631287934018,13.237744806708283],[5.193174724862111,13.203362768564473],[5.25771122623052,13.155756869596118],[5.2431677893024276,13.079940067535407],[5.223170563526301,13.042913257226687],[5.247712613342457,13.005886446917968],[5.198628513710146,12.948583050011615],[5.1286382234937005,12.997952130423242],[5.105914103293557,12.930951235578892],[5.057738968469252,12.9335960077438],[4.9641155932446575,12.930951235578892]]]}},{"type":"Feature","id":"oke-ero","properties":{"id":"oke-ero","name":"Oke Ero","parentId":"kwara","level":"lga"},"geometry":{"type":"Polygon","coordinates":[[[5.057738968469252,8.039885911941363],[5.055012074045234,8.04958340987936],[5.090461701557459,8.094544536682807],[5.1886299008220815,8.151847933589158],[5.184994041590059,8.181822018124787],[5.239531930070404,8.254994048020592],[5.281344311238669,8.27350745317495],[5.324065657214941,8.333455622246213],[5.356788390303148,8.274389043896587],[5.418597997247541,8.284086541834586],[5.418597997247541,8.235599052144595],[5.457683483991788,8.206506558330602],[5.4322324693676265,8.187111562454605],[5.367695967999218,8.180058836681516],[5.2249884931423125,8.144795207816069],[5.162269921389914,8.04958340987936],[5.117730645797632,8.062807270703903],[5.084098947901419,8.024017278951913],[5.057738968469252,8.039885911941363]]]}},{"type":"Feature","id":"oshodiisolo","properties":{"id":"oshodiisolo","name":"Oshodi/Isolo","parentId":"lagos","level":"lga"},"geometry":{"type":"Polygon","coordinates":[[[3.351612023842428,6.555287136706035],[3.322525149986243,6.501510102686229],[3.3216161851782373,6.495338967634775],[3.2898024168980355,6.4918126047482305],[3.2861665576660126,6.567629406808942],[3.3088906778661564,6.587905993406574],[3.351612023842428,6.555287136706035]]]}},{"type":"Feature","id":"abadam","properties":{"id":"abadam","name":"Abadam","parentId":"borno","level":"lga"},"geometry":{"type":"Polygon","coordinates":[[[13.08389822316017,13.112558924235945],[13.022088616215777,13.229810490213557],[12.994819671975606,13.310916836604086],[12.91846662810312,13.407010225262429],[12.818480499222487,13.421997267530244],[12.877563211742862,13.48547179948805],[12.927556276183179,13.496050888147684],[13.015725862559737,13.53395928917804],[13.07935339912014,13.521617019075133],[13.104804413744302,13.540130424229492],[13.181157457616788,13.537485652064584],[13.269327043993346,13.645039720104199],[13.36295041921794,13.707632661340368],[13.63382193200366,13.708514252062002],[13.761985969932471,13.52955133556986],[13.648365368931751,13.396431136602795],[13.455664829634529,13.323259106706992],[13.468390336946609,13.18308618196684],[13.400217976346177,13.128427557225397],[13.346589052673837,13.047321210834868],[13.282961516113433,13.012939172691057],[13.190247105696844,13.05613711805123],[13.133891287600488,13.106387789184492],[13.08389822316017,13.112558924235945]]]}},{"type":"Feature","id":"moba","properties":{"id":"moba","name":"Moba","parentId":"ekiti","level":"lga"},"geometry":{"type":"Polygon","coordinates":[[[5.020471411341015,7.960542746994107],[5.057738968469252,8.039885911941363],[5.084098947901419,8.024017278951913],[5.117730645797632,8.062807270703903],[5.162269921389914,8.04958340987936],[5.195901619286127,8.017846143900458],[5.248621578150463,8.019609325343731],[5.250439507766474,8.001977510911008],[5.161360956581909,7.939384569674839],[5.100460314445522,7.937621388231566],[5.020471411341015,7.960542746994107]]]}},{"type":"Feature","id":"gwagwalada","properties":{"id":"gwagwalada","name":"Gwagwalada","parentId":"abuja-federal-capital-territory","level":"lga"},"geometry":{"type":"Polygon","coordinates":[[[7.2183483170989575,9.092505233574963],[7.219257281906964,9.063412739760969],[7.154720780538554,9.015806840792614],[7.151993886114537,8.969964123267534],[7.115635293794307,8.92676617790736],[7.105636680906244,8.913542317082818],[7.063824299737979,8.908252772753002],[7.01383123529766,8.939108448010266],[6.938387156233182,8.903844819144819],[6.8902120214088765,8.89679209337173],[6.9020285639129515,8.954977080999718],[6.866578936400726,9.041372971720065],[6.888394091792865,9.097794777904781],[6.8774865140967965,9.171848398522219],[6.90657338795298,9.196532938728032],[6.958384382009308,9.202704073779486],[7.030192601841765,9.257362698520929],[7.092002208786157,9.21063839027421],[7.179262830354711,9.144519086151497],[7.221075211522976,9.115426592337503],[7.2183483170989575,9.092505233574963]]]}},{"type":"Feature","id":"kagarko","properties":{"id":"kagarko","name":"Kagarko","parentId":"kaduna","level":"lga"},"geometry":{"type":"Polygon","coordinates":[[[7.723732750350164,9.329653137695095],[7.647379706477681,9.40899630264235],[7.541939788749012,9.386956534601447],[7.5092170556608036,9.355219268622545],[7.378326123307973,9.336705863468184],[7.333786847715691,9.341113817076366],[7.231982789219044,9.317310867592187],[7.201077985746849,9.46012856449725],[7.219257281906964,9.492747421197787],[7.251071050187166,9.520958324290145],[7.2901565369314145,9.513905598517056],[7.30833583309153,9.572972176866681],[7.433772976596325,9.593248763464313],[7.448316413524417,9.616170122226855],[7.51194395008482,9.58707762841286],[7.568299768181179,9.577380130474861],[7.648288671285686,9.626749210886487],[7.734640328046234,9.609117396453765],[7.748274800166321,9.676118291298113],[7.815538195958746,9.647907388205756],[7.83644438654288,9.691986924287566],[7.900071923103283,9.674355109854842],[7.948247057927588,9.634683527381213],[7.928249832151462,9.567682632536865],[7.955518776391635,9.461010155218887],[7.959154635623658,9.397535623261081],[7.906434676759323,9.329653137695095],[7.919160184071405,9.317310867592187],[7.87280297886311,9.289981555221466],[7.792814075758603,9.275876103675287],[7.723732750350164,9.329653137695095]]]}},{"type":"Feature","id":"abaji","properties":{"id":"abaji","name":"Abaji","parentId":"abuja-federal-capital-territory","level":"lga"},"geometry":{"type":"Polygon","coordinates":[[[6.97747264297743,8.519471264511445],[6.9811085022094534,8.443654462450734],[6.9411140506572,8.45864150471855],[6.82749344965648,8.457759913996913],[6.784772103680208,8.457759913996913],[6.7802272796401795,8.580301024304342],[6.788407962912231,9.270586559345471],[7.015649164913672,9.268823377902198],[7.030192601841765,9.257362698520929],[6.958384382009308,9.202704073779486],[6.90657338795298,9.196532938728032],[6.8774865140967965,9.171848398522219],[6.888394091792865,9.097794777904781],[6.866578936400726,9.041372971720065],[6.9020285639129515,8.954977080999718],[6.8902120214088765,8.89679209337173],[6.872032725248761,8.844778240795197],[6.8229486256164495,8.819212109867747],[6.797497610992288,8.7839484810023],[6.800224505416306,8.67286805007614],[6.832947238504513,8.582064205747614],[6.869305830824745,8.583827387190887],[6.9202078600730665,8.542392623273987],[6.97747264297743,8.519471264511445]]]}},{"type":"Feature","id":"sardauna","properties":{"id":"sardauna","name":"Sardauna","parentId":"taraba","level":"lga"},"geometry":{"type":"Polygon","coordinates":[[[10.977826763010809,7.309928794426606],[11.023275003411097,7.32050788308624],[11.069632208619392,7.359297874838232],[11.102354941707599,7.353126739786779],[11.128714921139766,7.316981520199695],[11.130532850755777,7.209427452160082],[11.15598386537994,7.17063746040809],[11.210521753860286,7.130084287212825],[11.285056868116758,7.051622712987205],[11.288692727348781,7.022530219173211],[11.392314715461438,7.004898404740487],[11.392314715461438,7.05514907587375],[11.505935316462159,7.078952025357927],[11.565018028982534,7.070136118141565],[11.579561465910627,6.999608860410671],[11.618646952654874,7.01371431195685],[11.694091031719353,6.972279548039949],[11.637735213622996,6.944068644947591],[11.587742149182679,6.892054792371056],[11.55501941609447,6.821527534640162],[11.588651113990684,6.759816184125629],[11.55501941609447,6.654025297529287],[11.51866082377424,6.60730098928257],[11.43503606143771,6.586142811963302],[11.413220906045572,6.484759878975141],[11.34050372140511,6.440680342893332],[11.266877571956643,6.432746026398606],[11.14053146364384,6.4336276171202424],[11.11689837863569,6.444206705779877],[11.062360490155346,6.596721900622936],[11.059633595731329,6.642564618148017],[11.082357715931472,6.698104833611097],[11.018730179371069,6.7783295892799895],[10.938741276266562,6.780092770723261],[10.882385458170203,6.827698669691616],[10.865115126818093,6.922910467628323],[10.84239100661795,6.95817409649377],[10.929651628186503,7.030464535667937],[10.988734340706879,7.120386789274827],[10.998732953594942,7.2050194985519],[10.995097094362919,7.278191528447703],[10.977826763010809,7.309928794426606]]]}},{"type":"Feature","id":"shanga","properties":{"id":"shanga","name":"Shanga","parentId":"kebbi","level":"lga"},"geometry":{"type":"Polygon","coordinates":[[[4.314205755520534,10.950016884062395],[4.329658157256633,11.002030736638929],[4.304207142632471,11.105176851070363],[4.305116107440477,11.144848433543991],[4.3378388405286845,11.18187524385271],[4.46963873768952,11.148374796430534],[4.487818033849636,11.240060231480697],[4.515995942897814,11.267389543851419],[4.51690490770582,11.33879839230395],[4.5505366056020335,11.400509742818482],[4.565080042530126,11.46133950261138],[4.509633189241774,11.495721540755191],[4.590531057154287,11.53274835106391],[4.633252403130559,11.517761308796095],[4.637797227170587,11.478971317044103],[4.703242693347002,11.476326544879194],[4.775959877987464,11.399628152096847],[4.7659612650994,11.359074978901582],[4.791412279723562,11.326456122201044],[4.71233234142706,11.29736362838705],[4.703242693347002,11.228599552099428],[4.745964039323273,11.1474932057089],[4.802319857419631,11.113992758286724],[4.839587414547868,11.113992758286724],[4.908668739956306,11.082255492307823],[4.979567994980755,11.08049231086455],[4.995929361524859,11.054044589215465],[5.040468637117142,11.052281407772192],[4.950481121124571,10.998504373752386],[4.875037042060092,10.931503478908034],[4.880490830908126,10.8794896263315],[4.825952942427781,10.882134398496408],[4.693244080458939,10.919161208805129],[4.599620705234345,10.889187124269498],[4.539629027905964,10.920042799526765],[4.450550476721399,10.885660761382955],[4.381469151312961,10.880371217053137],[4.336020910912673,10.918279618083492],[4.314205755520534,10.950016884062395]]]}},{"type":"Feature","id":"birnin-gwari","properties":{"id":"birnin-gwari","name":"Birnin Gwari","parentId":"kaduna","level":"lga"},"geometry":{"type":"Polygon","coordinates":[[[6.8893030566008715,11.383759519107397],[6.961111276433327,11.359074978901582],[7.006559516833615,11.361719751066492],[7.008377446449627,11.293837265500505],[6.967474030089367,11.245349775810515],[7.025647777801735,11.209204556223431],[7.076549807050059,11.195099104677253],[7.129269765914394,11.137795707770902],[7.161992499002601,11.130742981997813],[7.141995273226474,11.03200482117456],[7.135632519570434,10.951780065505666],[7.0965470328261855,10.885660761382955],[7.06746015897,10.929740297464763],[6.997469868753557,10.934148251072944],[6.952930593161275,10.894476668599316],[6.995651939137545,10.795738507776063],[7.129269765914394,10.714632161385534],[7.104727716098237,10.556827422212658],[7.019285024145695,10.560353785099203],[7.00746848164162,10.663499899530636],[6.942023015465205,10.697881937674447],[6.916572000841043,10.750777380972618],[6.861125147552691,10.783396237673156],[6.809314153496363,10.791330554167882],[6.7193266375037926,10.643223312933003],[6.731143180007868,10.596499004686287],[6.647518417671337,10.593854232521377],[6.540260570326657,10.545366742831387],[6.523899203782553,10.594735823243013],[6.4948123299263685,10.615894000562282],[6.40209791950978,10.574459236645382],[6.383009658541659,10.54007719850157],[6.315746262749232,10.48012902943031],[6.321200051597266,10.443102219121592],[6.285750424085042,10.414009725307597],[6.254845620612846,10.42723358613214],[6.235757359644724,10.384917231493603],[6.173038787892327,10.380509277885423],[6.174856717508338,10.442220628399955],[6.158495350964234,10.500405616027944],[6.092140919979814,10.521563793347212],[6.124863653068021,10.55418265004775],[6.114865040179958,10.60531491190265],[6.137589160380102,10.679368532520087],[6.098503673635854,10.701408300560992],[6.12304572345201,10.84510758818769],[6.163040175004264,10.85656826756896],[6.164858104620275,10.892713487156044],[6.2093973802125575,10.901529394372405],[6.266662163116921,10.965885517051845],[6.336652453333365,11.021425732514924],[6.3911903418137115,11.033768002617832],[6.436638582213999,11.007320280968747],[6.53298885186261,11.04787345416401],[6.577528127454893,11.021425732514924],[6.605706036503072,11.046110272720739],[6.656608065751395,11.052281407772192],[6.687512869223591,11.091952990245819],[6.6893307988396025,11.203915011893613],[6.702965270959689,11.23917864075906],[6.766592807520093,11.271797497459602],[6.770228666752116,11.320284987149591],[6.8293113792724895,11.30706112632505],[6.832947238504513,11.352022253128492],[6.8893030566008715,11.383759519107397]]]}},{"type":"Feature","id":"ngaski","properties":{"id":"ngaski","name":"Ngaski","parentId":"kebbi","level":"lga"},"geometry":{"type":"Polygon","coordinates":[[[4.825952942427781,10.882134398496408],[4.880490830908126,10.8794896263315],[4.875037042060092,10.931503478908034],[4.950481121124571,10.998504373752386],[5.040468637117142,11.052281407772192],[5.081372053477401,10.950898474784031],[5.075918264629367,10.915634845918584],[5.0250162353810435,10.890068714991134],[5.046831390773182,10.824831001590058],[5.108640997717574,10.795738507776063],[5.101369279253529,10.761356469632252],[4.908668739956306,10.689947621179723],[4.894125303028213,10.706697844890808],[4.825952942427781,10.708461026334081],[4.795957103763591,10.629117861386824],[4.8241350128117695,10.594735823243013],[4.818681223963734,10.507458341801033],[4.853221886667954,10.460734033554314],[4.932301824964456,10.439575856235045],[4.950481121124571,10.389325185101784],[4.946845261892548,10.285297479948714],[4.87140118282807,10.218296585104365],[4.794139174147579,10.260612939742902],[4.696879939690962,10.24033635314527],[4.646886875250645,10.205072724279823],[4.625071719858506,10.102808200570024],[4.529630415017901,10.100163428405118],[4.527812485401889,10.14336137376529],[4.567806936954144,10.222704538712545],[4.559626253682091,10.267665665515992],[4.490544928273653,10.314389973762708],[4.479637350577584,10.421062451080687],[4.509633189241774,10.534787654171755],[4.585077268306253,10.563880147985747],[4.634161367938564,10.611486046954102],[4.693244080458939,10.608841274789192],[4.749599898555296,10.585038325305016],[4.7695971243314235,10.615012409840645],[4.7268757783551525,10.654683992314276],[4.766870229907406,10.723448068601897],[4.755053687403331,10.783396237673156],[4.825952942427781,10.84951554179587],[4.825952942427781,10.882134398496408]]]}},{"type":"Feature","id":"chikun","properties":{"id":"chikun","name":"Chikun","parentId":"kaduna","level":"lga"},"geometry":{"type":"Polygon","coordinates":[[[7.51012602046881,10.194493635620187],[7.444680554292395,10.183914546960555],[7.399232313892107,10.11074251706475],[7.334695812523696,10.06049184593149],[7.253797944611183,10.03933366861222],[7.105636680906244,10.026109807787677],[7.064733264545984,10.042860031498765],[6.952021628353268,10.047267985106945],[6.9011195991049465,10.07636047892094],[6.885667197368848,10.150414099538379],[6.921116824881073,10.190967272733644],[6.954748522777287,10.19184886345528],[6.970200924513383,10.232402036650544],[7.010195376065639,10.250033851083266],[7.051098792425897,10.317034745927618],[7.020193988953702,10.354061556236337],[6.933842332193153,10.361114282009426],[6.922934754497085,10.382272459328695],[6.95383955796928,10.481892210873582],[6.912936141609022,10.538314017058298],[6.842036886584571,10.572696055202108],[6.8293113792724895,10.624709907778644],[6.802951399840323,10.643223312933003],[6.7193266375037926,10.643223312933003],[6.809314153496363,10.791330554167882],[6.861125147552691,10.783396237673156],[6.916572000841043,10.750777380972618],[6.942023015465205,10.697881937674447],[7.00746848164162,10.663499899530636],[7.019285024145695,10.560353785099203],[7.104727716098237,10.556827422212658],[7.129269765914394,10.714632161385534],[7.188352478434767,10.726092840766805],[7.212894528250924,10.69259239334463],[7.311062727515546,10.627354679943553],[7.242890366915114,10.526853337677029],[7.337422706947713,10.491589708811581],[7.378326123307973,10.489826527368308],[7.40468610274014,10.435167902626866],[7.441044695060372,10.488063345925037],[7.487401900268665,10.562116966542476],[7.601931466077392,10.587683097469924],[7.647379706477681,10.56123537582084],[7.705553454190049,10.54977469643957],[7.6982817357260025,10.51010311396594],[7.730095504006204,10.477484257265402],[7.663741073021784,10.399022683039782],[7.596477677229357,10.394614729431602],[7.603749395693404,10.309100429432892],[7.538303929516989,10.274718391289081],[7.51012602046881,10.194493635620187]]]}},{"type":"Feature","id":"yauri","properties":{"id":"yauri","name":"Yauri","parentId":"kebbi","level":"lga"},"geometry":{"type":"Polygon","coordinates":[[[4.693244080458939,10.919161208805129],[4.825952942427781,10.882134398496408],[4.825952942427781,10.84951554179587],[4.755053687403331,10.783396237673156],[4.766870229907406,10.723448068601897],[4.7268757783551525,10.654683992314276],[4.7695971243314235,10.615012409840645],[4.749599898555296,10.585038325305016],[4.693244080458939,10.608841274789192],[4.634161367938564,10.611486046954102],[4.6905171860349215,10.662618308809],[4.696879939690962,10.790448963446245],[4.7205130246991125,10.859213039733868],[4.693244080458939,10.919161208805129]]]}},{"type":"Feature","id":"kauru","properties":{"id":"kauru","name":"Kauru","parentId":"kaduna","level":"lga"},"geometry":{"type":"MultiPolygon","coordinates":[[[[8.434543230210673,9.994372541808776],[8.538165218323332,10.032280942839131],[8.610882402963792,10.001425267581865],[8.67996372837223,10.011122765519863],[8.634515487971942,9.866541887171529],[8.643605136052,9.834804621192626],[8.635424452779949,9.757224637688644],[8.599065860459717,9.72813214387465],[8.561798303331482,9.7440007768641],[8.500897661195095,9.740474413977555],[8.484536294650992,9.764277363461733],[8.513623168507175,9.829515076862808],[8.509987309275152,9.864778705728256],[8.443632878290732,9.8780025665528],[8.419999793282582,9.917674149026428],[8.434543230210673,9.994372541808776]]],[[[8.416363934050558,10.443983809843228],[8.407274285970502,10.403430636647963],[8.362735010378218,10.393733138709965],[8.330012277290011,10.354061556236337],[8.320013664401948,10.296758159329986],[8.328194347674,10.245625897475087],[8.379096376922321,10.29587656860835],[8.439088054250703,10.175980230465829],[8.486354224267002,10.131019103662382],[8.500897661195095,10.092229111910392],[8.450904596754778,10.044623212942039],[8.434543230210673,9.997898904695319],[8.35819018633819,10.028754579952587],[8.266384740729608,10.031399352117495],[8.24002476129744,10.119558424281113],[8.202757204169204,10.146887736651834],[8.117314512216662,10.28882384283526],[8.039143538728165,10.343482467576703],[8.000058051983917,10.449273354173044],[8.010965629679987,10.474839485100492],[7.8982539934872715,10.488944936646671],[7.870076084439093,10.526853337677029],[7.852805753086983,10.59561741396465],[7.889164345407215,10.677605351076815],[7.947338093119583,10.714632161385534],[8.019146312952039,10.707579435612445],[8.089136603168482,10.68113171396336],[8.177306189545043,10.680250123241724],[8.234570972449406,10.666144671695545],[8.259113022265561,10.589446278913197],[8.306379192281861,10.577104008810291],[8.320013664401948,10.493352890254855],[8.349100538258131,10.492471299533218],[8.416363934050558,10.443983809843228]]]]}},{"type":"Feature","id":"demsa","properties":{"id":"demsa","name":"Demsa","parentId":"adamawa","level":"lga"},"geometry":{"type":"Polygon","coordinates":[[[12.272192649611021,9.521839915011782],[12.34309190463547,9.446023112951071],[12.354908447139545,9.390482897487992],[12.31945881962732,9.438088796456345],[12.26582989595498,9.433680842848165],[12.231289233250761,9.369324720168724],[12.16311687265033,9.375495855220176],[12.104943124937959,9.364035175838907],[12.077674180697787,9.315547686148916],[12.018591468177412,9.272349740788744],[11.951328072384985,9.252073154191113],[11.900426043136662,9.188598622233307],[11.842252295424293,9.171848398522219],[11.826799893688195,9.20887520883094],[11.783169582903918,9.197414529449668],[11.687728278063313,9.229151795428571],[11.639553143239008,9.306731778932555],[11.63682624881499,9.348166542849455],[11.699544820567388,9.32171882120037],[11.75499167385574,9.361390403673997],[11.827708858496202,9.388719716044719],[11.86224952120042,9.446904703672708],[11.93951152988091,9.406351530477444],[12.002230101633309,9.432799252126529],[12.027681116257469,9.427509707796712],[12.071311427041746,9.62586762016485],[12.10676105455397,9.647025797484119],[12.227653374018738,9.655841704700482],[12.22947130363475,9.59148558202104],[12.272192649611021,9.521839915011782]]]}},{"type":"Feature","id":"umuahia-south","properties":{"id":"umuahia-south","name":"Umuahia South","parentId":"abia","level":"lga"},"geometry":{"type":"Polygon","coordinates":[[[7.52921428143693,5.479746456309895],[7.51012602046881,5.431258966619906],[7.362873721571875,5.460351460433899],[7.38559784177202,5.503549405794072],[7.41559368043621,5.571431891360058],[7.45831502641248,5.541457806824428],[7.463768815260515,5.504430996515708],[7.51012602046881,5.502667815072436],[7.52921428143693,5.479746456309895]]]}},{"type":"Feature","id":"obokun","properties":{"id":"obokun","name":"Obokun","parentId":"osun","level":"lga"},"geometry":{"type":"Polygon","coordinates":[[[4.747781968939285,7.679315306792166],[4.71233234142706,7.67138099029744],[4.663248241794749,7.688131214008527],[4.645977910442639,7.736618703698517],[4.610528282930414,7.7524873366879685],[4.606892423698391,7.786869374831779],[4.660521347370731,7.784224602666871],[4.664157206602754,7.8415279995732226],[4.671428925066801,7.859159814005946],[4.700515798922985,7.838001636686678],[4.744146109707262,7.885607535655032],[4.770506089139429,7.862686176892491],[4.84322327377989,7.863567767614127],[4.865038429172029,7.8415279995732226],[4.922303212076392,7.861804586170855],[4.915940458420351,7.8027380078212305],[4.886853584564167,7.6898943954518],[4.801410892611625,7.737500294420153],[4.747781968939285,7.679315306792166]]]}},{"type":"Feature","id":"owerri-west","properties":{"id":"owerri-west","name":"Owerri West","parentId":"imo","level":"lga"},"geometry":{"type":"Polygon","coordinates":[[[7.035646390689799,5.328112852188473],[7.026556742609742,5.288441269714844],[6.982017467017458,5.341336713013015],[6.9865622910574885,5.3757187511568265],[6.939296121041188,5.398640109919366],[6.93020647296113,5.4427196460011755],[6.885667197368848,5.503549405794072],[6.929297508153125,5.542339397546064],[6.969291959705378,5.560852802700424],[7.006559516833615,5.541457806824428],[7.009286411257632,5.525589173834977],[6.979290572593442,5.492088726412802],[7.00110572798558,5.436548510949723],[7.04200914434584,5.447127599609357],[7.080185666282082,5.418035105795362],[7.034737425881794,5.376600341878462],[7.035646390689799,5.328112852188473]]]}},{"type":"Feature","id":"nasarawa","properties":{"id":"nasarawa","name":"Nasarawa","parentId":"nasarawa","level":"lga"},"geometry":{"type":"Polygon","coordinates":[[[7.477403287380602,8.63143328615924],[7.55284736644508,8.761908712961395],[7.657378319365744,8.740750535642126],[7.6801024395658875,8.702842134611771],[7.727368609582188,8.693144636673772],[7.760091342670394,8.717829176879587],[7.900071923103283,8.643775556262147],[8.001875981599929,8.565313982036526],[8.086409708744466,8.53005035317108],[8.147310350880852,8.469220593378182],[8.183668943201083,8.42161469440983],[8.07459316624039,8.338745166576029],[8.073684201432386,8.289376086164403],[8.043688362768194,8.253230866577319],[8.026418031416085,8.180940427403153],[8.048233186808224,8.143032026372797],[8.039143538728165,8.094544536682807],[8.012783559295999,8.080439085136629],[7.98460565024782,8.024898869673548],[7.987332544671837,7.974648198540286],[8.021873207376055,7.9446741140046555],[8.040961468344177,7.896186624314666],[7.972789107743745,7.939384569674839],[7.8673491900150765,7.986108877921556],[7.676466580333864,8.014319781013914],[7.583752169917277,8.038122730498092],[7.4455895191004,8.046938637714453],[7.305608938667511,8.027543641838456],[7.32106134040361,8.084847038744808],[7.373781299267945,8.122755439775164],[7.435590906212337,8.242651777917684],[7.437408835828348,8.2990735841024],[7.4664957096845335,8.418088331523284],[7.46285985045251,8.553853302655256],[7.435590906212337,8.586472159355795],[7.477403287380602,8.63143328615924]]]}},{"type":"Feature","id":"idemili-south","properties":{"id":"idemili-south","name":"Idemili South","parentId":"anambra","level":"lga"},"geometry":{"type":"Polygon","coordinates":[[[6.972018854129395,6.028977475889236],[6.943840945081217,6.017516796507966],[6.915663036033038,6.052780425373412],[6.875668584480785,6.055425197538321],[6.821130696000438,6.042201336713778],[6.777500385216161,6.056306788259957],[6.812950012728386,6.093333598568677],[6.854762393896651,6.075701784135953],[6.903846493528963,6.0995047336201305],[6.963838170857343,6.093333598568677],[6.972018854129395,6.028977475889236]]]}},{"type":"Feature","id":"aba-north","properties":{"id":"aba-north","name":"Aba North","parentId":"abia","level":"lga"},"geometry":{"type":"Polygon","coordinates":[[[7.392869560236065,5.075977905800524],[7.37923508811598,5.081267450130341],[7.324697199635633,5.09096494806834],[7.36832751041991,5.140334028479966],[7.3946874898520765,5.117412669717425],[7.392869560236065,5.075977905800524]]]}},{"type":"Feature","id":"odeda","properties":{"id":"odeda","name":"Odeda","parentId":"ogun","level":"lga"},"geometry":{"type":"Polygon","coordinates":[[[3.1698190622412743,7.373403326384411],[3.257079683809828,7.363705828446413],[3.3061637834421393,7.314336748034787],[3.3861526865466467,7.401614229476769],[3.3988781938587276,7.443930584115305],[3.4461443638750273,7.494181255248567],[3.459778835995114,7.450101719166758],[3.497955357931356,7.394561503703679],[3.546130492755662,7.440404221228761],[3.7070172637726824,7.44745694700185],[3.7197427710847633,7.38750877793059],[3.714288982236728,7.304639250096789],[3.7361041376288666,7.301112887210245],[3.7624641170610342,7.242927899582256],[3.712471052620717,7.225296085149532],[3.6715676362604572,7.183861321232632],[3.5434035983316443,7.180334958346087],[3.482502956195258,7.192677228448994],[3.408876806746791,7.159176781026819],[3.354338918266445,7.234111992365895],[3.3161623963302027,7.220888131541352],[3.314344466714191,7.252625397520254],[3.2625334726578625,7.252625397520254],[3.216176267449568,7.278191528447703],[3.1698190622412743,7.373403326384411]]]}},{"type":"Feature","id":"ijebu-east","properties":{"id":"ijebu-east","name":"Ijebu East","parentId":"ogun","level":"lga"},"geometry":{"type":"Polygon","coordinates":[[[4.342383664568713,7.068372936698292],[4.3505643478407645,7.065728164533384],[4.370561573616892,7.056030666595386],[4.376015362464926,6.99520090680249],[4.424190497289232,7.002253632575579],[4.488726998657642,6.991674543915945],[4.515995942897814,7.022530219173211],[4.609619318122409,7.031346126389573],[4.56417107772212,6.996082497524126],[4.547809711178016,6.845330484124339],[4.421463602865215,6.762460956290537],[4.388740869777007,6.713091875878911],[4.378742256888944,6.642564618148017],[4.314205755520534,6.663722795467286],[4.256940972616171,6.639919845983108],[4.236034782032038,6.5782084954685764],[4.177861034319669,6.603774626396025],[4.101507990447185,6.557931908870944],[4.071512151782994,6.571155769695487],[4.054241820430885,6.615235305777295],[4.09605420159915,6.652262116086016],[4.085146623903081,6.679591428456737],[4.043334242734816,6.7562898212390845],[3.945166043470193,6.801250948042529],[3.977888776558401,6.834751395464705],[4.04242527792681,6.84973843773252],[4.072421116591,6.815356399588708],[4.091509377559122,6.897344336700874],[4.146956230847473,6.964345231545224],[4.151501054887502,6.991674543915945],[4.304207142632471,7.026938172781392],[4.342383664568713,7.068372936698292]]]}},{"type":"Feature","id":"okpokwu","properties":{"id":"okpokwu","name":"Okpokwu","parentId":"benue","level":"lga"},"geometry":{"type":"Polygon","coordinates":[[[7.89007331021522,6.834751395464705],[7.863713330783053,6.87971252226815],[7.791905110950598,6.889410020206148],[7.711916207846089,6.86119911711379],[7.6855562284139225,6.903515471752327],[7.763727201902418,7.0093063583486686],[7.772816849982476,7.090412704739197],[7.740094116894268,7.164466325356637],[7.7100982782300775,7.182979730510995],[7.779179603638516,7.208545861438445],[7.8009947590306545,7.292296979993882],[7.824627844038805,7.279954709890976],[7.829172668078833,7.192677228448994],[7.843716105006926,7.159176781026819],[7.934612585807502,7.147716101645549],[7.969153248511722,7.106281337728648],[7.9709711781277335,7.077188843914654],[8.053686975656257,6.973161138761585],[7.978242896591778,6.981977045977947],[7.938248445039525,6.966108412988495],[7.963699459663687,6.914094560411961],[7.89007331021522,6.834751395464705]]]}},{"type":"Feature","id":"shomgom","properties":{"id":"shomgom","name":"Shomgom","parentId":"gombe","level":"lga"},"geometry":{"type":"Polygon","coordinates":[[[10.968737114930752,9.615288531505218],[10.985098481474855,9.641736253154303],[10.959647466850694,9.67964465418466],[11.019639144179074,9.698158059339018],[11.101445976899594,9.680526244906295],[11.137804569219824,9.699921240782292],[11.165073513459998,9.75105350263719],[11.231427944444418,9.79248826655409],[11.247789310988521,9.930016419129334],[11.295055481004821,9.838330984079171],[11.288692727348781,9.793369857275726],[11.368681630453288,9.685815789236113],[11.412311941237565,9.657604886143755],[11.374135419301323,9.546524455217597],[11.277785149652711,9.547406045939232],[11.22688312040439,9.569445813980137],[11.150530076531904,9.550932408825776],[11.114171484211674,9.525366277898328],[11.075994962275432,9.550932408825776],[11.007822601674999,9.551813999547413],[10.977826763010809,9.574735358309955],[10.968737114930752,9.615288531505218]]]}},{"type":"Feature","id":"ado-ekiti","properties":{"id":"ado-ekiti","name":"Ado-Ekiti","parentId":"ekiti","level":"lga"},"geometry":{"type":"Polygon","coordinates":[[[5.172268534277977,7.540023972773649],[5.119548575413644,7.606143276896363],[5.113185821757603,7.636998952153629],[5.173177499085984,7.640525315040174],[5.223170563526301,7.674025762462348],[5.307704290670837,7.669617808854167],[5.366787003191212,7.678433716070529],[5.3467897774150845,7.658157129472897],[5.365878038383206,7.548839879990011],[5.3277015164469645,7.567353285144371],[5.250439507766474,7.588511462463639],[5.172268534277977,7.540023972773649]]]}},{"type":"Feature","id":"ahiazu-mbaise","properties":{"id":"ahiazu-mbaise","name":"Ahiazu-Mbaise","parentId":"imo","level":"lga"},"geometry":{"type":"Polygon","coordinates":[[[7.210167633826906,5.511483722288798],[7.211076598634913,5.599642794452416],[7.225620035563004,5.612866655276958],[7.235618648451068,5.594353250122599],[7.3028820442434945,5.6014059758956884],[7.305608938667511,5.585537342906237],[7.323788234827628,5.5432209882677],[7.2847027480833795,5.491207135691166],[7.262887592691241,5.522062810948432],[7.210167633826906,5.511483722288798]]]}},{"type":"Feature","id":"ankpa","properties":{"id":"ankpa","name":"Ankpa","parentId":"kogi","level":"lga"},"geometry":{"type":"Polygon","coordinates":[[[7.450134343140428,7.513576251124563],[7.51648877412485,7.522392158340925],[7.56557287375716,7.587629871742003],[7.555574260869097,7.643170087205082],[7.5946597476133455,7.64140690576181],[7.651924530517709,7.696065530503253],[7.752819624206349,7.708407800606159],[7.754637553822361,7.647578040813263],[7.736458257662246,7.599090551123274],[7.755546518630366,7.53032647483565],[7.763727201902418,7.433351495455671],[7.791905110950598,7.409548545971495],[7.802812688646666,7.364587419168049],[7.768272025942448,7.30199447793188],[7.727368609582188,7.3072840222616975],[7.651015565709704,7.346955604735325],[7.625564551085542,7.319626292364604],[7.55284736644508,7.291415389272246],[7.465586744876527,7.2905337985506105],[7.396505419468088,7.306402431540061],[7.378326123307973,7.375166507827683],[7.461041920836498,7.400732638755132],[7.446498483908405,7.4492201284451225],[7.450134343140428,7.513576251124563]]]}},{"type":"Feature","id":"nkwerre","properties":{"id":"nkwerre","name":"Nkwerre","parentId":"imo","level":"lga"},"geometry":{"type":"Polygon","coordinates":[[[7.113817364178296,5.811224567645099],[7.124724941874364,5.765381850120018],[7.161992499002601,5.745986854244022],[7.098364962442197,5.7292366305329345],[7.076549807050059,5.734526174862752],[7.06746015897,5.780368892387833],[7.113817364178296,5.811224567645099]]]}},{"type":"Feature","id":"apa","properties":{"id":"apa","name":"Apa","parentId":"benue","level":"lga"},"geometry":{"type":"Polygon","coordinates":[[[7.752819624206349,7.708407800606159],[7.750092729782331,7.751605745966332],[7.805539583070683,7.789514146996688],[7.860986436359035,7.793040509883233],[7.91370639522337,7.77981664905869],[7.9773339317837735,7.785106193388508],[7.974607037359757,7.741908248028334],[8.026418031416085,7.703118256276342],[8.062776623736315,7.690775986173436],[8.076411095856402,7.611432821226179],[7.9973311575599,7.5382607913303765],[7.854623682702995,7.445693765558578],[7.815538195958746,7.408666955249858],[7.791905110950598,7.409548545971495],[7.763727201902418,7.433351495455671],[7.755546518630366,7.53032647483565],[7.736458257662246,7.599090551123274],[7.754637553822361,7.647578040813263],[7.752819624206349,7.708407800606159]]]}},{"type":"Feature","id":"kwande","properties":{"id":"kwande","name":"Kwande","parentId":"benue","level":"lga"},"geometry":{"type":"Polygon","coordinates":[[[9.737998764890943,7.07807043463629],[9.645284354474356,6.894699564535965],[9.64619331928236,6.738658006806361],[9.62256023427421,6.663722795467286],[9.598018184458056,6.499746921242956],[9.525300999817594,6.430101254233698],[9.467127252105225,6.401008760419703],[9.470763111337249,6.5253130521704055],[9.368050088032597,6.629340757323474],[9.299877727432163,6.720144601652001],[9.255338451839881,6.718381420208729],[9.18443919681543,6.693696880002916],[9.172622654311356,6.7254341459818185],[9.19352884489549,6.770395272785263],[9.1635330062313,6.830343441856524],[9.188075056047454,6.871778205773424],[9.162624041423292,6.943187054225955],[9.196255739319506,6.957292505772134],[9.207163317015576,7.0040168140188515],[9.291697044160111,7.0181222655650295],[9.352597686296498,7.05514907587375],[9.35441561591251,7.083359978966108],[9.415316258048897,7.067491345976656],[9.472581040953258,7.079833616079563],[9.478034829801294,7.035754079997753],[9.5262099646256,7.033990898554482],[9.523483070201582,6.9899113624726725],[9.59892714926606,7.000490451132307],[9.625287128698227,7.041043624327571],[9.667099509866494,7.064846573811748],[9.737998764890943,7.07807043463629]]]}},{"type":"Feature","id":"ikom","properties":{"id":"ikom","name":"Ikom","parentId":"cross-river","level":"lga"},"geometry":{"type":"Polygon","coordinates":[[[8.599065860459717,5.826211609912914],[8.534529359091309,5.881751825375994],[8.497261801963072,5.8940940954789],[8.473628716954922,5.932884087230892],[8.488172153883013,5.998121800631969],[8.477264576186945,6.089807235682132],[8.426362546938622,6.2194010717626504],[8.490899048307032,6.299625827431543],[8.511805238891164,6.355166042894623],[8.527257640627262,6.385140127430253],[8.58543138833963,6.356929224337895],[8.717231285500468,6.377205810935527],[8.737228511276594,6.322547186194084],[8.79631122379697,6.281994012998819],[8.753589877820698,6.200887666608291],[8.787221575716911,6.153281767639937],[8.77904089244486,6.090688826403769],[8.799038118220986,6.065122695476319],[8.77904089244486,5.933765677952528],[8.71450439107645,5.927594542901075],[8.702687848572376,5.848251377953819],[8.599065860459717,5.826211609912914]]]}},{"type":"Feature","id":"ido-osi","properties":{"id":"ido-osi","name":"Ido-Osi","parentId":"ekiti","level":"lga"},"geometry":{"type":"Polygon","coordinates":[[[5.2495305429584675,7.882081172768487],[5.241349859686416,7.8441727717381315],[5.258620191038526,7.792158919161597],[5.194992654478122,7.763948016069239],[5.148635449269828,7.771000741842329],[5.097733420021505,7.848580725346312],[5.084098947901419,7.892660261428121],[5.100460314445522,7.937621388231566],[5.161360956581909,7.939384569674839],[5.177722323126012,7.897949805757938],[5.2186257394862725,7.9067657129743],[5.2495305429584675,7.882081172768487]]]}},{"type":"Feature","id":"ukwa-east","properties":{"id":"ukwa-east","name":"Ukwa East","parentId":"abia","level":"lga"},"geometry":{"type":"Polygon","coordinates":[[[7.538303929516989,5.101544036727974],[7.54648461278904,5.0865569944601585],[7.490128794692682,4.960489521266185],[7.477403287380602,4.907594077968014],[7.4910377595006885,4.865277723329478],[7.495582583540717,4.828250913020758],[7.416502645244215,4.86704090477275],[7.305608938667511,4.875856811989112],[7.333786847715691,4.917291575906012],[7.298337220203466,4.95696315837964],[7.351966143875806,4.994871559409996],[7.414684715628203,4.9807661078638175],[7.426501258132278,5.029253597553807],[7.482857076228637,5.028372006832171],[7.490128794692682,5.071569952192344],[7.538303929516989,5.101544036727974]]]}},{"type":"Feature","id":"ukwa-west","properties":{"id":"ukwa-west","name":"Ukwa West","parentId":"abia","level":"lga"},"geometry":{"type":"Polygon","coordinates":[[[7.183807654394739,4.949910432606551],[7.228346929987023,4.971068609925819],[7.256524839035201,5.077741087243797],[7.307426868283523,5.06539881714089],[7.282884818467368,4.9975163315749045],[7.298337220203466,4.95696315837964],[7.333786847715691,4.917291575906012],[7.305608938667511,4.875856811989112],[7.224711070754999,4.8582249975563885],[7.146540097266502,4.896133398586744],[7.183807654394739,4.949910432606551]]]}},{"type":"Feature","id":"nnewi-south","properties":{"id":"nnewi-south","name":"Nnewi South","parentId":"anambra","level":"lga"},"geometry":{"type":"Polygon","coordinates":[[[6.943840945081217,6.017516796507966],[6.972018854129395,6.028977475889236],[6.9983788335615635,6.034267020219053],[7.015649164913672,5.985779530529063],[7.052916722041909,5.949634310941979],[7.036555355497805,5.917015454241441],[6.9938340095215334,5.894975686200536],[6.899301669488935,5.91260750063326],[6.867487901208733,5.933765677952528],[6.878395478904801,5.976963623312701],[6.946567839505235,5.975200441869429],[6.943840945081217,6.017516796507966]]]}},{"type":"Feature","id":"bende","properties":{"id":"bende","name":"Bende","parentId":"abia","level":"lga"},"geometry":{"type":"Polygon","coordinates":[[[7.733731363238228,5.517654857340251],[7.7037355245740375,5.486799182082985],[7.701008630150021,5.435666920228086],[7.658287284173749,5.44624600888772],[7.571026662605195,5.503549405794072],[7.585570099533289,5.570550300638422],[7.534668070284965,5.593471659400962],[7.478312252188607,5.686038685172761],[7.54648461278904,5.674578005791491],[7.555574260869097,5.742460491357477],[7.534668070284965,5.8350275171292765],[7.551938401637075,5.843843424345637],[7.683738298797911,5.822685247026369],[7.724641715158171,5.816514111974916],[7.738276187278256,5.786540027439286],[7.712825172654096,5.7406973099142045],[7.632836269549587,5.643722330534225],[7.658287284173749,5.626972106823137],[7.707371383806061,5.641959149090953],[7.649197636093692,5.614629836720231],[7.614656973389472,5.572313482081694],[7.645561776861669,5.525589173834977],[7.733731363238228,5.517654857340251]]]}},{"type":"Feature","id":"okigwe","properties":{"id":"okigwe","name":"Okigwe","parentId":"imo","level":"lga"},"geometry":{"type":"Polygon","coordinates":[[[7.3819619825399965,5.705433681048758],[7.363782686379881,5.70014413671894],[7.3092447978995345,5.754802761460383],[7.257433803843206,5.73011822125457],[7.247435190955143,5.736289356306024],[7.280157924043351,5.757447533625292],[7.251980014995171,5.830619563521095],[7.233800718835056,5.839435470737457],[7.228346929987023,5.932884087230892],[7.261069663075229,5.939055222282345],[7.2847027480833795,5.918778635684713],[7.367418545611905,5.903791593416898],[7.390142665812048,5.8826334160976295],[7.4001412787001115,5.710723225378574],[7.3819619825399965,5.705433681048758]]]}},{"type":"Feature","id":"jamaare","properties":{"id":"jamaare","name":"Jama'Are","parentId":"bauchi","level":"lga"},"geometry":{"type":"Polygon","coordinates":[[[10.075224708661082,11.683500364463697],[10.072497814237066,11.649118326319886],[9.964331002084378,11.661460596422792],[9.937971022652212,11.612091516011166],[9.89524967667594,11.585643794362081],[9.904339324755998,11.553024937661542],[9.819805597611461,11.579472659310628],[9.827986280883515,11.69231627168006],[9.834349034539555,11.725816719102234],[9.907066219180015,11.737277398483503],[9.947969635540275,11.76813307374077],[9.974329614972442,11.746974896421502],[10.001598559212615,11.70113217889642],[10.065226095773019,11.720527174772418],[10.075224708661082,11.683500364463697]]]}},{"type":"Feature","id":"kokona","properties":{"id":"kokona","name":"Kokona","parentId":"nasarawa","level":"lga"},"geometry":{"type":"Polygon","coordinates":[[[8.070957307008367,9.154216584089495],[8.06186765892831,9.051952060379698],[8.155491034152904,9.041372971720065],[8.178215154353047,9.01933320367916],[8.1863958376251,8.95233230883481],[8.235479937257411,8.902963228423184],[8.226390289177353,8.838607105743742],[8.22093650032932,8.775132573785939],[8.18821376724111,8.757500759353213],[8.172761365505012,8.711658041828134],[8.19094066166513,8.62438056038615],[8.168216541464984,8.586472159355795],[8.18821376724111,8.543274213995623],[8.240933726105446,8.508010585130176],[8.222754429945331,8.484207635645998],[8.147310350880852,8.469220593378182],[8.086409708744466,8.53005035317108],[8.001875981599929,8.565313982036526],[7.900071923103283,8.643775556262147],[7.903707782335307,8.67992077584923],[7.935521550615508,8.723118721209403],[7.924613972919438,8.767198257291213],[7.8928002046392365,8.797172341826842],[7.893709169447243,8.901200046979913],[7.862804365975046,8.923239815020816],[7.8928002046392365,9.017570022235887],[7.946429128311577,9.061649558317697],[7.97369807255175,9.064294330482605],[8.028235961032097,9.128650453162045],[8.070957307008367,9.154216584089495]]]}},{"type":"Feature","id":"mafa","properties":{"id":"mafa","name":"Mafa","parentId":"borno","level":"lga"},"geometry":{"type":"Polygon","coordinates":[[[13.910147233637412,12.120769362395242],[13.859245204389088,12.018504838685445],[13.86742588766114,11.978833256211818],[13.851973485925043,11.901253272707834],[13.80743421033276,11.818383744874033],[13.786528019748628,11.74961966858641],[13.709266011068138,11.747856487143139],[13.585646797179352,11.650881507763158],[13.55383302889915,11.770777845905679],[13.505657894074846,11.797225567554765],[13.441121392706437,11.776067390235497],[13.393855222690137,11.737277398483503],[13.335681474977768,11.725816719102234],[13.308412530737595,11.78223852528695],[13.247511888601208,11.811331019100944],[13.224787768401065,11.845713057244755],[13.28568841053745,11.861581690234205],[13.292051164193492,11.91624031497565],[13.261146360721295,12.030847108788352],[13.19570089454488,12.083742552086523],[13.224787768401065,12.127822088168331],[13.263873255145311,12.086387324251431],[13.286597375345456,12.094321640746157],[13.26660014956933,12.198349345899226],[13.271144973609358,12.252126379919034],[13.322955967665687,12.266231831465213],[13.359314559985917,12.25741592424885],[13.402944870770193,12.21862593249686],[13.47020826656262,12.25741592424885],[13.567467501019237,12.202757299507407],[13.597463339683427,12.162204126312144],[13.653819157779786,12.137519586106329],[13.653819157779786,12.209810025280497],[13.701085327796086,12.214217978888676],[13.786528019748628,12.202757299507407],[13.870152782085158,12.173664805693413],[13.910147233637412,12.120769362395242]]]}},{"type":"Feature","id":"akko","properties":{"id":"akko","name":"Akko","parentId":"gombe","level":"lga"},"geometry":{"type":"Polygon","coordinates":[[[10.977826763010809,9.810120080986813],[10.945104029922602,9.880647338717708],[10.857843408354048,9.955582550056782],[10.71786282792116,10.049912757271855],[10.738769018505293,10.121321605724386],[10.800578625449685,10.134545466548929],[10.85511651393003,10.241217943866905],[10.863297197202083,10.268547256237628],[10.8187579216098,10.312626792319437],[10.835119288153903,10.395496320153237],[10.873295810090147,10.384035640771966],[10.931469557802515,10.355824737679608],[10.992370199938902,10.36728541706088],[11.005095707250982,10.33466656036034],[11.078721856699449,10.309982020154528],[11.12144320267572,10.310863610876165],[11.124170097099737,10.280007935618897],[11.165982478268003,10.265020893351082],[11.198705211356211,10.289705433556897],[11.199614176164216,10.207717496444731],[11.265968607148638,10.225349310877455],[11.285965832924765,10.195375226341824],[11.30414512908488,10.108097744899842],[11.330505108517047,10.07900525108585],[11.416856765277595,10.070189343869487],[11.539567014358372,10.021701854179497],[11.533204260702332,10.006714811911682],[11.486847055494039,10.019938672736224],[11.464122935293894,9.987319816035686],[11.358683017565225,10.021701854179497],[11.30414512908488,10.02787298923095],[11.273240325612683,10.002306858303502],[11.182343844812106,9.98379345314914],[11.165073513459998,9.954700959335147],[11.085084610355489,9.93795073562406],[11.04418119399523,9.836567802635898],[10.977826763010809,9.810120080986813]]]}},{"type":"Feature","id":"ushongo","properties":{"id":"ushongo","name":"Ushongo","parentId":"benue","level":"lga"},"geometry":{"type":"Polygon","coordinates":[[[9.35441561591251,7.083359978966108],[9.352597686296498,7.05514907587375],[9.291697044160111,7.0181222655650295],[9.207163317015576,7.0040168140188515],[9.196255739319506,6.957292505772134],[9.162624041423292,6.943187054225955],[9.14171785083916,6.966990003710132],[9.074454455046734,6.972279548039949],[8.996283481558237,6.96258205010195],[8.947199381925927,6.972279548039949],[8.890843563829568,7.012832721235213],[8.833578780925205,7.07807043463629],[8.835396710541216,7.121268379996463],[8.776313998020843,7.180334958346087],[8.841759464197258,7.187387684119177],[8.90356907114165,7.2764283470044315],[8.984466939054164,7.284362663499157],[9.005373129638295,7.242927899582256],[9.036277933110492,7.247335853190437],[9.103541328902919,7.209427452160082],[9.128992343527079,7.1653479160782725],[9.048094475614567,7.118623607831555],[9.016280707334365,7.072780890306474],[9.060819982926647,7.0401620336059345],[9.110813047366964,7.068372936698292],[9.148989569303206,7.05514907587375],[9.25352052222387,7.089531114017561],[9.274426712808003,7.049859531543932],[9.31351219955225,7.098347021233923],[9.35441561591251,7.083359978966108]]]}},{"type":"Feature","id":"ehime-mbano","properties":{"id":"ehime-mbano","name":"Ehime-Mbano","parentId":"imo","level":"lga"},"geometry":{"type":"Polygon","coordinates":[[[7.3028820442434945,5.6014059758956884],[7.235618648451068,5.594353250122599],[7.225620035563004,5.612866655276958],[7.224711070754999,5.6595909635236765],[7.257433803843206,5.73011822125457],[7.3092447978995345,5.754802761460383],[7.363782686379881,5.70014413671894],[7.336513742139708,5.615511427441867],[7.3028820442434945,5.6014059758956884]]]}},{"type":"Feature","id":"ideato-south","properties":{"id":"ideato-south","name":"Ideato South","parentId":"imo","level":"lga"},"geometry":{"type":"Polygon","coordinates":[[[7.161992499002601,5.745986854244022],[7.124724941874364,5.765381850120018],[7.113817364178296,5.811224567645099],[7.110181504946272,5.8297379727994585],[7.183807654394739,5.850896150118727],[7.184716619202746,5.830619563521095],[7.2056228097868775,5.771552985171471],[7.189261443242774,5.732762993419479],[7.161992499002601,5.745986854244022]]]}},{"type":"Feature","id":"ife-south","properties":{"id":"ife-south","name":"Ife South","parentId":"osun","level":"lga"},"geometry":{"type":"Polygon","coordinates":[[[4.424190497289232,7.190914047005721],[4.495089752313682,7.269375621231342],[4.490544928273653,7.314336748034787],[4.513269048473797,7.353126739786779],[4.5505366056020335,7.318744701642968],[4.6232537902424955,7.321389473807876],[4.590531057154287,7.385745596487317],[4.670519960258795,7.404259001641677],[4.665066171410761,7.384864005765682],[4.71233234142706,7.316099929478059],[4.7450550745152675,7.31345515731315],[4.735056461627204,7.284362663499157],[4.746873004131279,7.222651312984624],[4.703242693347002,7.161821553191728],[4.63507033274657,7.113334063501737],[4.616891036586455,7.084241569687744],[4.609619318122409,7.031346126389573],[4.515995942897814,7.022530219173211],[4.488726998657642,6.991674543915945],[4.424190497289232,7.002253632575579],[4.376015362464926,6.99520090680249],[4.370561573616892,7.056030666595386],[4.3505643478407645,7.065728164533384],[4.410556025169146,7.127439515047916],[4.424190497289232,7.190914047005721]]]}},{"type":"Feature","id":"oyi","properties":{"id":"oyi","name":"Oyi","parentId":"anambra","level":"lga"},"geometry":{"type":"Polygon","coordinates":[[[6.808405188688358,6.2052956202164715],[6.820221731192433,6.231743341865557],[6.878395478904801,6.250256747019917],[6.931115437769137,6.295217873823362],[6.966565065281362,6.282875603720456],[6.959293346817315,6.220282662484287],[6.8893030566008715,6.156808130526482],[6.820221731192433,6.1691504006293885],[6.808405188688358,6.2052956202164715]]]}},{"type":"Feature","id":"ekiti-south-west","properties":{"id":"ekiti-south-west","name":"Ekiti South-West","parentId":"ekiti","level":"lga"},"geometry":{"type":"Polygon","coordinates":[[[5.08591687751743,7.456272854218212],[5.048649320389194,7.457154444939848],[5.005019009604917,7.413956499579675],[4.952299050740582,7.44745694700185],[4.919576317652375,7.5215105676192895],[4.975023170940727,7.561182150092917],[5.035014848269107,7.536497609887104],[5.075918264629367,7.540905563495285],[5.083189983093413,7.615840774834361],[5.102278244061534,7.636117361431992],[5.113185821757603,7.636998952153629],[5.119548575413644,7.606143276896363],[5.172268534277977,7.540023972773649],[5.1095499625255805,7.496826027413476],[5.08591687751743,7.456272854218212]]]}},{"type":"Feature","id":"ayamelum","properties":{"id":"ayamelum","name":"Ayamelum","parentId":"anambra","level":"lga"},"geometry":{"type":"Polygon","coordinates":[[[6.939296121041188,6.7033943779409135],[6.991107115097517,6.713091875878911],[7.050189827617892,6.682236200621645],[7.129269765914394,6.659314841859105],[7.109272540138267,6.593195537736391],[7.04837189800188,6.527076233613678],[7.032919496265782,6.463601701655873],[7.032010531457777,6.4503778408313295],[6.952930593161275,6.4195221655740635],[6.892029951024888,6.411587849079337],[6.892938915832893,6.492694195469866],[6.91111821199301,6.515615554232408],[6.904755458336968,6.571155769695487],[6.942023015465205,6.622288031550385],[6.939296121041188,6.7033943779409135]]]}},{"type":"Feature","id":"aboh-mbaise","properties":{"id":"aboh-mbaise","name":"Aboh-Mbaise","parentId":"imo","level":"lga"},"geometry":{"type":"Polygon","coordinates":[[[7.210167633826906,5.511483722288798],[7.262887592691241,5.522062810948432],[7.2847027480833795,5.491207135691166],[7.291974466547426,5.403048063527548],[7.322879270019621,5.395113747032822],[7.300155149819478,5.342218303734651],[7.300155149819478,5.341336713013015],[7.259251733459218,5.324586489301928],[7.245617261339131,5.361613299610648],[7.1992600561308375,5.37483716043519],[7.237436578067079,5.440956464557903],[7.171082147082659,5.467404186206989],[7.166537323042629,5.488562363526257],[7.210167633826906,5.511483722288798]]]}},{"type":"Feature","id":"ilejemeje","properties":{"id":"ilejemeje","name":"Ilejemeje","parentId":"ekiti","level":"lga"},"geometry":{"type":"Polygon","coordinates":[[[5.250439507766474,8.001977510911008],[5.264982944694566,7.9834641057566476],[5.266800874310578,7.882962763490124],[5.2495305429584675,7.882081172768487],[5.2186257394862725,7.9067657129743],[5.177722323126012,7.897949805757938],[5.161360956581909,7.939384569674839],[5.250439507766474,8.001977510911008]]]}},{"type":"Feature","id":"mbatoli","properties":{"id":"mbatoli","name":"Mbatoli","parentId":"imo","level":"lga"},"geometry":{"type":"Polygon","coordinates":[[[7.006559516833615,5.541457806824428],[6.969291959705378,5.560852802700424],[6.954748522777287,5.626972106823137],[7.010195376065639,5.649893465585678],[7.029283637033759,5.649893465585678],[7.081094631090087,5.648130284142406],[7.161083534194596,5.6208009717716845],[7.092002208786157,5.59170847795769],[7.07836773666607,5.523825992391704],[7.006559516833615,5.541457806824428]]]}},{"type":"Feature","id":"akamkpa","properties":{"id":"akamkpa","name":"Akamkpa","parentId":"cross-river","level":"lga"},"geometry":{"type":"Polygon","coordinates":[[[8.700869918956364,5.014266555285992],[8.603610684499747,5.041595867656714],[8.514532133315182,5.022200871780718],[8.396366708274432,5.126228576933787],[8.413637039626542,5.195874243943045],[8.33455710133004,5.207334923324316],[8.265475775921601,5.244361733633035],[8.226390289177353,5.2117428769324965],[8.17367033031302,5.241716961468127],[8.161853787808944,5.30783626559084],[8.170943435889003,5.352797392394285],[8.24456958533747,5.391587384146277],[8.260021987073566,5.4453644181660845],[8.19094066166513,5.5432209882677],[8.144583456456834,5.666643689296766],[8.202757204169204,5.686038685172761],[8.296380579393798,5.73717094702766],[8.328194347674,5.7292366305329345],[8.371824658458277,5.680749140842945],[8.489990083499025,5.61022188311205],[8.574523810643562,5.642840739812589],[8.677236833948214,5.653419828472223],[8.80903673110905,5.745105263522386],[8.852667041893326,5.745105263522386],[8.8799359861335,5.6569461913587675],[8.921748367301765,5.595234840844235],[8.859938760357373,5.497378270742619],[8.831760851309195,5.330757624353381],[8.842668429005263,5.295493995487933],[8.824489132845148,5.188821518169956],[8.809945695917056,5.151794707861236],[8.747227124164658,5.098017673841429],[8.700869918956364,5.014266555285992]]]}},{"type":"Feature","id":"obi-nwga","properties":{"id":"obi-nwga","name":"Obi Nwga","parentId":"abia","level":"lga"},"geometry":{"type":"Polygon","coordinates":[[[7.532850140668954,5.1729528851805044],[7.538303929516989,5.101544036727974],[7.490128794692682,5.071569952192344],[7.482857076228637,5.028372006832171],[7.426501258132278,5.029253597553807],[7.392869560236065,5.075977905800524],[7.3946874898520765,5.117412669717425],[7.36832751041991,5.140334028479966],[7.3819619825399965,5.204690151159407],[7.4855839706526535,5.244361733633035],[7.51012602046881,5.304309902704295],[7.526487387012914,5.3034283119826595],[7.539212894324994,5.294612404766298],[7.532850140668954,5.1729528851805044]]]}},{"type":"Feature","id":"logo","properties":{"id":"logo","name":"Logo","parentId":"benue","level":"lga"},"geometry":{"type":"Polygon","coordinates":[[[9.178985407967398,7.907647303695937],[9.12444751948705,7.826540957305408],[9.129901308335086,7.787750965553416],[9.189892985663466,7.810672324315956],[9.386229384192712,7.845054362459767],[9.37804870092066,7.718105298544158],[9.447130026329098,7.7330923408119725],[9.45076588556112,7.675788943905621],[9.500758950001439,7.562063740814553],[9.520756175777565,7.547076698546738],[9.43804037824904,7.472141487207663],[9.377139736112653,7.483602166588934],[9.267154994343956,7.458917626383121],[9.22352468355968,7.511813069681291],[9.158079217383264,7.547076698546738],[9.152625428535229,7.59732736968],[9.18716609123945,7.5744060109174605],[9.23625019087176,7.5911562346285475],[9.201709528167541,7.651104403699808],[9.145353710071184,7.66432826452435],[9.01718967214237,7.8027380078212305],[8.949017311541938,7.807145961429411],[8.929929050573817,7.835356864521769],[8.960833854046014,7.93233184390175],[9.134446132375114,7.988753650086465],[9.178985407967398,7.907647303695937]]]}},{"type":"Feature","id":"guma","properties":{"id":"guma","name":"Guma","parentId":"benue","level":"lga"},"geometry":{"type":"Polygon","coordinates":[[[9.134446132375114,7.988753650086465],[8.960833854046014,7.93233184390175],[8.929929050573817,7.835356864521769],[8.949017311541938,7.807145961429411],[9.01718967214237,7.8027380078212305],[9.145353710071184,7.66432826452435],[9.201709528167541,7.651104403699808],[9.23625019087176,7.5911562346285475],[9.18716609123945,7.5744060109174605],[9.152625428535229,7.59732736968],[9.101723399286907,7.619367137720905],[9.021734496182399,7.562063740814553],[8.997192446366244,7.598208960401637],[8.979922115014134,7.679315306792166],[8.909022859989683,7.692539167616708],[8.819035343997113,7.7304475686470635],[8.77904089244486,7.690775986173436],[8.76813331474879,7.652867585143079],[8.696325094916334,7.6608019016378055],[8.703596813380381,7.702236665554706],[8.681781657988243,7.824777775862135],[8.5490727960194,7.833593683078497],[8.494534907539055,7.851225497511221],[8.449995631946772,7.845935953181403],[8.415454969242553,7.800093235656322],[8.389094989810385,7.892660261428121],[8.348191573450126,7.9279238902935685],[8.37091569365027,8.046057046992816],[8.390912919426396,8.078675903693355],[8.466356998490875,8.13950566348625],[8.51271420369917,8.15801906864061],[8.588158282763649,8.128926574826618],[8.780858822060871,8.07514954080681],[8.910840789605695,8.05663613565245],[9.025370355414422,8.062807270703903],[9.057184123694624,8.077794312971719],[9.134446132375114,7.988753650086465]]]}},{"type":"Feature","id":"ogoja","properties":{"id":"ogoja","name":"Ogoja","parentId":"cross-river","level":"lga"},"geometry":{"type":"Polygon","coordinates":[[[8.717231285500468,6.377205810935527],[8.58543138833963,6.356929224337895],[8.527257640627262,6.385140127430253],[8.511805238891164,6.355166042894623],[8.444541843098737,6.389548081038434],[8.457267350410818,6.428338072790425],[8.430907370978652,6.456548975882783],[8.519985922163215,6.437153980006787],[8.55998037371547,6.543826457324766],[8.599974825267724,6.517378735675679],[8.624516875083879,6.530602596500223],[8.66723822106015,6.5958403099013],[8.711777496652433,6.609064170725842],[8.809945695917056,6.691933698559644],[8.837214640157228,6.652262116086016],[8.835396710541216,6.600248263509481],[8.854484971509338,6.57027417897385],[8.923566296917777,6.592313947014755],[8.956289030005983,6.636393483096564],[9.016280707334365,6.552642364541127],[9.001737270406272,6.536773731551676],[8.912658719221707,6.518260326397316],[8.783585716484888,6.54735282021131],[8.762679525900756,6.464483292377508],[8.724503003964513,6.4336276171202424],[8.717231285500468,6.377205810935527]]]}},{"type":"Feature","id":"ohafia","properties":{"id":"ohafia","name":"Ohafia","parentId":"abia","level":"lga"},"geometry":{"type":"Polygon","coordinates":[[[7.89007331021522,5.685157094451125],[7.915524324839382,5.655183009915495],[7.906434676759323,5.570550300638422],[7.912797430415363,5.52470758311334],[7.824627844038805,5.506194177958981],[7.756455483438373,5.553800076927335],[7.774634779598488,5.58024779857642],[7.707371383806061,5.641959149090953],[7.658287284173749,5.626972106823137],[7.632836269549587,5.643722330534225],[7.712825172654096,5.7406973099142045],[7.738276187278256,5.786540027439286],[7.724641715158171,5.816514111974916],[7.786451322102563,5.805053432593645],[7.803721653454671,5.745105263522386],[7.89007331021522,5.685157094451125]]]}},{"type":"Feature","id":"orumba-north","properties":{"id":"orumba-north","name":"Orumba North","parentId":"anambra","level":"lga"},"geometry":{"type":"Polygon","coordinates":[[[7.150175956498526,6.228216978979012],[7.189261443242774,6.239677658360283],[7.223802105946993,6.191190168670293],[7.229255894795028,6.127715636712487],[7.271068275963293,6.079228147022498],[7.264705522307253,6.054543606816685],[7.210167633826906,6.050135653208504],[7.138359413994451,6.005174526405058],[7.086548419938122,6.043082927435415],[7.043827073961852,6.052780425373412],[7.073822912626042,6.066885876919591],[7.076549807050059,6.117136548052853],[7.151084921306532,6.17796630784575],[7.138359413994451,6.211466755267925],[7.150175956498526,6.228216978979012]]]}},{"type":"Feature","id":"ado","properties":{"id":"ado","name":"Ado","parentId":"benue","level":"lga"},"geometry":{"type":"Polygon","coordinates":[[[7.817356125574758,6.6372750738182],[7.878256767711145,6.759816184125629],[7.89007331021522,6.834751395464705],[7.963699459663687,6.914094560411961],[7.938248445039525,6.966108412988495],[7.978242896591778,6.981977045977947],[8.053686975656257,6.973161138761585],[8.16458068223296,6.986384999586128],[8.19730341532117,6.908805016082144],[8.123677265872702,6.896462745979237],[8.110042793752616,6.86119911711379],[8.118223477024667,6.800369357320894],[8.160035858192932,6.760697774847266],[8.144583456456834,6.7254341459818185],[8.09822625124854,6.706920740827458],[8.062776623736315,6.720144601652001],[8.031871820264119,6.732486871754908],[7.974607037359757,6.71132869443564],[7.987332544671837,6.610827352169115],[7.955518776391635,6.583498039798393],[7.944611198695565,6.540300094438221],[7.878256767711145,6.5614582717574885],[7.846442999430943,6.598485082066208],[7.817356125574758,6.6372750738182]]]}},{"type":"Feature","id":"toto","properties":{"id":"toto","name":"Toto","parentId":"nasarawa","level":"lga"},"geometry":{"type":"Polygon","coordinates":[[[6.9811085022094534,8.443654462450734],[7.080185666282082,8.442772871729098],[7.270159311155288,8.464812639770003],[7.365600615995893,8.487733998532544],[7.435590906212337,8.586472159355795],[7.46285985045251,8.553853302655256],[7.4664957096845335,8.418088331523284],[7.437408835828348,8.2990735841024],[7.435590906212337,8.242651777917684],[7.373781299267945,8.122755439775164],[7.32106134040361,8.084847038744808],[7.305608938667511,8.027543641838456],[7.253797944611183,8.01520137173555],[7.072913947818035,7.942910932561384],[6.963838170857343,7.879436400603579],[6.952930593161275,7.918226392355571],[6.978381607785437,7.986108877921556],[6.97110988932139,8.030188414003366],[6.982926431825465,8.115702714002076],[7.002923657601592,8.166834975856974],[6.96474713566535,8.265573136680226],[6.93475129700116,8.300836765545672],[6.9811085022094534,8.443654462450734]]]}},{"type":"Feature","id":"egbedore","properties":{"id":"egbedore","name":"Egbedore","parentId":"osun","level":"lga"},"geometry":{"type":"Polygon","coordinates":[[[4.396921553049059,7.896186624314666],[4.428735321329261,7.889133898541576],[4.455095300761428,7.828304138748679],[4.479637350577584,7.837120045965042],[4.535993168673942,7.860041404727582],[4.536902133481947,7.795685282048142],[4.481455280193595,7.746316201636516],[4.4532773711454166,7.7745271047288735],[4.4169187788251865,7.770119151120692],[4.395103623433048,7.7304475686470635],[4.3923767290090305,7.70576302844125],[4.336929875720679,7.668736218132532],[4.320568509176574,7.70135507483307],[4.3378388405286845,7.725158024317247],[4.3260222980246095,7.806264370707775],[4.371470538424898,7.848580725346312],[4.396921553049059,7.896186624314666]]]}},{"type":"Feature","id":"owerri-north","properties":{"id":"owerri-north","name":"Owerri North","parentId":"imo","level":"lga"},"geometry":{"type":"Polygon","coordinates":[[[7.009286411257632,5.525589173834977],[7.006559516833615,5.541457806824428],[7.07836773666607,5.523825992391704],[7.166537323042629,5.488562363526257],[7.171082147082659,5.467404186206989],[7.152902850922542,5.394232156311186],[7.106545645714249,5.398640109919366],[7.0656422293539904,5.343981485177924],[7.035646390689799,5.328112852188473],[7.034737425881794,5.376600341878462],[7.080185666282082,5.418035105795362],[7.04200914434584,5.447127599609357],[7.069278088586012,5.486799182082985],[7.009286411257632,5.525589173834977]]]}},{"type":"Feature","id":"idemili-north","properties":{"id":"idemili-north","name":"Idemili North","parentId":"anambra","level":"lga"},"geometry":{"type":"Polygon","coordinates":[[[6.963838170857343,6.093333598568677],[6.903846493528963,6.0995047336201305],[6.854762393896651,6.075701784135953],[6.812950012728386,6.093333598568677],[6.805678294264341,6.121544501661035],[6.820221731192433,6.1691504006293885],[6.8893030566008715,6.156808130526482],[6.95383955796928,6.15945290269139],[6.979290572593442,6.132123590320669],[6.963838170857343,6.093333598568677]]]}},{"type":"Feature","id":"isiala-ngwa-south","properties":{"id":"isiala-ngwa-south","name":"Isiala-Ngwa South","parentId":"abia","level":"lga"},"geometry":{"type":"Polygon","coordinates":[[[7.271068275963293,5.2117428769324965],[7.264705522307253,5.215269239819041],[7.300155149819478,5.341336713013015],[7.300155149819478,5.342218303734651],[7.320152375595605,5.328994442910108],[7.4455895191004,5.339573531569743],[7.51012602046881,5.304309902704295],[7.4855839706526535,5.244361733633035],[7.3819619825399965,5.204690151159407],[7.38105301773199,5.2813885439417545],[7.271068275963293,5.2117428769324965]]]}},{"type":"Feature","id":"funakaye","properties":{"id":"funakaye","name":"Funakaye","parentId":"gombe","level":"lga"},"geometry":{"type":"Polygon","coordinates":[[[11.473212583373952,11.017899369628381],[11.530477366278316,10.93502984179458],[11.538658049550367,10.851278723239144],[11.515024964542217,10.695237165509539],[11.522296683006264,10.661736718087365],[11.415038835661584,10.666144671695545],[11.345048545445138,10.615894000562282],[11.314143741972943,10.528616519120302],[11.251425170220545,10.531261291285208],[11.19234245770017,10.578867190253563],[11.172345231924043,10.660855127365728],[11.245062416564505,10.801028052105881],[11.34050372140511,10.795738507776063],[11.36413680641326,10.839818043857871],[11.345048545445138,10.871555309836776],[11.343230615829127,10.928858706743126],[11.322324425244995,10.96500392633021],[11.331414073325051,11.009083462412018],[11.378680243341352,11.039939137669286],[11.391405750653433,11.090189808802547],[11.473212583373952,11.017899369628381]]]}},{"type":"Feature","id":"katsina-ala","properties":{"id":"katsina-ala","name":"Katsina-Ala","parentId":"benue","level":"lga"},"geometry":{"type":"Polygon","coordinates":[[[9.829804210499526,7.587629871742003],[9.83980282338759,7.579695555247277],[9.884342098979872,7.508286706794746],[9.88252416936386,7.413956499579675],[9.840711788195595,7.279954709890976],[9.824350421651491,7.172400641851362],[9.737998764890943,7.07807043463629],[9.667099509866494,7.064846573811748],[9.625287128698227,7.041043624327571],[9.59892714926606,7.000490451132307],[9.523483070201582,6.9899113624726725],[9.5262099646256,7.033990898554482],[9.478034829801294,7.035754079997753],[9.472581040953258,7.079833616079563],[9.415316258048897,7.067491345976656],[9.35441561591251,7.083359978966108],[9.31351219955225,7.098347021233923],[9.273517747999996,7.178571776902815],[9.315330129168261,7.238519945974075],[9.251702592607858,7.2376383552524395],[9.257156381455893,7.2737835748395225],[9.32441977724832,7.337258106797327],[9.348961827064475,7.383100824322408],[9.43804037824904,7.472141487207663],[9.520756175777565,7.547076698546738],[9.59892714926606,7.399851048033496],[9.638012636010309,7.399851048033496],[9.765267709131116,7.32050788308624],[9.797081477411318,7.36194264700314],[9.84616557704363,7.486246938753842],[9.780720110867215,7.539142382052013],[9.829804210499526,7.587629871742003]]]}},{"type":"Feature","id":"mokwa","properties":{"id":"mokwa","name":"Mokwa","parentId":"niger","level":"lga"},"geometry":{"type":"Polygon","coordinates":[[[4.764143335483389,9.149808630481314],[4.754144722595326,9.24766520058293],[4.737783356051222,9.268823377902198],[4.639615156786599,9.308494960375826],[4.609619318122409,9.361390403673997],[4.6114372477384205,9.428391298518347],[4.571442796186166,9.495392193362697],[4.547809711178016,9.559748316042139],[4.567806936954144,9.599419898515766],[4.697788904498967,9.615288531505218],[4.823226048003764,9.553577180990686],[4.849586027435931,9.493629011919424],[4.823226048003764,9.426628117075076],[4.865947393980035,9.369324720168724],[4.9459362970845415,9.356100859344181],[5.020471411341015,9.388719716044719],[5.06864654616532,9.422220163466895],[5.185903006398064,9.468944471713613],[5.221352633910289,9.50861605418724],[5.329519446062975,9.517431961403602],[5.359515284727166,9.41604902841544],[5.411326278783495,9.355219268622545],[5.441322117447685,9.263533833572382],[5.507676548432106,9.235322930480024],[5.466773132071847,9.178019533573671],[5.5067675836241,9.140992723264953],[5.503131724392077,9.105729094399505],[5.433141434175633,9.103084322234597],[5.4140531732075114,9.081044554193692],[5.471317956111875,9.013162068627707],[5.526764809400227,8.979661621205532],[5.651292988097017,8.92676617790736],[5.722192243121467,8.916187089247726],[5.788546674105888,8.88268664182555],[5.812179759114038,8.85094937584665],[5.801272181417968,8.810396202651386],[5.760368765057709,8.773369392342666],[5.728554996777508,8.820093700589382],[5.642203340016959,8.835080742857198],[5.548579964792365,8.912660726361182],[5.512221372472135,8.944397992340084],[5.370422862423235,8.996411844916619],[5.323156692406935,8.992003891308439],[5.208627126598209,9.03520183666861],[5.159543026965897,9.106610685121142],[4.996838326332865,9.207112027387666],[4.875946006868098,9.15774294697604],[4.812318470307694,9.132176816048592],[4.764143335483389,9.149808630481314]]]}},{"type":"Feature","id":"aba-south","properties":{"id":"aba-south","name":"Aba South","parentId":"abia","level":"lga"},"geometry":{"type":"Polygon","coordinates":[[[7.324697199635633,5.09096494806834],[7.37923508811598,5.081267450130341],[7.360146827147858,5.040714276935077],[7.318334445979593,5.06539881714089],[7.324697199635633,5.09096494806834]]]}},{"type":"Feature","id":"edati","properties":{"id":"edati","name":"Edati","parentId":"niger","level":"lga"},"geometry":{"type":"Polygon","coordinates":[[[5.8376307737382,9.131295225326955],[5.80945286469002,9.046662516049881],[5.838539738546205,8.967319351102624],[5.816724583154066,8.912660726361182],[5.812179759114038,8.85094937584665],[5.788546674105888,8.88268664182555],[5.722192243121467,8.916187089247726],[5.651292988097017,8.92676617790736],[5.526764809400227,8.979661621205532],[5.471317956111875,9.013162068627707],[5.4140531732075114,9.081044554193692],[5.433141434175633,9.103084322234597],[5.503131724392077,9.105729094399505],[5.5067675836241,9.140992723264953],[5.576757873840544,9.155979765532766],[5.614934395776786,9.18330907790349],[5.677652967529184,9.200940892336213],[5.783092885257853,9.190361803676579],[5.830359055274153,9.171848398522219],[5.8376307737382,9.131295225326955]]]}},{"type":"Feature","id":"odogbolu","properties":{"id":"odogbolu","name":"Odogbolu","parentId":"ogun","level":"lga"},"geometry":{"type":"MultiPolygon","coordinates":[[[[3.9115343455739797,6.874422977938332],[3.937894325006147,6.880594112989786],[3.937894325006147,6.864725480000335],[3.9115343455739797,6.874422977938332]]],[[[3.69247382684459,6.683117791343282],[3.6815662491485206,6.758934593403993],[3.6915648620365844,6.7924350408261684],[3.7370131024368725,6.877067750103241],[3.76337308186904,6.892054792371056],[3.8288185480454553,6.867370252165243],[3.8942640142218705,6.88676524804124],[3.863359210749674,6.806540492372347],[3.9142612399979972,6.813593218145437],[3.9397122546221586,6.747473914022723],[3.904262627109934,6.721026192373637],[3.903353662301928,6.681354609900009],[3.6988365805006307,6.683999382064918],[3.69247382684459,6.683117791343282]]]]}},{"type":"Feature","id":"balanga","properties":{"id":"balanga","name":"Balanga","parentId":"gombe","level":"lga"},"geometry":{"type":"Polygon","coordinates":[[[11.775897864439871,9.706973966555381],[11.749537885007705,9.708737147998653],[11.634099354390973,9.627630801608124],[11.598649726878747,9.649670569649029],[11.563200099366522,9.604709442845584],[11.467758794525917,9.59853830779413],[11.429582272589675,9.55005081810414],[11.374135419301323,9.546524455217597],[11.412311941237565,9.657604886143755],[11.45412432240583,9.699921240782292],[11.504117386846149,9.699039650060655],[11.566835958598546,9.739592823255919],[11.574107677062592,9.863015524284984],[11.523205647814269,9.937069144902424],[11.533204260702332,10.006714811911682],[11.539567014358372,10.021701854179497],[11.597740762070742,10.067544571704579],[11.75499167385574,10.091347521188755],[11.789532336559958,10.03933366861222],[11.835889541768253,10.034044124282403],[11.822255069648167,9.969688001602961],[11.834980576960247,9.930016419129334],[11.803166808680045,9.832159849027718],[11.854977802736373,9.793369857275726],[11.775897864439871,9.706973966555381]]]}},{"type":"Feature","id":"ijebu-north-east","properties":{"id":"ijebu-north-east","name":"Ijebu North East","parentId":"ogun","level":"lga"},"geometry":{"type":"Polygon","coordinates":[[[4.091509377559122,6.897344336700874],[4.072421116591,6.815356399588708],[4.04242527792681,6.84973843773252],[3.977888776558401,6.834751395464705],[3.937894325006147,6.864725480000335],[3.937894325006147,6.880594112989786],[3.9687991284783433,6.915857741855233],[4.04878803158285,6.940542282061046],[4.091509377559122,6.897344336700874]]]}},{"type":"Feature","id":"oturkpo","properties":{"id":"oturkpo","name":"Oturkpo","parentId":"benue","level":"lga"},"geometry":{"type":"Polygon","coordinates":[[[8.053686975656257,6.973161138761585],[7.9709711781277335,7.077188843914654],[7.969153248511722,7.106281337728648],[8.07459316624039,7.1538872366970025],[8.07459316624039,7.192677228448994],[8.101862110480564,7.218243359376443],[8.019146312952039,7.331086971745874],[7.968244283703715,7.347837195456961],[7.856441612319006,7.364587419168049],[7.861895401167041,7.399851048033496],[7.815538195958746,7.408666955249858],[7.854623682702995,7.445693765558578],[7.9973311575599,7.5382607913303765],[8.076411095856402,7.611432821226179],[8.090045567976489,7.505641934629837],[8.11095175856062,7.4218908160744],[8.13458484356877,7.375166507827683],[8.220027535521313,7.2711388026746135],[8.234570972449406,7.175927004737906],[8.256386127841544,7.125676333604645],[8.235479937257411,7.044569987214116],[8.210937887441256,7.0066615861837604],[8.16458068223296,6.986384999586128],[8.053686975656257,6.973161138761585]]]}},{"type":"Feature","id":"abi","properties":{"id":"abi","name":"Abi","parentId":"cross-river","level":"lga"},"geometry":{"type":"Polygon","coordinates":[[[7.970062213319727,5.768026622284927],[7.931885691383485,5.821803656304733],[7.987332544671837,5.8852781882625385],[7.992786333519872,5.98401634908579],[8.013692524104004,5.9937138470237885],[8.052778010848252,5.985779530529063],[8.064594553352327,5.9434631758905265],[8.113678652984639,5.938173631560709],[8.047324222000217,5.836790698572548],[8.031871820264119,5.7988822975421925],[7.970062213319727,5.768026622284927]]]}},{"type":"Feature","id":"ideato-north","properties":{"id":"ideato-north","name":"Ideato North","parentId":"imo","level":"lga"},"geometry":{"type":"Polygon","coordinates":[[[7.228346929987023,5.932884087230892],[7.233800718835056,5.839435470737457],[7.2056228097868775,5.771552985171471],[7.184716619202746,5.830619563521095],[7.183807654394739,5.850896150118727],[7.110181504946272,5.8297379727994585],[7.077458771858064,5.831501154242732],[7.046553968385869,5.846488196510546],[7.035646390689799,5.9020284119736255],[7.043827073961852,5.923186589292894],[7.202895915362861,5.920541817127986],[7.228346929987023,5.932884087230892]]]}},{"type":"Feature","id":"oriade","properties":{"id":"oriade","name":"Oriade","parentId":"osun","level":"lga"},"geometry":{"type":"Polygon","coordinates":[[[5.005927974412923,7.391916731538771],[4.943209402660525,7.369876963497866],[4.845041203395902,7.375166507827683],[4.826861907235786,7.399851048033496],[4.849586027435931,7.4880101201971145],[4.820499153579746,7.568234875866007],[4.808682611075671,7.626419863493995],[4.784140561259516,7.639643724318537],[4.747781968939285,7.679315306792166],[4.801410892611625,7.737500294420153],[4.886853584564167,7.6898943954518],[4.864129464364023,7.62289350060745],[4.912304599188328,7.546195107825103],[4.919576317652375,7.5215105676192895],[4.952299050740582,7.44745694700185],[5.005019009604917,7.413956499579675],[5.005927974412923,7.391916731538771]]]}},{"type":"Feature","id":"illela","properties":{"id":"illela","name":"Illela","parentId":"sokoto","level":"lga"},"geometry":{"type":"Polygon","coordinates":[[[5.184085076782052,13.51985383763186],[5.153180273309857,13.63093426855802],[5.158634062157891,13.742896290205815],[5.204991267366186,13.735843564432725],[5.281344311238669,13.756120151030357],[5.350425636647108,13.833700134534341],[5.4195069620555465,13.85926626546179],[5.452229695143754,13.687356074742736],[5.514039302088146,13.652092445877289],[5.524946879784215,13.564814964435305],[5.488588287463985,13.57098609948676],[5.481316568999938,13.486353390209686],[5.354970460687137,13.500458841755865],[5.372240792039246,13.56834132732185],[5.323156692406935,13.616828817011841],[5.280435346430664,13.577157234538213],[5.2858891352786985,13.520735428353497],[5.184085076782052,13.51985383763186]]]}},{"type":"Feature","id":"nwangele","properties":{"id":"nwangele","name":"Nwangele","parentId":"imo","level":"lga"},"geometry":{"type":"Polygon","coordinates":[[[7.079276701474075,5.7186575418733],[7.098364962442197,5.7292366305329345],[7.161992499002601,5.745986854244022],[7.189261443242774,5.732762993419479],[7.182898689586734,5.713367997543483],[7.138359413994451,5.6684068707400375],[7.089275314362139,5.670170052183311],[7.079276701474075,5.7186575418733]]]}},{"type":"Feature","id":"ife-east","properties":{"id":"ife-east","name":"Ife East","parentId":"osun","level":"lga"},"geometry":{"type":"Polygon","coordinates":[[[4.513269048473797,7.353126739786779],[4.5450828167539985,7.420127634631129],[4.466002878457497,7.458917626383121],[4.476001491345561,7.475667850094208],[4.490544928273653,7.493299664526932],[4.57053383137816,7.489773301640387],[4.613255177354431,7.505641934629837],[4.645977910442639,7.444812174836942],[4.670519960258795,7.404259001641677],[4.590531057154287,7.385745596487317],[4.6232537902424955,7.321389473807876],[4.5505366056020335,7.318744701642968],[4.513269048473797,7.353126739786779]]]}},{"type":"Feature","id":"obanliku","properties":{"id":"obanliku","name":"Obanliku","parentId":"cross-river","level":"lga"},"geometry":{"type":"Polygon","coordinates":[[[9.18443919681543,6.693696880002916],[9.255338451839881,6.718381420208729],[9.299877727432163,6.720144601652001],[9.368050088032597,6.629340757323474],[9.470763111337249,6.5253130521704055],[9.467127252105225,6.401008760419703],[9.430768659784993,6.325191958358992],[9.363505263992568,6.326073549080629],[9.282607396080055,6.220282662484287],[9.24715776856783,6.3331262748537185],[9.297150833008146,6.374561038770619],[9.346234932640458,6.465364883099145],[9.292606008968118,6.501510102686229],[9.241703979719794,6.484759878975141],[9.19352884489549,6.509444419180954],[9.174440583927367,6.490049423304958],[9.108086152942947,6.507681237737682],[9.11172201217497,6.5614582717574885],[9.148989569303206,6.5588134995925795],[9.196255739319506,6.60289303567439],[9.204436422591558,6.659314841859105],[9.170804724695344,6.687525744951463],[9.18443919681543,6.693696880002916]]]}},{"type":"Feature","id":"onuimo","properties":{"id":"onuimo","name":"Onuimo","parentId":"imo","level":"lga"},"geometry":{"type":"Polygon","coordinates":[[[7.233800718835056,5.839435470737457],[7.251980014995171,5.830619563521095],[7.280157924043351,5.757447533625292],[7.247435190955143,5.736289356306024],[7.217439352290953,5.7071968624920295],[7.182898689586734,5.713367997543483],[7.189261443242774,5.732762993419479],[7.2056228097868775,5.771552985171471],[7.233800718835056,5.839435470737457]]]}},{"type":"Feature","id":"quaan-pan","properties":{"id":"quaan-pan","name":"Qua'An Pan","parentId":"plateau","level":"lga"},"geometry":{"type":"Polygon","coordinates":[[[8.996283481558237,8.518589673789808],[8.978104185398122,8.604985564510155],[8.891752528637575,8.732816219147402],[8.908113895181678,8.7839484810023],[8.945381452309915,8.79981711399175],[8.949926276349943,8.835962333578834],[9.02355242579841,8.865936418114465],[9.046276545998555,8.923239815020816],[9.071727560622715,8.94527958306172],[9.054457229270607,9.024622748008976],[9.079908243894769,9.028149110895521],[9.13081027314309,9.0422545624417],[9.156261287767252,9.025504338730613],[9.218979859519651,9.03343865522534],[9.27079085357598,9.112781820172595],[9.31805702359228,9.12071613666732],[9.326237706864331,9.108373866564413],[9.321692882824301,9.004346161411345],[9.355324580720515,8.94087162945354],[9.339872178984418,8.904726409866456],[9.358051475144533,8.842133468630287],[9.345325967832451,8.788356434610481],[9.350779756680486,8.739868944920492],[9.336236319752395,8.688736683065592],[9.345325967832451,8.650828282035237],[9.40168178592881,8.618209425334697],[9.353506651104503,8.512418538738356],[9.355324580720515,8.483326044924361],[9.320783918016296,8.470102184099819],[9.211708141055604,8.456878323275276],[9.175349548735374,8.46745741193491],[9.132628202759102,8.428667420182919],[9.049003440422572,8.519471264511445],[8.996283481558237,8.518589673789808]]]}},{"type":"Feature","id":"ngor-okpala","properties":{"id":"ngor-okpala","name":"Ngor-Okpala","parentId":"imo","level":"lga"},"geometry":{"type":"Polygon","coordinates":[[[7.264705522307253,5.215269239819041],[7.227437965179016,5.194992653221409],[7.122907012258352,5.216150830540677],[7.040191214729829,5.249651277962852],[7.003832622409597,5.239953780024854],[7.006559516833615,5.2646383202306675],[7.0174670945296835,5.279625362498482],[7.026556742609742,5.288441269714844],[7.035646390689799,5.328112852188473],[7.0656422293539904,5.343981485177924],[7.106545645714249,5.398640109919366],[7.152902850922542,5.394232156311186],[7.171082147082659,5.467404186206989],[7.237436578067079,5.440956464557903],[7.1992600561308375,5.37483716043519],[7.245617261339131,5.361613299610648],[7.259251733459218,5.324586489301928],[7.300155149819478,5.341336713013015],[7.264705522307253,5.215269239819041]]]}},{"type":"Feature","id":"ona-ara","properties":{"id":"ona-ara","name":"Ona Ara","parentId":"oyo","level":"lga"},"geometry":{"type":"Polygon","coordinates":[[[4.12605004026334,7.311691975869879],[4.125141075455335,7.257914941850071],[4.082419729479064,7.200611544943719],[4.0887824831351045,7.13361065009937],[3.9987949671425334,7.12655792432628],[3.9851604950224466,7.227059266592805],[3.996068072718516,7.266730849066433],[3.957891550782274,7.334613334632419],[3.9260777825020723,7.337258106797327],[3.9388032898141527,7.378692870714228],[4.004248755990568,7.346955604735325],[4.072421116591,7.3601794655598685],[4.08969144794311,7.294060161437155],[4.12605004026334,7.311691975869879]]]}},{"type":"Feature","id":"igbo-eze-north","properties":{"id":"igbo-eze-north","name":"Igbo-Eze North","parentId":"enugu","level":"lga"},"geometry":{"type":"Polygon","coordinates":[[[7.555574260869097,6.980213864534674],[7.4846750058446485,6.920265695463414],[7.440135730252365,6.933489556287957],[7.3755992288839565,6.980213864534674],[7.3510571790678,7.033109307832845],[7.366509580803898,7.0401620336059345],[7.386506806580025,7.086004751131016],[7.431955046980313,7.101873384120467],[7.501945337196757,7.069254527419929],[7.530123246244937,7.032227717111208],[7.555574260869097,6.980213864534674]]]}},{"type":"Feature","id":"oju","properties":{"id":"oju","name":"Oju","parentId":"benue","level":"lga"},"geometry":{"type":"Polygon","coordinates":[[[8.160035858192932,6.760697774847266],[8.118223477024667,6.800369357320894],[8.110042793752616,6.86119911711379],[8.123677265872702,6.896462745979237],[8.19730341532117,6.908805016082144],[8.341828819794086,6.889410020206148],[8.401820497122467,6.9467134171125],[8.432725300594662,7.005779995462124],[8.422726687706598,7.052504303708841],[8.514532133315182,7.064846573811748],[8.547254866403389,6.920265695463414],[8.53180246466729,6.883238885154695],[8.60270171969174,6.84973843773252],[8.641787206435989,6.818882762475253],[8.620881015851856,6.780974361444898],[8.578159669875586,6.765105728455446],[8.469083892914893,6.746592323301087],[8.393639813850415,6.742184369692906],[8.360917080762206,6.693696880002916],[8.294562649777786,6.6787098377351],[8.240933726105446,6.7924350408261684],[8.172761365505012,6.7730400449501715],[8.160035858192932,6.760697774847266]]]}},{"type":"Feature","id":"boluwaduro","properties":{"id":"boluwaduro","name":"Boluwaduro","parentId":"osun","level":"lga"},"geometry":{"type":"Polygon","coordinates":[[[4.84322327377989,7.863567767614127],[4.770506089139429,7.862686176892491],[4.744146109707262,7.885607535655032],[4.747781968939285,7.9499636583344735],[4.775050913179458,7.968477063488832],[4.809591575883677,7.99668796658119],[4.845950168203908,7.986990468643192],[4.893216338220208,7.934095025345021],[4.872310147636075,7.883844354211759],[4.84322327377989,7.863567767614127]]]}},{"type":"Feature","id":"shinkafi","properties":{"id":"shinkafi","name":"Shinkafi","parentId":"zamfara","level":"lga"},"geometry":{"type":"Polygon","coordinates":[[[6.404824813933797,12.947701459289979],[6.364830362381543,12.97767554382561],[6.454817878374115,12.997952130423242],[6.43209375817397,13.033215759288689],[6.351195890261457,13.018228717020873],[6.210306345020563,13.018228717020873],[6.143951914036142,13.07905847681377],[6.1912180840524424,13.101098244854676],[6.258481479844869,13.1601648232043],[6.327562805253307,13.179559819080295],[6.359376573533509,13.137243464441758],[6.403006884317786,13.129309147947033],[6.448455124718074,13.158401641761026],[6.462998561646167,13.116966877844126],[6.52026334455053,13.122256422173944],[6.529352992630587,13.052610755164686],[6.581163986686915,13.022636670629055],[6.606615001311077,13.046439620113231],[6.736596968855903,13.005886446917968],[6.747504546551971,12.935359189187073],[6.649336347287349,12.920372146919258],[6.562075725718795,12.890398062383628],[6.527535063014575,12.916845784032713],[6.464816491262178,12.924780100527439],[6.437547547022005,12.964451683001068],[6.404824813933797,12.947701459289979]]]}},{"type":"Feature","id":"orsu","properties":{"id":"orsu","name":"Orsu","parentId":"imo","level":"lga"},"geometry":{"type":"Polygon","coordinates":[[[6.9938340095215334,5.894975686200536],[7.036555355497805,5.917015454241441],[7.043827073961852,5.923186589292894],[7.035646390689799,5.9020284119736255],[7.01837605933769,5.845606605788911],[6.982017467017458,5.794474343934012],[6.927479578537113,5.806816614036919],[6.932933367385148,5.830619563521095],[6.9938340095215334,5.894975686200536]]]}},{"type":"Feature","id":"anaocha","properties":{"id":"anaocha","name":"Anaocha","parentId":"anambra","level":"lga"},"geometry":{"type":"Polygon","coordinates":[[[6.972018854129395,6.028977475889236],[6.963838170857343,6.093333598568677],[6.979290572593442,6.132123590320669],[7.016558129721679,6.168268809907753],[7.0120133056816485,6.140939497537031],[7.076549807050059,6.117136548052853],[7.073822912626042,6.066885876919591],[7.043827073961852,6.052780425373412],[6.9983788335615635,6.034267020219053],[6.972018854129395,6.028977475889236]]]}},{"type":"Feature","id":"bekwarra","properties":{"id":"bekwarra","name":"Bekwarra","parentId":"cross-river","level":"lga"},"geometry":{"type":"Polygon","coordinates":[[[8.956289030005983,6.636393483096564],[8.923566296917777,6.592313947014755],[8.854484971509338,6.57027417897385],[8.835396710541216,6.600248263509481],[8.837214640157228,6.652262116086016],[8.809945695917056,6.691933698559644],[8.877209091709481,6.7562898212390845],[8.923566296917777,6.825053897526707],[8.991738657518209,6.769513682063627],[8.98719383347818,6.736013234641453],[8.989920727902197,6.691933698559644],[8.956289030005983,6.636393483096564]]]}},{"type":"Feature","id":"umu-nneochi","properties":{"id":"umu-nneochi","name":"Umu-Nneochi","parentId":"abia","level":"lga"},"geometry":{"type":"Polygon","coordinates":[[[7.339240636563725,6.042201336713778],[7.402868173124128,6.014872024343057],[7.41559368043621,6.006056117126695],[7.512852914892827,6.021043159394511],[7.530123246244937,6.006056117126695],[7.512852914892827,5.9240681800145305],[7.455588131988463,5.8905677325923556],[7.390142665812048,5.8826334160976295],[7.367418545611905,5.903791593416898],[7.2847027480833795,5.918778635684713],[7.261069663075229,5.939055222282345],[7.272886205579304,5.997240209910333],[7.318334445979593,5.999003391353606],[7.339240636563725,6.042201336713778]]]}},{"type":"Feature","id":"ose","properties":{"id":"ose","name":"Ose","parentId":"ondo","level":"lga"},"geometry":{"type":"Polygon","coordinates":[[[5.852174210666291,7.093939067625742],[5.815815618346061,7.071899299584837],[5.78581977968187,6.968753185153404],[5.799454251801957,6.92114728618505],[5.751279116977651,6.781855952166534],[5.70219501734534,6.736013234641453],[5.6203881846248205,6.742184369692906],[5.576757873840544,6.70427596866255],[5.54312617594433,6.825053897526707],[5.565850296144475,6.876186159381605],[5.579484768264561,6.974924320204858],[5.636749551168925,7.014595902678486],[5.644021269632971,7.065728164533384],[5.699468122921322,7.088649523295924],[5.694014334073287,7.130084287212825],[5.761277729865714,7.17063746040809],[5.726737067161496,7.194440409892266],[5.669472284257132,7.300231296488608],[5.696741228497306,7.302876068653516],[5.846720421818256,7.394561503703679],[5.950342409930914,7.344310832570416],[5.919437606458718,7.337258106797327],[5.909438993570655,7.278191528447703],[5.903076239914615,7.217361768654807],[5.883987978946493,7.199729954222083],[5.852174210666291,7.093939067625742]]]}},{"type":"Feature","id":"nnewi-north","properties":{"id":"nnewi-north","name":"Nnewi North","parentId":"anambra","level":"lga"},"geometry":{"type":"Polygon","coordinates":[[[6.875668584480785,6.055425197538321],[6.915663036033038,6.052780425373412],[6.943840945081217,6.017516796507966],[6.946567839505235,5.975200441869429],[6.878395478904801,5.976963623312701],[6.862034112360698,5.997240209910333],[6.875668584480785,6.055425197538321]]]}},{"type":"Feature","id":"akoko-north-west","properties":{"id":"akoko-north-west","name":"Akoko North West","parentId":"ondo","level":"lga"},"geometry":{"type":"Polygon","coordinates":[[[5.773094272369789,7.747197792358151],[5.816724583154066,7.727802796482155],[5.919437606458718,7.74984256452306],[5.940343797042851,7.644933268648355],[5.893077627026551,7.588511462463639],[5.78581977968187,7.554129424319828],[5.712193630233403,7.550603061433283],[5.618570255008809,7.563826922257826],[5.6385674807849355,7.605261686174726],[5.681288826761207,7.623775091329087],[5.7167384542734325,7.70135507483307],[5.773094272369789,7.747197792358151]]]}},{"type":"Feature","id":"ilesha-east","properties":{"id":"ilesha-east","name":"Ilesha East","parentId":"osun","level":"lga"},"geometry":{"type":"Polygon","coordinates":[[[4.784140561259516,7.639643724318537],[4.808682611075671,7.626419863493995],[4.820499153579746,7.568234875866007],[4.782322631643504,7.556774196484737],[4.723239919123129,7.5382607913303765],[4.7086964821950374,7.587629871742003],[4.784140561259516,7.639643724318537]]]}},{"type":"Feature","id":"njikoka","properties":{"id":"njikoka","name":"Njikoka","parentId":"anambra","level":"lga"},"geometry":{"type":"Polygon","coordinates":[[[6.979290572593442,6.132123590320669],[6.95383955796928,6.15945290269139],[6.984744361441477,6.18501903361884],[7.010195376065639,6.2414408398035555],[7.029283637033759,6.236151295473738],[7.016558129721679,6.168268809907753],[6.979290572593442,6.132123590320669]]]}},{"type":"Feature","id":"ohajiegbema","properties":{"id":"ohajiegbema","name":"Ohaji/Egbema","parentId":"imo","level":"lga"},"geometry":{"type":"Polygon","coordinates":[[[6.8165858719604095,5.25934877590085],[6.761139018672058,5.315770582085566],[6.762956948288069,5.410100789300637],[6.741141792895931,5.493851907856074],[6.639337734399286,5.493851907856074],[6.658425995367406,5.625208925379865],[6.825675520040468,5.6014059758956884],[6.888394091792865,5.5291155367215215],[6.929297508153125,5.542339397546064],[6.885667197368848,5.503549405794072],[6.93020647296113,5.4427196460011755],[6.939296121041188,5.398640109919366],[6.9865622910574885,5.3757187511568265],[6.982017467017458,5.341336713013015],[7.026556742609742,5.288441269714844],[7.0174670945296835,5.279625362498482],[7.006559516833615,5.2646383202306675],[7.003832622409597,5.239953780024854],[6.943840945081217,5.228493100643584],[6.903846493528963,5.219677193427222],[6.8165858719604095,5.25934877590085]]]}},{"type":"Feature","id":"gombe","properties":{"id":"gombe","name":"Gombe","parentId":"gombe","level":"lga"},"geometry":{"type":"Polygon","coordinates":[[[11.198705211356211,10.289705433556897],[11.165982478268003,10.265020893351082],[11.124170097099737,10.280007935618897],[11.12144320267572,10.310863610876165],[11.185070739236124,10.312626792319437],[11.198705211356211,10.289705433556897]]]}},{"type":"Feature","id":"owerri-municipal","properties":{"id":"owerri-municipal","name":"Owerri Municipal","parentId":"imo","level":"lga"},"geometry":{"type":"Polygon","coordinates":[[[7.04200914434584,5.447127599609357],[7.00110572798558,5.436548510949723],[6.979290572593442,5.492088726412802],[7.009286411257632,5.525589173834977],[7.069278088586012,5.486799182082985],[7.04200914434584,5.447127599609357]]]}},{"type":"Feature","id":"keana","properties":{"id":"keana","name":"Keana","parentId":"nasarawa","level":"lga"},"geometry":{"type":"Polygon","coordinates":[[[9.057184123694624,8.077794312971719],[9.025370355414422,8.062807270703903],[8.910840789605695,8.05663613565245],[8.780858822060871,8.07514954080681],[8.588158282763649,8.128926574826618],[8.51271420369917,8.15801906864061],[8.520894886971222,8.184466790289697],[8.509078344467147,8.261165183072045],[8.594521036419689,8.252349275855682],[8.641787206435989,8.26469154595859],[8.744500229740641,8.259402001628771],[8.808127766301045,8.288494495442766],[8.890843563829568,8.27350745317495],[8.959015924430002,8.281441769669676],[8.947199381925927,8.222375191320053],[9.009008988870319,8.160663840805519],[9.057184123694624,8.077794312971719]]]}},{"type":"Feature","id":"ohaukwu","properties":{"id":"ohaukwu","name":"Ohaukwu","parentId":"ebonyi","level":"lga"},"geometry":{"type":"Polygon","coordinates":[[[7.92006914887941,6.348113317121533],[7.92643190253545,6.408943076914429],[7.900980887911288,6.452141022274603],[7.847351964238948,6.444206705779877],[7.805539583070683,6.473299199593871],[7.7946320053746145,6.55176077381949],[7.846442999430943,6.598485082066208],[7.878256767711145,6.5614582717574885],[7.944611198695565,6.540300094438221],[7.955518776391635,6.583498039798393],[7.987332544671837,6.610827352169115],[7.974607037359757,6.71132869443564],[8.031871820264119,6.732486871754908],[8.062776623736315,6.720144601652001],[8.110042793752616,6.609945761447479],[8.092772462400506,6.502391693407865],[8.059140764504292,6.451259431552966],[8.034598714688137,6.373679448048982],[8.010965629679987,6.3498764985648055],[7.92006914887941,6.348113317121533]]]}},{"type":"Feature","id":"gbonyin","properties":{"id":"gbonyin","name":"Gbonyin","parentId":"ekiti","level":"lga"},"geometry":{"type":"Polygon","coordinates":[[[5.4322324693676265,7.693420758338345],[5.4440490118717015,7.672262581019076],[5.5167661965121635,7.650222812978171],[5.561305472104446,7.70135507483307],[5.602208888464705,7.693420758338345],[5.6385674807849355,7.605261686174726],[5.618570255008809,7.563826922257826],[5.610389571736757,7.48448375731057],[5.605844747696729,7.4730230779293],[5.580393733072567,7.506523525351474],[5.540399281520314,7.515339432567836],[5.48949725227199,7.5523662428765554],[5.365878038383206,7.548839879990011],[5.3467897774150845,7.658157129472897],[5.366787003191212,7.678433716070529],[5.394964912239391,7.652867585143079],[5.4322324693676265,7.693420758338345]]]}},{"type":"Feature","id":"isiala-mbano","properties":{"id":"isiala-mbano","name":"Isiala Mbano","parentId":"imo","level":"lga"},"geometry":{"type":"Polygon","coordinates":[[[7.225620035563004,5.612866655276958],[7.211076598634913,5.599642794452416],[7.161083534194596,5.6208009717716845],[7.081094631090087,5.648130284142406],[7.089275314362139,5.670170052183311],[7.138359413994451,5.6684068707400375],[7.182898689586734,5.713367997543483],[7.217439352290953,5.7071968624920295],[7.247435190955143,5.736289356306024],[7.257433803843206,5.73011822125457],[7.224711070754999,5.6595909635236765],[7.225620035563004,5.612866655276958]]]}},{"type":"Feature","id":"irepodunifelodun","properties":{"id":"irepodunifelodun","name":"Irepodun/Ifelodun","parentId":"ekiti","level":"lga"},"geometry":{"type":"Polygon","coordinates":[[[5.258620191038526,7.792158919161597],[5.263165015078554,7.76835596967742],[5.321338762790924,7.727802796482155],[5.4013276658954315,7.720750070709066],[5.4322324693676265,7.693420758338345],[5.394964912239391,7.652867585143079],[5.366787003191212,7.678433716070529],[5.307704290670837,7.669617808854167],[5.223170563526301,7.674025762462348],[5.173177499085984,7.640525315040174],[5.113185821757603,7.636998952153629],[5.102278244061534,7.636117361431992],[5.1159127161816205,7.698710302668161],[5.10318720886954,7.736618703698517],[5.148635449269828,7.771000741842329],[5.194992654478122,7.763948016069239],[5.258620191038526,7.792158919161597]]]}},{"type":"Feature","id":"obowo","properties":{"id":"obowo","name":"Obowo","parentId":"imo","level":"lga"},"geometry":{"type":"Polygon","coordinates":[[[7.41559368043621,5.571431891360058],[7.38559784177202,5.503549405794072],[7.323788234827628,5.5432209882677],[7.305608938667511,5.585537342906237],[7.356510967915835,5.605813929503869],[7.425592293324273,5.585537342906237],[7.41559368043621,5.571431891360058]]]}},{"type":"Feature","id":"isuikwuato","properties":{"id":"isuikwuato","name":"Isuikwuato","parentId":"abia","level":"lga"},"geometry":{"type":"Polygon","coordinates":[[[7.534668070284965,5.8350275171292765],[7.555574260869097,5.742460491357477],[7.54648461278904,5.674578005791491],[7.478312252188607,5.686038685172761],[7.449225378332423,5.703670499605485],[7.392869560236065,5.68868345733767],[7.3819619825399965,5.705433681048758],[7.4001412787001115,5.710723225378574],[7.390142665812048,5.8826334160976295],[7.455588131988463,5.8905677325923556],[7.512852914892827,5.9240681800145305],[7.50558119642878,5.8826334160976295],[7.534668070284965,5.8350275171292765]]]}},{"type":"Feature","id":"makurdi","properties":{"id":"makurdi","name":"Makurdi","parentId":"benue","level":"lga"},"geometry":{"type":"Polygon","coordinates":[[[8.415454969242553,7.800093235656322],[8.449995631946772,7.845935953181403],[8.494534907539055,7.851225497511221],[8.5490727960194,7.833593683078497],[8.681781657988243,7.824777775862135],[8.703596813380381,7.702236665554706],[8.696325094916334,7.6608019016378055],[8.601792754883736,7.569998057309279],[8.523621781395239,7.550603061433283],[8.451813561562783,7.578813964525641],[8.406365321162495,7.643170087205082],[8.391821884234403,7.684604851121982],[8.385459130578363,7.76835596967742],[8.415454969242553,7.800093235656322]]]}},{"type":"Feature","id":"gboko","properties":{"id":"gboko","name":"Gboko","parentId":"benue","level":"lga"},"geometry":{"type":"Polygon","coordinates":[[[9.103541328902919,7.209427452160082],[9.036277933110492,7.247335853190437],[9.005373129638295,7.242927899582256],[8.984466939054164,7.284362663499157],[8.90356907114165,7.2764283470044315],[8.841759464197258,7.187387684119177],[8.776313998020843,7.180334958346087],[8.733592652044571,7.178571776902815],[8.694507165300323,7.242927899582256],[8.63906031201197,7.356653102673324],[8.654512713748069,7.41748286246622],[8.647240995284024,7.48889171091875],[8.756316772244716,7.558537377928008],[8.807218801493038,7.536497609887104],[8.879027021325493,7.450983309888395],[8.907204930373673,7.4492201284451225],[8.95083524115795,7.5188657954543805],[8.972650396550089,7.495062845970203],[9.07718134947075,7.481838985145661],[9.11808476583101,7.444812174836942],[9.11172201217497,7.416601271744584],[9.16080611180728,7.3936799129820425],[9.191710915279478,7.331968562467511],[9.18716609123945,7.280836300612612],[9.151716463727224,7.279954709890976],[9.103541328902919,7.209427452160082]]]}},{"type":"Feature","id":"ife-central","properties":{"id":"ife-central","name":"Ife Central","parentId":"osun","level":"lga"},"geometry":{"type":"Polygon","coordinates":[[[4.476001491345561,7.475667850094208],[4.4896359634656475,7.5144578418462],[4.476910456153567,7.565590103701098],[4.508724224433768,7.599090551123274],[4.5269035205938835,7.614077593391088],[4.585986233114259,7.573524420195824],[4.613255177354431,7.505641934629837],[4.57053383137816,7.489773301640387],[4.490544928273653,7.493299664526932],[4.476001491345561,7.475667850094208]]]}},{"type":"Feature","id":"isiala-ngwa-north","properties":{"id":"isiala-ngwa-north","name":"Isiala-Ngwa North","parentId":"abia","level":"lga"},"geometry":{"type":"Polygon","coordinates":[[[7.362873721571875,5.460351460433899],[7.51012602046881,5.431258966619906],[7.526487387012914,5.3034283119826595],[7.51012602046881,5.304309902704295],[7.4455895191004,5.339573531569743],[7.320152375595605,5.328994442910108],[7.300155149819478,5.342218303734651],[7.322879270019621,5.395113747032822],[7.362873721571875,5.460351460433899]]]}},{"type":"Feature","id":"yakurr","properties":{"id":"yakurr","name":"Yakurr","parentId":"cross-river","level":"lga"},"geometry":{"type":"Polygon","coordinates":[[[8.144583456456834,5.666643689296766],[8.11549658260065,5.702788908883849],[8.070957307008367,5.723065495481481],[8.031871820264119,5.7988822975421925],[8.047324222000217,5.836790698572548],[8.113678652984639,5.938173631560709],[8.17367033031302,5.9743188511477925],[8.241842690913451,5.925831361457803],[8.241842690913451,5.893212504757264],[8.29819850900981,5.855304103726908],[8.328194347674,5.7292366305329345],[8.296380579393798,5.73717094702766],[8.202757204169204,5.686038685172761],[8.144583456456834,5.666643689296766]]]}},{"type":"Feature","id":"billiri","properties":{"id":"billiri","name":"Billiri","parentId":"gombe","level":"lga"},"geometry":{"type":"Polygon","coordinates":[[[10.959647466850694,9.67964465418466],[10.977826763010809,9.810120080986813],[11.04418119399523,9.836567802635898],[11.085084610355489,9.93795073562406],[11.165073513459998,9.954700959335147],[11.182343844812106,9.98379345314914],[11.273240325612683,10.002306858303502],[11.291419621772798,9.96792482015969],[11.247789310988521,9.930016419129334],[11.231427944444418,9.79248826655409],[11.165073513459998,9.75105350263719],[11.137804569219824,9.699921240782292],[11.101445976899594,9.680526244906295],[11.019639144179074,9.698158059339018],[10.959647466850694,9.67964465418466]]]}},{"type":"Feature","id":"dunukofia","properties":{"id":"dunukofia","name":"Dunukofia","parentId":"anambra","level":"lga"},"geometry":{"type":"Polygon","coordinates":[[[6.8893030566008715,6.156808130526482],[6.959293346817315,6.220282662484287],[6.966565065281362,6.282875603720456],[6.9874712558654934,6.304915371761361],[7.010195376065639,6.2414408398035555],[6.984744361441477,6.18501903361884],[6.95383955796928,6.15945290269139],[6.8893030566008715,6.156808130526482]]]}},{"type":"Feature","id":"osisioma-ngwa","properties":{"id":"osisioma-ngwa","name":"Osisioma Ngwa","parentId":"abia","level":"lga"},"geometry":{"type":"Polygon","coordinates":[[[7.256524839035201,5.077741087243797],[7.292883431355431,5.1729528851805044],[7.271068275963293,5.2117428769324965],[7.38105301773199,5.2813885439417545],[7.3819619825399965,5.204690151159407],[7.36832751041991,5.140334028479966],[7.324697199635633,5.09096494806834],[7.318334445979593,5.06539881714089],[7.307426868283523,5.06539881714089],[7.256524839035201,5.077741087243797]]]}},{"type":"Feature","id":"ola-oluwa","properties":{"id":"ola-oluwa","name":"Ola Oluwa","parentId":"osun","level":"lga"},"geometry":{"type":"Polygon","coordinates":[[[4.329658157256633,7.635235770710357],[4.305116107440477,7.620248728442542],[4.285118881664349,7.656393948029624],[4.247851324536113,7.640525315040174],[4.179678963935681,7.696947121224889],[4.1442293364234555,7.750724155244696],[4.061513538894931,7.74984256452306],[4.075148011015018,7.820369822253954],[4.133321758727387,7.793922100604869],[4.186950682399727,7.811553915037592],[4.264212691080218,7.812435505759229],[4.320568509176574,7.70135507483307],[4.336929875720679,7.668736218132532],[4.329658157256633,7.635235770710357]]]}},{"type":"Feature","id":"wamba","properties":{"id":"wamba","name":"Wamba","parentId":"nasarawa","level":"lga"},"geometry":{"type":"Polygon","coordinates":[[[8.504533520427119,9.001701389246435],[8.533620394283302,9.004346161411345],[8.620881015851856,9.114545001615866],[8.658148572980092,9.207993618109303],[8.66723822106015,9.189480212954942],[8.765406420324773,9.165677263470766],[8.759952631476738,9.10484750367787],[8.799038118220986,9.071347056255695],[8.798129153412981,9.031675473782066],[8.918112508069742,9.017570022235887],[8.899933211909627,8.921476633577544],[8.840850499389251,8.877397097495734],[8.836305675349223,8.828028017084108],[8.68450855241226,8.835962333578834],[8.617245156619832,8.817448928424476],[8.579977599491597,8.800698704713387],[8.509987309275152,8.826264835640835],[8.521803851779227,8.870344371722645],[8.529984535051279,8.880923460382279],[8.504533520427119,9.001701389246435]]]}},{"type":"Feature","id":"boripe","properties":{"id":"boripe","name":"Boripe","parentId":"osun","level":"lga"},"geometry":{"type":"Polygon","coordinates":[[[4.744146109707262,7.885607535655032],[4.700515798922985,7.838001636686678],[4.671428925066801,7.859159814005946],[4.661430312178737,7.909410485139208],[4.716877165467089,7.954371611942654],[4.747781968939285,7.9499636583344735],[4.744146109707262,7.885607535655032]]]}},{"type":"Feature","id":"yala","properties":{"id":"yala","name":"Yala","parentId":"cross-river","level":"lga"},"geometry":{"type":"Polygon","coordinates":[[[8.809945695917056,6.691933698559644],[8.711777496652433,6.609064170725842],[8.66723822106015,6.5958403099013],[8.624516875083879,6.530602596500223],[8.599974825267724,6.517378735675679],[8.55998037371547,6.543826457324766],[8.519985922163215,6.437153980006787],[8.430907370978652,6.456548975882783],[8.390912919426396,6.523549870727133],[8.340010890178075,6.5755637233036675],[8.294562649777786,6.6787098377351],[8.360917080762206,6.693696880002916],[8.393639813850415,6.742184369692906],[8.469083892914893,6.746592323301087],[8.578159669875586,6.765105728455446],[8.620881015851856,6.780974361444898],[8.641787206435989,6.818882762475253],[8.60270171969174,6.84973843773252],[8.669056150676163,6.870015024330152],[8.703596813380381,6.896462745979237],[8.83903256977324,6.869133433608516],[8.923566296917777,6.825053897526707],[8.877209091709481,6.7562898212390845],[8.809945695917056,6.691933698559644]]]}},{"type":"Feature","id":"aguata","properties":{"id":"aguata","name":"Aguata","parentId":"anambra","level":"lga"},"geometry":{"type":"Polygon","coordinates":[[[7.036555355497805,5.917015454241441],[7.052916722041909,5.949634310941979],[7.015649164913672,5.985779530529063],[6.9983788335615635,6.034267020219053],[7.043827073961852,6.052780425373412],[7.086548419938122,6.043082927435415],[7.138359413994451,6.005174526405058],[7.155629745346561,5.946107948055435],[7.202895915362861,5.920541817127986],[7.043827073961852,5.923186589292894],[7.036555355497805,5.917015454241441]]]}},{"type":"Feature","id":"calabar-municipal","properties":{"id":"calabar-municipal","name":"Calabar Municipal","parentId":"cross-river","level":"lga"},"geometry":{"type":"Polygon","coordinates":[[[8.362735010378218,5.034543141883624],[8.355463291914173,4.98693724291527],[8.301834368241831,4.98693724291527],[8.29365368496978,5.040714276935077],[8.362735010378218,5.034543141883624]]]}},{"type":"Feature","id":"onitsha-north","properties":{"id":"onitsha-north","name":"Onitsha North","parentId":"anambra","level":"lga"},"geometry":{"type":"Polygon","coordinates":[[[6.790225892528243,6.132123590320669],[6.764774877904081,6.155926539804845],[6.762956948288069,6.185900624340476],[6.785681068488213,6.206177210938108],[6.808405188688358,6.2052956202164715],[6.820221731192433,6.1691504006293885],[6.805678294264341,6.121544501661035],[6.790225892528243,6.132123590320669]]]}},{"type":"Feature","id":"ukum","properties":{"id":"ukum","name":"Ukum","parentId":"benue","level":"lga"},"geometry":{"type":"Polygon","coordinates":[[[9.797990442219323,7.614959184112724],[9.829804210499526,7.587629871742003],[9.780720110867215,7.539142382052013],[9.84616557704363,7.486246938753842],[9.797081477411318,7.36194264700314],[9.765267709131116,7.32050788308624],[9.638012636010309,7.399851048033496],[9.59892714926606,7.399851048033496],[9.520756175777565,7.547076698546738],[9.500758950001439,7.562063740814553],[9.45076588556112,7.675788943905621],[9.447130026329098,7.7330923408119725],[9.37804870092066,7.718105298544158],[9.386229384192712,7.845054362459767],[9.561659592137824,7.838883227408314],[9.643466424858344,7.800093235656322],[9.747088412971001,7.654630766586353],[9.797990442219323,7.614959184112724]]]}},{"type":"Feature","id":"isa","properties":{"id":"isa","name":"Isa","parentId":"sokoto","level":"lga"},"geometry":{"type":"Polygon","coordinates":[[[6.143951914036142,13.07905847681377],[6.046692679579525,13.031452577845418],[6.023059594571375,13.085229611865223],[5.983065143019122,13.25449503041937],[5.992154791099179,13.315324790212268],[6.056691292467589,13.393786364437887],[6.160313280580246,13.338246148974807],[6.210306345020563,13.359404326294076],[6.211215309828569,13.304745701552633],[6.323926946021285,13.310916836604086],[6.416641356437872,13.29152184072809],[6.47935992819027,13.317087971655539],[6.534806781478622,13.305627292274268],[6.6529722065193715,13.370865005675347],[6.7129638838477526,13.311798427325723],[6.748413511359978,13.249205486089553],[6.752958335400006,13.206889131451018],[6.7929527869522595,13.131953920111942],[6.6829680451835625,13.107269379906128],[6.606615001311077,13.046439620113231],[6.581163986686915,13.022636670629055],[6.529352992630587,13.052610755164686],[6.52026334455053,13.122256422173944],[6.462998561646167,13.116966877844126],[6.448455124718074,13.158401641761026],[6.403006884317786,13.129309147947033],[6.359376573533509,13.137243464441758],[6.327562805253307,13.179559819080295],[6.258481479844869,13.1601648232043],[6.1912180840524424,13.101098244854676],[6.143951914036142,13.07905847681377]]]}},{"type":"Feature","id":"ogun-waterside","properties":{"id":"ogun-waterside","name":"Ogun Waterside","parentId":"ogun","level":"lga"},"geometry":{"type":"Polygon","coordinates":[[[4.60507449408238,6.4918126047482305],[4.56417107772212,6.49886533052132],[4.559626253682091,6.451259431552966],[4.535084203865935,6.408061486192793],[4.59871174042634,6.3666267222758925],[4.572351760994172,6.2969810552666345],[4.483273209809607,6.326073549080629],[4.359653995920823,6.367508312997529],[4.36874364400088,6.438035570728424],[4.353291242264782,6.451259431552966],[4.259667867040188,6.444206705779877],[4.163317597391577,6.506799647016045],[4.232398922800016,6.54735282021131],[4.236034782032038,6.5782084954685764],[4.256940972616171,6.639919845983108],[4.314205755520534,6.663722795467286],[4.378742256888944,6.642564618148017],[4.454186335953422,6.60730098928257],[4.491453893081658,6.508562828459318],[4.537811098289953,6.601129854231116],[4.582350373882235,6.642564618148017],[4.60052967004235,6.617880077942204],[4.58780416273027,6.532365777943495],[4.60507449408238,6.4918126047482305]]]}},{"type":"Feature","id":"ifelodun","properties":{"id":"ifelodun","name":"Ifelodun","parentId":"osun","level":"lga"},"geometry":{"type":"Polygon","coordinates":[[[4.671428925066801,7.859159814005946],[4.664157206602754,7.8415279995732226],[4.6232537902424955,7.8556334511194015],[4.6232537902424955,7.9111736665824814],[4.568715901762149,7.937621388231566],[4.576896585034201,7.9640691098806515],[4.687790291610904,7.965832291323924],[4.700515798922985,8.007267055240824],[4.775050913179458,7.968477063488832],[4.747781968939285,7.9499636583344735],[4.716877165467089,7.954371611942654],[4.661430312178737,7.909410485139208],[4.671428925066801,7.859159814005946]]]}},{"type":"Feature","id":"arochukwu","properties":{"id":"arochukwu","name":"Arochukwu","parentId":"abia","level":"lga"},"geometry":{"type":"Polygon","coordinates":[[[7.8800746973271565,5.366902843940464],[7.865531260399065,5.418035105795362],[7.7891782165265795,5.444482827444448],[7.760091342670394,5.505312587237345],[7.733731363238228,5.517654857340251],[7.645561776861669,5.525589173834977],[7.614656973389472,5.572313482081694],[7.649197636093692,5.614629836720231],[7.707371383806061,5.641959149090953],[7.774634779598488,5.58024779857642],[7.756455483438373,5.553800076927335],[7.824627844038805,5.506194177958981],[7.912797430415363,5.52470758311334],[7.91370639522337,5.523825992391704],[7.986423579863832,5.3704292068270085],[7.9773339317837735,5.354560573837558],[7.8800746973271565,5.366902843940464]]]}},{"type":"Feature","id":"ijebu-ode","properties":{"id":"ijebu-ode","name":"Ijebu Ode","parentId":"ogun","level":"lga"},"geometry":{"type":"Polygon","coordinates":[[[3.977888776558401,6.834751395464705],[3.945166043470193,6.801250948042529],[4.043334242734816,6.7562898212390845],[4.085146623903081,6.679591428456737],[3.903353662301928,6.681354609900009],[3.904262627109934,6.721026192373637],[3.9397122546221586,6.747473914022723],[3.9142612399979972,6.813593218145437],[3.863359210749674,6.806540492372347],[3.8942640142218705,6.88676524804124],[3.9115343455739797,6.874422977938332],[3.937894325006147,6.864725480000335],[3.977888776558401,6.834751395464705]]]}},{"type":"Feature","id":"magumeri","properties":{"id":"magumeri","name":"Magumeri","parentId":"borno","level":"lga"},"geometry":{"type":"Polygon","coordinates":[[[12.418535983699948,12.524537912904613],[12.440351139092087,12.535998592285884],[12.498524886804457,12.505142917028618],[12.546700021628762,12.51836677785316],[12.57487793067694,12.439023612905903],[12.63305167838931,12.416102254143363],[12.753035033046071,12.412575891256818],[12.86938252847081,12.30854818610375],[12.980276235047512,12.342048633525923],[13.052993419687974,12.338522270639379],[13.087534082392192,12.362325220123555],[13.1357092172165,12.366733173731737],[13.137527146832511,12.242428881981034],[13.15479747818462,12.189533438682865],[13.10934923778433,12.176309577858323],[13.059356173344014,12.090795277859613],[13.070263751040084,12.042307788169623],[12.996637601591617,12.067873919097071],[12.95300729080734,12.002636205695994],[12.983912094279535,11.970017348995455],[12.954825220423352,11.904779635594378],[12.908468015215057,11.891555774769834],[12.839386689806618,11.910069179924196],[12.78121294209425,11.940043264459826],[12.752126068238065,12.001754614974358],[12.683953707637633,11.997346661366176],[12.56215242336486,11.98941234487145],[12.49125316834041,11.922411450027102],[12.46762008333226,11.91624031497565],[12.274010579227033,11.977070074768545],[12.237651986906801,12.089913687137976],[12.236743022098796,12.137519586106329],[12.264011966338968,12.178072759301594],[12.250377494218883,12.212454797445405],[12.284918156923101,12.266231831465213],[12.28310022730709,12.40993111909191],[12.353090517523533,12.460181790225171],[12.376723602531683,12.520129959296431],[12.418535983699948,12.524537912904613]]]}},{"type":"Feature","id":"boki","properties":{"id":"boki","name":"Boki","parentId":"cross-river","level":"lga"},"geometry":{"type":"Polygon","coordinates":[[[8.799038118220986,6.065122695476319],[8.77904089244486,6.090688826403769],[8.787221575716911,6.153281767639937],[8.753589877820698,6.200887666608291],[8.79631122379697,6.281994012998819],[8.737228511276594,6.322547186194084],[8.717231285500468,6.377205810935527],[8.724503003964513,6.4336276171202424],[8.762679525900756,6.464483292377508],[8.783585716484888,6.54735282021131],[8.912658719221707,6.518260326397316],[9.001737270406272,6.536773731551676],[9.014462777718354,6.460075338769328],[8.986284868670174,6.3974823975331585],[9.072636525430722,6.395719216089887],[9.076272384662746,6.4724176088722345],[9.108086152942947,6.507681237737682],[9.174440583927367,6.490049423304958],[9.19352884489549,6.509444419180954],[9.241703979719794,6.484759878975141],[9.292606008968118,6.501510102686229],[9.346234932640458,6.465364883099145],[9.297150833008146,6.374561038770619],[9.24715776856783,6.3331262748537185],[9.282607396080055,6.220282662484287],[9.22352468355968,6.150636995475029],[9.071727560622715,6.013990433621421],[8.991738657518209,5.934647268674165],[8.948108346733932,6.018398387229602],[8.799038118220986,6.065122695476319]]]}},{"type":"Feature","id":"kwami","properties":{"id":"kwami","name":"Kwami","parentId":"gombe","level":"lga"},"geometry":{"type":"Polygon","coordinates":[[[11.522296683006264,10.661736718087365],[11.522296683006264,10.569169692315565],[11.509571175694182,10.51980061190394],[11.480484301837999,10.483655392316855],[11.425037448549647,10.51274788613085],[11.406858152389532,10.465141987162497],[11.439580885477739,10.440457446956682],[11.399586433925485,10.39020677582342],[11.35141129910118,10.395496320153237],[11.27414929042069,10.339956104690158],[11.224156225980371,10.340837695411794],[11.185070739236124,10.312626792319437],[11.12144320267572,10.310863610876165],[11.078721856699449,10.309982020154528],[11.005095707250982,10.33466656036034],[10.992370199938902,10.36728541706088],[10.931469557802515,10.355824737679608],[10.873295810090147,10.384035640771966],[10.923288874530463,10.423707223245595],[10.911472332026388,10.504813569636124],[10.930560592994508,10.548893105717934],[10.931469557802515,10.620301954170463],[10.970555044546764,10.615012409840645],[10.996006059170924,10.656447173757547],[11.136895604411817,10.672315806746997],[11.172345231924043,10.660855127365728],[11.19234245770017,10.578867190253563],[11.251425170220545,10.531261291285208],[11.314143741972943,10.528616519120302],[11.345048545445138,10.615894000562282],[11.415038835661584,10.666144671695545],[11.522296683006264,10.661736718087365]]]}},{"type":"Feature","id":"ekiti-east","properties":{"id":"ekiti-east","name":"Ekiti East","parentId":"ekiti","level":"lga"},"geometry":{"type":"Polygon","coordinates":[[[5.658564706561063,7.828304138748679],[5.737644644857564,7.82125141297559],[5.767640483521755,7.787750965553416],[5.773094272369789,7.747197792358151],[5.7167384542734325,7.70135507483307],[5.681288826761207,7.623775091329087],[5.6385674807849355,7.605261686174726],[5.602208888464705,7.693420758338345],[5.561305472104446,7.70135507483307],[5.624024043856844,7.773645514007237],[5.658564706561063,7.828304138748679]]]}},{"type":"Feature","id":"moro","properties":{"id":"moro","name":"Moro","parentId":"kwara","level":"lga"},"geometry":{"type":"Polygon","coordinates":[[[4.335111946104667,8.980543211927166],[4.427826356521255,9.036083427390247],[4.502361470777728,9.06782069336915],[4.58780416273027,9.082807735636965],[4.7214219895071174,9.06517592120424],[4.748690933747291,9.088097279966782],[4.764143335483389,9.149808630481314],[4.812318470307694,9.132176816048592],[4.875946006868098,9.15774294697604],[4.897761162260236,9.117189773780776],[4.89048944379619,9.057241604709516],[4.87776393648411,9.021096385122432],[4.8132274351157,8.974372076875714],[4.7814136668354985,8.921476633577544],[4.815045364731711,8.846541422238468],[4.880490830908126,8.746040079971944],[4.825043977619775,8.693144636673772],[4.679609608338852,8.574129889252887],[4.602347599658362,8.536221488222534],[4.573260725802178,8.577656252139434],[4.478728385769578,8.561787619149982],[4.427826356521255,8.583827387190887],[4.395103623433048,8.656117826365055],[4.342383664568713,8.690499864508865],[4.3014802482084535,8.746921670693581],[4.257849937424177,8.734579400590674],[4.234216852416027,8.805106658321568],[4.195131365671779,8.816567337702839],[4.257849937424177,8.901200046979913],[4.320568509176574,8.942634810896813],[4.335111946104667,8.980543211927166]]]}},{"type":"Feature","id":"ezinihitte","properties":{"id":"ezinihitte","name":"Ezinihitte","parentId":"imo","level":"lga"},"geometry":{"type":"Polygon","coordinates":[[[7.38559784177202,5.503549405794072],[7.362873721571875,5.460351460433899],[7.322879270019621,5.395113747032822],[7.291974466547426,5.403048063527548],[7.2847027480833795,5.491207135691166],[7.323788234827628,5.5432209882677],[7.38559784177202,5.503549405794072]]]}},{"type":"Feature","id":"kala-balge","properties":{"id":"kala-balge","name":"Kala Balge","parentId":"borno","level":"lga"},"geometry":{"type":"Polygon","coordinates":[[[14.264643508759661,11.786646478895129],[14.273733156839718,11.8906741840482],[14.31009174915995,11.99646507064454],[14.315545538007983,12.090795277859613],[14.397352370728504,12.13487481394142],[14.426439244584687,12.200112527342498],[14.381899968992405,12.289153190227752],[14.32281725647203,12.312956139711929],[14.320999326856018,12.371141127339918],[14.37644618014437,12.359680447958647],[14.463706801712924,12.360562038680284],[14.547331564049454,12.280337283011391],[14.551876388089482,12.235376156207945],[14.58914394521772,12.229205021156492],[14.617321854265898,12.186007075796319],[14.659134235434163,12.198349345899226],[14.67731353159428,12.16044094486887],[14.635501150426014,12.09167686858125],[14.65368044658613,12.063465965488891],[14.622775643113933,12.030847108788352],[14.654589411394134,11.955911897449276],[14.64277286889006,11.911832361367468],[14.604596346953818,11.869516006728931],[14.611868065417864,11.825436470647123],[14.588234980409714,11.754909212916228],[14.588234980409714,11.69231627168006],[14.640954939274048,11.647355144876613],[14.646408728122083,11.575946296424082],[14.618230819073904,11.505419038693187],[14.499156429225149,11.434891780962294],[14.46643369613694,11.478971317044103],[14.41734959650463,11.496603131476826],[14.234647670095471,11.620907423227528],[14.264643508759661,11.786646478895129]]]}},{"type":"Feature","id":"awe","properties":{"id":"awe","name":"Awe","parentId":"nasarawa","level":"lga"},"geometry":{"type":"Polygon","coordinates":[[[9.335327354944388,7.98522728719992],[9.178985407967398,7.907647303695937],[9.134446132375114,7.988753650086465],[9.057184123694624,8.077794312971719],[9.009008988870319,8.160663840805519],[8.947199381925927,8.222375191320053],[8.959015924430002,8.281441769669676],[9.012644848102342,8.320231761421669],[9.009008988870319,8.40045651709056],[8.955380065197978,8.406627652142014],[8.996283481558237,8.518589673789808],[9.049003440422572,8.519471264511445],[9.132628202759102,8.428667420182919],[9.175349548735374,8.46745741193491],[9.211708141055604,8.456878323275276],[9.320783918016296,8.470102184099819],[9.355324580720515,8.483326044924361],[9.469854146529242,8.431312192347828],[9.601654043690079,8.392522200595835],[9.617106445426176,8.372245613998203],[9.60983472696213,8.291139267607676],[9.483488618649329,8.30612630987549],[9.389865243424735,8.349324255235663],[9.363505263992568,8.340508348019302],[9.329873566096355,8.236480642866232],[9.411680398816873,8.176532473794971],[9.387138349000717,8.14920316142425],[9.415316258048897,8.061925679982268],[9.335327354944388,7.98522728719992]]]}},{"type":"Feature","id":"orolu","properties":{"id":"orolu","name":"Orolu","parentId":"osun","level":"lga"},"geometry":{"type":"Polygon","coordinates":[[[4.428735321329261,7.889133898541576],[4.457822195185446,7.941147751118111],[4.522358696553855,7.95525320266429],[4.479637350577584,7.837120045965042],[4.455095300761428,7.828304138748679],[4.428735321329261,7.889133898541576]]]}},{"type":"Feature","id":"obubra","properties":{"id":"obubra","name":"Obubra","parentId":"cross-river","level":"lga"},"geometry":{"type":"Polygon","coordinates":[[[8.40091153231446,6.216756299597742],[8.41818186366657,6.2608358356795515],[8.391821884234403,6.306678553204632],[8.403638426738478,6.365745131554257],[8.444541843098737,6.389548081038434],[8.511805238891164,6.355166042894623],[8.490899048307032,6.299625827431543],[8.426362546938622,6.2194010717626504],[8.477264576186945,6.089807235682132],[8.488172153883013,5.998121800631969],[8.473628716954922,5.932884087230892],[8.497261801963072,5.8940940954789],[8.534529359091309,5.881751825375994],[8.599065860459717,5.826211609912914],[8.574523810643562,5.642840739812589],[8.489990083499025,5.61022188311205],[8.371824658458277,5.680749140842945],[8.328194347674,5.7292366305329345],[8.29819850900981,5.855304103726908],[8.241842690913451,5.893212504757264],[8.241842690913451,5.925831361457803],[8.17367033031302,5.9743188511477925],[8.21457374667328,6.012227252178148],[8.286381966505735,6.016635205786329],[8.301834368241831,6.108320640836492],[8.37091569365027,6.19647971300011],[8.40091153231446,6.216756299597742]]]}},{"type":"Feature","id":"akoko-edo","properties":{"id":"akoko-edo","name":"Akoko-Edo","parentId":"edo","level":"lga"},"geometry":{"type":"Polygon","coordinates":[[[6.256663550228858,7.207664270716808],[6.199398767324494,7.118623607831555],[6.180310506356372,7.1124524727801015],[6.148496738076171,7.183861321232632],[6.101230568059871,7.202374726386992],[6.065780940547647,7.2464542624688],[5.98760996705915,7.226177675871169],[5.909438993570655,7.278191528447703],[5.919437606458718,7.337258106797327],[5.950342409930914,7.344310832570416],[5.986701002251145,7.3548899212300505],[5.95125137473892,7.501233981021657],[6.003971333603254,7.529444884114015],[6.048510609195537,7.579695555247277],[6.098503673635854,7.588511462463639],[6.133953301148079,7.5523662428765554],[6.158495350964234,7.528563293392379],[6.108502286523917,7.490654892362023],[6.1121381457559405,7.448338537723487],[6.186673260012413,7.438641039785488],[6.225758746756661,7.4686151243211185],[6.292113177741083,7.500352390300021],[6.379373799309636,7.398087866590224],[6.43209375817397,7.402495820198405],[6.387554482581688,7.377811279992592],[6.340288312565388,7.325797427416058],[6.294840072165099,7.3601794655598685],[6.266662163116921,7.352245149065142],[6.256663550228858,7.207664270716808]]]}},{"type":"Feature","id":"osogbo","properties":{"id":"osogbo","name":"Osogbo","parentId":"osun","level":"lga"},"geometry":{"type":"Polygon","coordinates":[[[4.606892423698391,7.786869374831779],[4.610528282930414,7.7524873366879685],[4.577805549842207,7.714578935657613],[4.515086978089808,7.721631661430703],[4.481455280193595,7.746316201636516],[4.536902133481947,7.795685282048142],[4.606892423698391,7.786869374831779]]]}},{"type":"Feature","id":"iseorun","properties":{"id":"iseorun","name":"Ise/Orun","parentId":"ekiti","level":"lga"},"geometry":{"type":"Polygon","coordinates":[[[5.388602158583351,7.283481072777521],[5.35860631991916,7.295823342880427],[5.3467897774150845,7.381337642879137],[5.3222477275989295,7.435996267620579],[5.3040684314388145,7.48448375731057],[5.3277015164469645,7.567353285144371],[5.365878038383206,7.548839879990011],[5.48949725227199,7.5523662428765554],[5.540399281520314,7.515339432567836],[5.438595223023667,7.439522630507124],[5.4322324693676265,7.383982415044045],[5.467682096879852,7.30199447793188],[5.388602158583351,7.283481072777521]]]}},{"type":"Feature","id":"njaba","properties":{"id":"njaba","name":"Njaba","parentId":"imo","level":"lga"},"geometry":{"type":"MultiPolygon","coordinates":[[[[7.029283637033759,5.649893465585678],[7.010195376065639,5.649893465585678],[7.002014692793585,5.685157094451125],[7.029283637033759,5.649893465585678]]],[[[7.002923657601592,5.697499364554032],[6.9747457485534134,5.711604816100211],[6.9811085022094534,5.776842529501288],[7.012922270489655,5.73717094702766],[7.062915334929972,5.736289356306024],[7.002923657601592,5.697499364554032]]]]}},{"type":"Feature","id":"obi","properties":{"id":"obi","name":"Obi","parentId":"benue","level":"lga"},"geometry":{"type":"Polygon","coordinates":[[[8.19730341532117,6.908805016082144],[8.16458068223296,6.986384999586128],[8.210937887441256,7.0066615861837604],[8.235479937257411,7.044569987214116],[8.256386127841544,7.125676333604645],[8.360008115954201,7.119505198553191],[8.40545635635449,7.10363656556374],[8.422726687706598,7.052504303708841],[8.432725300594662,7.005779995462124],[8.401820497122467,6.9467134171125],[8.341828819794086,6.889410020206148],[8.19730341532117,6.908805016082144]]]}},{"type":"Feature","id":"buruku","properties":{"id":"buruku","name":"Buruku","parentId":"benue","level":"lga"},"geometry":{"type":"Polygon","coordinates":[[[9.31351219955225,7.098347021233923],[9.274426712808003,7.049859531543932],[9.25352052222387,7.089531114017561],[9.148989569303206,7.05514907587375],[9.110813047366964,7.068372936698292],[9.060819982926647,7.0401620336059345],[9.016280707334365,7.072780890306474],[9.048094475614567,7.118623607831555],[9.128992343527079,7.1653479160782725],[9.103541328902919,7.209427452160082],[9.151716463727224,7.279954709890976],[9.18716609123945,7.280836300612612],[9.191710915279478,7.331968562467511],[9.16080611180728,7.3936799129820425],[9.11172201217497,7.416601271744584],[9.11808476583101,7.444812174836942],[9.07718134947075,7.481838985145661],[8.972650396550089,7.495062845970203],[8.95083524115795,7.5188657954543805],[8.942654557885897,7.559418968649645],[8.979922115014134,7.679315306792166],[8.997192446366244,7.598208960401637],[9.021734496182399,7.562063740814553],[9.101723399286907,7.619367137720905],[9.152625428535229,7.59732736968],[9.158079217383264,7.547076698546738],[9.22352468355968,7.511813069681291],[9.267154994343956,7.458917626383121],[9.377139736112653,7.483602166588934],[9.43804037824904,7.472141487207663],[9.348961827064475,7.383100824322408],[9.32441977724832,7.337258106797327],[9.257156381455893,7.2737835748395225],[9.251702592607858,7.2376383552524395],[9.315330129168261,7.238519945974075],[9.273517747999996,7.178571776902815],[9.31351219955225,7.098347021233923]]]}},{"type":"Feature","id":"obudu","properties":{"id":"obudu","name":"Obudu","parentId":"cross-river","level":"lga"},"geometry":{"type":"Polygon","coordinates":[[[9.001737270406272,6.536773731551676],[9.016280707334365,6.552642364541127],[8.956289030005983,6.636393483096564],[8.989920727902197,6.691933698559644],[9.027188285030434,6.6504989346427426],[9.07081859581471,6.642564618148017],[9.170804724695344,6.687525744951463],[9.204436422591558,6.659314841859105],[9.196255739319506,6.60289303567439],[9.148989569303206,6.5588134995925795],[9.11172201217497,6.5614582717574885],[9.108086152942947,6.507681237737682],[9.076272384662746,6.4724176088722345],[9.072636525430722,6.395719216089887],[8.986284868670174,6.3974823975331585],[9.014462777718354,6.460075338769328],[9.001737270406272,6.536773731551676]]]}},{"type":"Feature","id":"orlu","properties":{"id":"orlu","name":"Orlu","parentId":"imo","level":"lga"},"geometry":{"type":"Polygon","coordinates":[[[7.113817364178296,5.811224567645099],[7.06746015897,5.780368892387833],[7.076549807050059,5.734526174862752],[7.062915334929972,5.736289356306024],[7.012922270489655,5.73717094702766],[6.9811085022094534,5.776842529501288],[6.982017467017458,5.794474343934012],[7.01837605933769,5.845606605788911],[7.035646390689799,5.9020284119736255],[7.046553968385869,5.846488196510546],[7.077458771858064,5.831501154242732],[7.110181504946272,5.8297379727994585],[7.113817364178296,5.811224567645099]]]}},{"type":"Feature","id":"iwo","properties":{"id":"iwo","name":"Iwo","parentId":"osun","level":"lga"},"geometry":{"type":"Polygon","coordinates":[[[4.247851324536113,7.640525315040174],[4.141502441999439,7.59291941607182],[4.093327307175133,7.621130319164178],[4.076056975823024,7.652867585143079],[4.077874905439035,7.708407800606159],[4.061513538894931,7.74984256452306],[4.1442293364234555,7.750724155244696],[4.179678963935681,7.696947121224889],[4.247851324536113,7.640525315040174]]]}},{"type":"Feature","id":"awka-north","properties":{"id":"awka-north","name":"Awka North","parentId":"anambra","level":"lga"},"geometry":{"type":"Polygon","coordinates":[[[7.160174569386589,6.303152190318087],[7.142904238034479,6.2890467387719085],[7.150175956498526,6.228216978979012],[7.138359413994451,6.211466755267925],[7.089275314362139,6.270533333617549],[7.029283637033759,6.236151295473738],[7.010195376065639,6.2414408398035555],[6.9874712558654934,6.304915371761361],[6.952930593161275,6.4195221655740635],[7.032010531457777,6.4503778408313295],[7.143813202842486,6.388666490316798],[7.160174569386589,6.303152190318087]]]}},{"type":"Feature","id":"tarka","properties":{"id":"tarka","name":"Tarka","parentId":"benue","level":"lga"},"geometry":{"type":"Polygon","coordinates":[[[8.76813331474879,7.652867585143079],[8.77904089244486,7.690775986173436],[8.819035343997113,7.7304475686470635],[8.909022859989683,7.692539167616708],[8.979922115014134,7.679315306792166],[8.942654557885897,7.559418968649645],[8.95083524115795,7.5188657954543805],[8.907204930373673,7.4492201284451225],[8.879027021325493,7.450983309888395],[8.807218801493038,7.536497609887104],[8.756316772244716,7.558537377928008],[8.76813331474879,7.652867585143079]]]}},{"type":"Feature","id":"umuahia-north","properties":{"id":"umuahia-north","name":"Umuahia North","parentId":"abia","level":"lga"},"geometry":{"type":"Polygon","coordinates":[[[7.52921428143693,5.479746456309895],[7.51012602046881,5.502667815072436],[7.463768815260515,5.504430996515708],[7.45831502641248,5.541457806824428],[7.41559368043621,5.571431891360058],[7.425592293324273,5.585537342906237],[7.431955046980313,5.609340292390414],[7.392869560236065,5.68868345733767],[7.449225378332423,5.703670499605485],[7.478312252188607,5.686038685172761],[7.534668070284965,5.593471659400962],[7.585570099533289,5.570550300638422],[7.571026662605195,5.503549405794072],[7.52921428143693,5.479746456309895]]]}},{"type":"Feature","id":"odo-otin","properties":{"id":"odo-otin","name":"Odo Otin","parentId":"osun","level":"lga"},"geometry":{"type":"Polygon","coordinates":[[[4.568715901762149,8.054872954209179],[4.621435860626484,8.076031131528447],[4.665975136218766,8.043412274827908],[4.7214219895071174,8.064570452147176],[4.7995929629956136,8.065452042868813],[4.808682611075671,8.061925679982268],[4.809591575883677,7.99668796658119],[4.775050913179458,7.968477063488832],[4.700515798922985,8.007267055240824],[4.687790291610904,7.965832291323924],[4.576896585034201,7.9640691098806515],[4.553263500026051,7.9755297892619215],[4.568715901762149,8.054872954209179]]]}},{"type":"Feature","id":"ihiala","properties":{"id":"ihiala","name":"Ihiala","parentId":"anambra","level":"lga"},"geometry":{"type":"Polygon","coordinates":[[[6.867487901208733,5.933765677952528],[6.899301669488935,5.91260750063326],[6.9938340095215334,5.894975686200536],[6.932933367385148,5.830619563521095],[6.8902120214088765,5.805935023315282],[6.88294030294483,5.751276398573839],[6.8465817106246,5.766263440841654],[6.801133470224311,5.784776845996014],[6.742050757703936,5.8738175088812685],[6.801133470224311,5.927594542901075],[6.826584484848473,5.906436365581807],[6.867487901208733,5.933765677952528]]]}},{"type":"Feature","id":"ilesha-west","properties":{"id":"ilesha-west","name":"Ilesha West","parentId":"osun","level":"lga"},"geometry":{"type":"Polygon","coordinates":[[[4.663248241794749,7.688131214008527],[4.71233234142706,7.67138099029744],[4.747781968939285,7.679315306792166],[4.784140561259516,7.639643724318537],[4.7086964821950374,7.587629871742003],[4.662339276986743,7.634354179988721],[4.663248241794749,7.688131214008527]]]}},{"type":"Feature","id":"kaltungo","properties":{"id":"kaltungo","name":"Kaltungo","parentId":"gombe","level":"lga"},"geometry":{"type":"Polygon","coordinates":[[[11.412311941237565,9.657604886143755],[11.368681630453288,9.685815789236113],[11.288692727348781,9.793369857275726],[11.295055481004821,9.838330984079171],[11.247789310988521,9.930016419129334],[11.291419621772798,9.96792482015969],[11.273240325612683,10.002306858303502],[11.30414512908488,10.02787298923095],[11.358683017565225,10.021701854179497],[11.464122935293894,9.987319816035686],[11.486847055494039,10.019938672736224],[11.533204260702332,10.006714811911682],[11.523205647814269,9.937069144902424],[11.574107677062592,9.863015524284984],[11.566835958598546,9.739592823255919],[11.504117386846149,9.699039650060655],[11.45412432240583,9.699921240782292],[11.412311941237565,9.657604886143755]]]}},{"type":"Feature","id":"irepodun","properties":{"id":"irepodun","name":"Irepodun","parentId":"osun","level":"lga"},"geometry":{"type":"Polygon","coordinates":[[[4.522358696553855,7.95525320266429],[4.553263500026051,7.9755297892619215],[4.576896585034201,7.9640691098806515],[4.568715901762149,7.937621388231566],[4.535993168673942,7.860041404727582],[4.479637350577584,7.837120045965042],[4.522358696553855,7.95525320266429]]]}},{"type":"Feature","id":"ebonyi","properties":{"id":"ebonyi","name":"Ebonyi","parentId":"ebonyi","level":"lga"},"geometry":{"type":"Polygon","coordinates":[[[8.136402773184782,6.356929224337895],[8.085500743936459,6.324310367637356],[8.034598714688137,6.373679448048982],[8.059140764504292,6.451259431552966],[8.092772462400506,6.502391693407865],[8.110042793752616,6.609945761447479],[8.062776623736315,6.720144601652001],[8.09822625124854,6.706920740827458],[8.144583456456834,6.7254341459818185],[8.160035858192932,6.760697774847266],[8.172761365505012,6.7730400449501715],[8.191849626473134,6.728078918146727],[8.191849626473134,6.663722795467286],[8.14549242126484,6.621406440828749],[8.170034471080996,6.508562828459318],[8.141856562032817,6.476825562480416],[8.152764139728886,6.415114211965882],[8.136402773184782,6.356929224337895]]]}},{"type":"Feature","id":"lafia","properties":{"id":"lafia","name":"Lafia","parentId":"nasarawa","level":"lga"},"geometry":{"type":"Polygon","coordinates":[[[8.240933726105446,8.508010585130176],[8.18821376724111,8.543274213995623],[8.168216541464984,8.586472159355795],[8.240933726105446,8.552971711933619],[8.350918467874143,8.612919881004881],[8.402729461930472,8.611156699561608],[8.466356998490875,8.653473054200145],[8.570887951411539,8.663170552138144],[8.607246543731769,8.652591463478508],[8.67814579875622,8.708131678941587],[8.610882402963792,8.769843029456121],[8.617245156619832,8.817448928424476],[8.68450855241226,8.835962333578834],[8.836305675349223,8.828028017084108],[8.840850499389251,8.877397097495734],[8.899933211909627,8.921476633577544],[8.918112508069742,9.017570022235887],[9.054457229270607,9.024622748008976],[9.071727560622715,8.94527958306172],[9.046276545998555,8.923239815020816],[9.02355242579841,8.865936418114465],[8.949926276349943,8.835962333578834],[8.945381452309915,8.79981711399175],[8.908113895181678,8.7839484810023],[8.891752528637575,8.732816219147402],[8.978104185398122,8.604985564510155],[8.996283481558237,8.518589673789808],[8.955380065197978,8.406627652142014],[8.829033956885176,8.403982879977105],[8.706323707804398,8.482444454202726],[8.63269755835593,8.478918091316181],[8.58997621237966,8.412798787193466],[8.499988696387089,8.404864470698742],[8.466356998490875,8.416325150080013],[8.41181911001053,8.472746956264729],[8.330921242098016,8.483326044924361],[8.240933726105446,8.508010585130176]]]}},{"type":"Feature","id":"ijebu-north","properties":{"id":"ijebu-north","name":"Ijebu North","parentId":"ogun","level":"lga"},"geometry":{"type":"Polygon","coordinates":[[[4.0887824831351045,7.13361065009937],[4.171498280663629,7.17063746040809],[4.197858260095796,7.048977940822296],[4.268757515120246,7.088649523295924],[4.342383664568713,7.068372936698292],[4.304207142632471,7.026938172781392],[4.151501054887502,6.991674543915945],[4.146956230847473,6.964345231545224],[4.091509377559122,6.897344336700874],[4.04878803158285,6.940542282061046],[3.9687991284783433,6.915857741855233],[3.937894325006147,6.880594112989786],[3.9115343455739797,6.874422977938332],[3.8942640142218705,6.88676524804124],[3.8288185480454553,6.867370252165243],[3.76337308186904,6.892054792371056],[3.7615551522530284,6.945831826390863],[3.794277885341236,6.989029771751037],[3.782461342837161,7.025174991338119],[3.825182688813432,7.082478388244471],[3.9388032898141527,7.084241569687744],[3.9987949671425334,7.12655792432628],[4.0887824831351045,7.13361065009937]]]}},{"type":"Feature","id":"ndokwa-west","properties":{"id":"ndokwa-west","name":"Ndokwa West","parentId":"delta","level":"lga"},"geometry":{"type":"Polygon","coordinates":[[[6.211215309828569,5.62168256249332],[6.180310506356372,5.664880507853493],[6.1666760342362865,5.7265918583680255],[6.208488415404552,5.7627370779551095],[6.296658001781111,5.76714503156329],[6.374828975269607,5.801527069707101],[6.362103467957526,5.85971205733509],[6.321200051597266,5.922304998571258],[6.243938042916777,5.967266125374703],[6.256663550228858,6.016635205786329],[6.319382121981255,6.018398387229602],[6.3611945031495205,5.989305893415608],[6.47935992819027,5.984897939807427],[6.44300133587004,5.900265230530353],[6.477541998574258,5.869409555273087],[6.436638582213999,5.791829571769103],[6.438456511830011,5.7433420820791135],[6.47299717453423,5.714249588265119],[6.434820652597987,5.68427550372949],[6.325744875637296,5.6375511954827715],[6.277569740812989,5.622564153214957],[6.211215309828569,5.62168256249332]]]}},{"type":"Feature","id":"ikeduru","properties":{"id":"ikeduru","name":"Ikeduru","parentId":"imo","level":"lga"},"geometry":{"type":"Polygon","coordinates":[[[7.211076598634913,5.599642794452416],[7.210167633826906,5.511483722288798],[7.166537323042629,5.488562363526257],[7.07836773666607,5.523825992391704],[7.092002208786157,5.59170847795769],[7.161083534194596,5.6208009717716845],[7.211076598634913,5.599642794452416]]]}},{"type":"Feature","id":"okehi","properties":{"id":"okehi","name":"Okehi","parentId":"kogi","level":"lga"},"geometry":{"type":"Polygon","coordinates":[[[6.122136758644004,7.681960078957074],[6.172129823084321,7.714578935657613],[6.268480092732933,7.706644619162887],[6.268480092732933,7.782461421223599],[6.315746262749232,7.833593683078497],[6.344833136605416,7.808027552151048],[6.386645517773681,7.811553915037592],[6.525717133398564,7.899712987201211],[6.557530901678766,7.901476168644483],[6.6166136141991405,7.859159814005946],[6.398462060277756,7.697828711946525],[6.3611945031495205,7.639643724318537],[6.286659388893048,7.593801006793456],[6.216669098676604,7.617603956277633],[6.189400154436431,7.575287601639096],[6.133953301148079,7.5523662428765554],[6.098503673635854,7.588511462463639],[6.122136758644004,7.681960078957074]]]}},{"type":"Feature","id":"yamaltudeba","properties":{"id":"yamaltudeba","name":"Yamaltu/Deba","parentId":"gombe","level":"lga"},"geometry":{"type":"Polygon","coordinates":[[[11.522296683006264,10.569169692315565],[11.583197325142649,10.593854232521377],[11.599558691686754,10.533906063450118],[11.663186228247158,10.496879253141397],[11.655005544975106,10.456326079946134],[11.60228558611077,10.42723358613214],[11.596831797262736,10.394614729431602],[11.552292521670454,10.368167007782516],[11.546838732822419,10.301166112938166],[11.58956007879869,10.282652707783807],[11.612284198998834,10.220059766547639],[11.686819313255308,10.190085682012008],[11.710452398263458,10.173335458300919],[11.75499167385574,10.091347521188755],[11.597740762070742,10.067544571704579],[11.539567014358372,10.021701854179497],[11.416856765277595,10.070189343869487],[11.330505108517047,10.07900525108585],[11.30414512908488,10.108097744899842],[11.285965832924765,10.195375226341824],[11.265968607148638,10.225349310877455],[11.199614176164216,10.207717496444731],[11.198705211356211,10.289705433556897],[11.185070739236124,10.312626792319437],[11.224156225980371,10.340837695411794],[11.27414929042069,10.339956104690158],[11.35141129910118,10.395496320153237],[11.399586433925485,10.39020677582342],[11.439580885477739,10.440457446956682],[11.406858152389532,10.465141987162497],[11.425037448549647,10.51274788613085],[11.480484301837999,10.483655392316855],[11.509571175694182,10.51980061190394],[11.522296683006264,10.569169692315565]]]}},{"type":"Feature","id":"emure","properties":{"id":"emure","name":"Emure","parentId":"ekiti","level":"lga"},"geometry":{"type":"Polygon","coordinates":[[[5.540399281520314,7.515339432567836],[5.580393733072567,7.506523525351474],[5.605844747696729,7.4730230779293],[5.599481994040689,7.450101719166758],[5.504040689200083,7.316099929478059],[5.467682096879852,7.30199447793188],[5.4322324693676265,7.383982415044045],[5.438595223023667,7.439522630507124],[5.540399281520314,7.515339432567836]]]}},{"type":"Feature","id":"ikere","properties":{"id":"ikere","name":"Ikere","parentId":"ekiti","level":"lga"},"geometry":{"type":"Polygon","coordinates":[[[5.3222477275989295,7.435996267620579],[5.192265760054105,7.436877858342216],[5.08591687751743,7.456272854218212],[5.1095499625255805,7.496826027413476],[5.172268534277977,7.540023972773649],[5.250439507766474,7.588511462463639],[5.3277015164469645,7.567353285144371],[5.3040684314388145,7.48448375731057],[5.3222477275989295,7.435996267620579]]]}},{"type":"Feature","id":"oguta","properties":{"id":"oguta","name":"Oguta","parentId":"imo","level":"lga"},"geometry":{"type":"Polygon","coordinates":[[[6.969291959705378,5.560852802700424],[6.929297508153125,5.542339397546064],[6.888394091792865,5.5291155367215215],[6.825675520040468,5.6014059758956884],[6.658425995367406,5.625208925379865],[6.668424608255469,5.689565048059306],[6.6947845876876375,5.745986854244022],[6.751140405783994,5.749513217130566],[6.801133470224311,5.784776845996014],[6.8465817106246,5.766263440841654],[6.828402414464485,5.741578900635841],[6.912027176801015,5.649893465585678],[6.954748522777287,5.626972106823137],[6.969291959705378,5.560852802700424]]]}},{"type":"Feature","id":"konshisha","properties":{"id":"konshisha","name":"Konshisha","parentId":"benue","level":"lga"},"geometry":{"type":"Polygon","coordinates":[[[8.776313998020843,7.180334958346087],[8.835396710541216,7.121268379996463],[8.833578780925205,7.07807043463629],[8.890843563829568,7.012832721235213],[8.947199381925927,6.972279548039949],[8.996283481558237,6.96258205010195],[9.005373129638295,6.88676524804124],[8.983557974246157,6.8479752562892475],[9.014462777718354,6.8127116274238],[9.013553812910347,6.764224137733811],[8.98719383347818,6.736013234641453],[8.991738657518209,6.769513682063627],[8.923566296917777,6.825053897526707],[8.83903256977324,6.869133433608516],[8.703596813380381,6.896462745979237],[8.669056150676163,6.870015024330152],[8.60270171969174,6.84973843773252],[8.53180246466729,6.883238885154695],[8.547254866403389,6.920265695463414],[8.514532133315182,7.064846573811748],[8.527257640627262,7.127439515047916],[8.51907695735521,7.202374726386992],[8.483627329842985,7.249099034633709],[8.513623168507175,7.3072840222616975],[8.595430001227694,7.347837195456961],[8.63906031201197,7.356653102673324],[8.694507165300323,7.242927899582256],[8.733592652044571,7.178571776902815],[8.776313998020843,7.180334958346087]]]}},{"type":"Feature","id":"ejigbo","properties":{"id":"ejigbo","name":"Ejigbo","parentId":"osun","level":"lga"},"geometry":{"type":"Polygon","coordinates":[[[4.371470538424898,7.848580725346312],[4.3260222980246095,7.806264370707775],[4.3378388405286845,7.725158024317247],[4.320568509176574,7.70135507483307],[4.264212691080218,7.812435505759229],[4.186950682399727,7.811553915037592],[4.133321758727387,7.793922100604869],[4.075148011015018,7.820369822253954],[4.090600412751115,7.860041404727582],[4.146956230847473,7.849462316067948],[4.202403084135825,7.868857311943945],[4.191495506439756,7.910292075860845],[4.276029233584293,7.971121835653741],[4.327840227640621,7.934976616066658],[4.371470538424898,7.848580725346312]]]}},{"type":"Feature","id":"gwer-west","properties":{"id":"gwer-west","name":"Gwer West","parentId":"benue","level":"lga"},"geometry":{"type":"Polygon","coordinates":[[[8.026418031416085,7.703118256276342],[8.03823457392016,7.736618703698517],[8.089136603168482,7.748960973801424],[8.135493808376777,7.790395737718324],[8.215482711481284,7.834475273800133],[8.385459130578363,7.76835596967742],[8.391821884234403,7.684604851121982],[8.406365321162495,7.643170087205082],[8.396366708274432,7.619367137720905],[8.340010890178075,7.602616914009818],[8.325467453249981,7.5603005593712815],[8.258204057457556,7.487128529475479],[8.271838529577641,7.459799217104757],[8.195485485705158,7.434233086177308],[8.13458484356877,7.375166507827683],[8.11095175856062,7.4218908160744],[8.090045567976489,7.505641934629837],[8.076411095856402,7.611432821226179],[8.062776623736315,7.690775986173436],[8.026418031416085,7.703118256276342]]]}},{"type":"Feature","id":"etung","properties":{"id":"etung","name":"Etung","parentId":"cross-river","level":"lga"},"geometry":{"type":"Polygon","coordinates":[[[8.599065860459717,5.826211609912914],[8.702687848572376,5.848251377953819],[8.71450439107645,5.927594542901075],[8.77904089244486,5.933765677952528],[8.799038118220986,6.065122695476319],[8.948108346733932,6.018398387229602],[8.991738657518209,5.934647268674165],[8.929929050573817,5.900265230530353],[8.868119443629425,5.845606605788911],[8.852667041893326,5.745105263522386],[8.80903673110905,5.745105263522386],[8.677236833948214,5.653419828472223],[8.574523810643562,5.642840739812589],[8.599065860459717,5.826211609912914]]]}},{"type":"Feature","id":"ekwusigo","properties":{"id":"ekwusigo","name":"Ekwusigo","parentId":"anambra","level":"lga"},"geometry":{"type":"Polygon","coordinates":[[[6.777500385216161,6.056306788259957],[6.821130696000438,6.042201336713778],[6.875668584480785,6.055425197538321],[6.862034112360698,5.997240209910333],[6.878395478904801,5.976963623312701],[6.867487901208733,5.933765677952528],[6.826584484848473,5.906436365581807],[6.801133470224311,5.927594542901075],[6.802951399840323,5.9910690748588795],[6.776591420408156,6.017516796507966],[6.777500385216161,6.056306788259957]]]}},{"type":"Feature","id":"ijero","properties":{"id":"ijero","name":"Ijero","parentId":"ekiti","level":"lga"},"geometry":{"type":"Polygon","coordinates":[[[4.946845261892548,7.902357759366119],[5.020471411341015,7.960542746994107],[5.100460314445522,7.937621388231566],[5.084098947901419,7.892660261428121],[5.097733420021505,7.848580725346312],[5.148635449269828,7.771000741842329],[5.10318720886954,7.736618703698517],[5.06228379250928,7.750724155244696],[5.029561059421073,7.729565977925428],[4.96775145247668,7.79833005421305],[4.982294889404773,7.831830501635224],[4.942300437852519,7.859159814005946],[4.946845261892548,7.902357759366119]]]}},{"type":"Feature","id":"ugwunagbo","properties":{"id":"ugwunagbo","name":"Ugwunagbo","parentId":"abia","level":"lga"},"geometry":{"type":"Polygon","coordinates":[[[7.37923508811598,5.081267450130341],[7.392869560236065,5.075977905800524],[7.426501258132278,5.029253597553807],[7.414684715628203,4.9807661078638175],[7.351966143875806,4.994871559409996],[7.298337220203466,4.95696315837964],[7.282884818467368,4.9975163315749045],[7.307426868283523,5.06539881714089],[7.318334445979593,5.06539881714089],[7.360146827147858,5.040714276935077],[7.37923508811598,5.081267450130341]]]}},{"type":"Feature","id":"olorunda","properties":{"id":"olorunda","name":"Olorunda","parentId":"osun","level":"lga"},"geometry":{"type":"Polygon","coordinates":[[[4.664157206602754,7.8415279995732226],[4.660521347370731,7.784224602666871],[4.606892423698391,7.786869374831779],[4.536902133481947,7.795685282048142],[4.535993168673942,7.860041404727582],[4.568715901762149,7.937621388231566],[4.6232537902424955,7.9111736665824814],[4.6232537902424955,7.8556334511194015],[4.664157206602754,7.8415279995732226]]]}},{"type":"Feature","id":"nasarawa-egon","properties":{"id":"nasarawa-egon","name":"Nasarawa Egon","parentId":"nasarawa","level":"lga"},"geometry":{"type":"Polygon","coordinates":[[[8.168216541464984,8.586472159355795],[8.19094066166513,8.62438056038615],[8.172761365505012,8.711658041828134],[8.18821376724111,8.757500759353213],[8.22093650032932,8.775132573785939],[8.226390289177353,8.838607105743742],[8.320922629209953,8.805988249043203],[8.361826045570213,8.839488696465379],[8.38182327134634,8.880923460382279],[8.421817722898593,8.886213004712097],[8.521803851779227,8.870344371722645],[8.509987309275152,8.826264835640835],[8.579977599491597,8.800698704713387],[8.617245156619832,8.817448928424476],[8.610882402963792,8.769843029456121],[8.67814579875622,8.708131678941587],[8.607246543731769,8.652591463478508],[8.570887951411539,8.663170552138144],[8.466356998490875,8.653473054200145],[8.402729461930472,8.611156699561608],[8.350918467874143,8.612919881004881],[8.240933726105446,8.552971711933619],[8.168216541464984,8.586472159355795]]]}},{"type":"Feature","id":"ede-north","properties":{"id":"ede-north","name":"Ede North","parentId":"osun","level":"lga"},"geometry":{"type":"Polygon","coordinates":[[[4.539629027905964,7.657275538751261],[4.395103623433048,7.7304475686470635],[4.4169187788251865,7.770119151120692],[4.4532773711454166,7.7745271047288735],[4.481455280193595,7.746316201636516],[4.515086978089808,7.721631661430703],[4.577805549842207,7.714578935657613],[4.539629027905964,7.657275538751261]]]}},{"type":"Feature","id":"afikpo-south","properties":{"id":"afikpo-south","name":"Afikpo South","parentId":"ebonyi","level":"lga"},"geometry":{"type":"Polygon","coordinates":[[[7.852805753086983,5.967266125374703],[7.837353351350885,5.948752720220344],[7.869167119631086,5.877343871767813],[7.887346415791203,5.869409555273087],[7.89007331021522,5.769789803728199],[7.916433289647387,5.747750035687294],[7.89007331021522,5.685157094451125],[7.803721653454671,5.745105263522386],[7.786451322102563,5.805053432593645],[7.724641715158171,5.816514111974916],[7.683738298797911,5.822685247026369],[7.727368609582188,5.907317956303443],[7.769180990750453,5.9549238552717965],[7.822809914422793,5.977845214034337],[7.852805753086983,5.967266125374703]]]}},{"type":"Feature","id":"oru-west","properties":{"id":"oru-west","name":"Oru West","parentId":"imo","level":"lga"},"geometry":{"type":"Polygon","coordinates":[[[6.932933367385148,5.830619563521095],[6.927479578537113,5.806816614036919],[6.956566452393298,5.763618668676745],[6.924752684113097,5.741578900635841],[6.942931980273212,5.696617773832395],[6.912027176801015,5.649893465585678],[6.828402414464485,5.741578900635841],[6.8465817106246,5.766263440841654],[6.88294030294483,5.751276398573839],[6.8902120214088765,5.805935023315282],[6.932933367385148,5.830619563521095]]]}},{"type":"Feature","id":"anambra-east","properties":{"id":"anambra-east","name":"Anambra East","parentId":"anambra","level":"lga"},"geometry":{"type":"Polygon","coordinates":[[[6.808405188688358,6.589669174849846],[6.7993155406082995,6.679591428456737],[6.861125147552691,6.753645049074176],[6.910209247185003,6.696341652167824],[6.939296121041188,6.7033943779409135],[6.942023015465205,6.622288031550385],[6.904755458336968,6.571155769695487],[6.91111821199301,6.515615554232408],[6.892938915832893,6.492694195469866],[6.892029951024888,6.411587849079337],[6.952930593161275,6.4195221655740635],[6.9874712558654934,6.304915371761361],[6.966565065281362,6.282875603720456],[6.931115437769137,6.295217873823362],[6.878395478904801,6.250256747019917],[6.820221731192433,6.231743341865557],[6.808405188688358,6.2052956202164715],[6.785681068488213,6.206177210938108],[6.783863138872203,6.255546291349734],[6.825675520040468,6.29345469238009],[6.826584484848473,6.359573996502803],[6.854762393896651,6.404535123306248],[6.835674132928531,6.478588743923687],[6.858398253128675,6.557931908870944],[6.808405188688358,6.589669174849846]]]}},{"type":"Feature","id":"vandeikya","properties":{"id":"vandeikya","name":"Vandeikya","parentId":"benue","level":"lga"},"geometry":{"type":"Polygon","coordinates":[[[9.162624041423292,6.943187054225955],[9.188075056047454,6.871778205773424],[9.1635330062313,6.830343441856524],[9.19352884489549,6.770395272785263],[9.172622654311356,6.7254341459818185],[9.18443919681543,6.693696880002916],[9.170804724695344,6.687525744951463],[9.07081859581471,6.642564618148017],[9.027188285030434,6.6504989346427426],[8.989920727902197,6.691933698559644],[8.98719383347818,6.736013234641453],[9.013553812910347,6.764224137733811],[9.014462777718354,6.8127116274238],[8.983557974246157,6.8479752562892475],[9.005373129638295,6.88676524804124],[8.996283481558237,6.96258205010195],[9.074454455046734,6.972279548039949],[9.14171785083916,6.966990003710132],[9.162624041423292,6.943187054225955]]]}},{"type":"Feature","id":"atakunmosa-west","properties":{"id":"atakunmosa-west","name":"Atakunmosa West","parentId":"osun","level":"lga"},"geometry":{"type":"Polygon","coordinates":[[[4.5269035205938835,7.614077593391088],[4.539629027905964,7.657275538751261],[4.577805549842207,7.714578935657613],[4.610528282930414,7.7524873366879685],[4.645977910442639,7.736618703698517],[4.663248241794749,7.688131214008527],[4.662339276986743,7.634354179988721],[4.7086964821950374,7.587629871742003],[4.723239919123129,7.5382607913303765],[4.782322631643504,7.556774196484737],[4.7659612650994,7.503878753186566],[4.716877165467089,7.504760343908202],[4.645977910442639,7.444812174836942],[4.613255177354431,7.505641934629837],[4.585986233114259,7.573524420195824],[4.5269035205938835,7.614077593391088]]]}},{"type":"Feature","id":"ogbaru","properties":{"id":"ogbaru","name":"Ogbaru","parentId":"anambra","level":"lga"},"geometry":{"type":"Polygon","coordinates":[[[6.757503159440034,6.134768362485577],[6.790225892528243,6.132123590320669],[6.805678294264341,6.121544501661035],[6.812950012728386,6.093333598568677],[6.777500385216161,6.056306788259957],[6.776591420408156,6.017516796507966],[6.802951399840323,5.9910690748588795],[6.801133470224311,5.927594542901075],[6.742050757703936,5.8738175088812685],[6.801133470224311,5.784776845996014],[6.751140405783994,5.749513217130566],[6.6947845876876375,5.745986854244022],[6.668424608255469,5.689565048059306],[6.602070177271049,5.687801866616034],[6.639337734399286,5.739815719192569],[6.651154276903361,5.817395702696553],[6.673878397103504,5.888804551149083],[6.700238376535671,5.929357724344348],[6.7193266375037926,5.9963586191886975],[6.7256893911598326,6.040438155270506],[6.704783200575701,6.08099132846577],[6.757503159440034,6.134768362485577]]]}},{"type":"Feature","id":"ikwuano","properties":{"id":"ikwuano","name":"Ikwuano","parentId":"abia","level":"lga"},"geometry":{"type":"Polygon","coordinates":[[[7.658287284173749,5.44624600888772],[7.621928691853519,5.388061021259732],[7.666467967445801,5.346626257342832],[7.621928691853519,5.317533763528838],[7.571935627413202,5.324586489301928],[7.539212894324994,5.294612404766298],[7.526487387012914,5.3034283119826595],[7.51012602046881,5.431258966619906],[7.52921428143693,5.479746456309895],[7.571026662605195,5.503549405794072],[7.658287284173749,5.44624600888772]]]}},{"type":"Feature","id":"keffi","properties":{"id":"keffi","name":"Keffi","parentId":"nasarawa","level":"lga"},"geometry":{"type":"Polygon","coordinates":[[[7.862804365975046,8.923239815020816],[7.893709169447243,8.901200046979913],[7.8928002046392365,8.797172341826842],[7.84280714019892,8.750448033580124],[7.7837244276785444,8.760145531518123],[7.775543744406493,8.83243597069229],[7.7882692517185745,8.888857776877005],[7.862804365975046,8.923239815020816]]]}},{"type":"Feature","id":"adavi","properties":{"id":"adavi","name":"Adavi","parentId":"kogi","level":"lga"},"geometry":{"type":"Polygon","coordinates":[[[6.297566966589117,7.533852837722195],[6.189400154436431,7.575287601639096],[6.216669098676604,7.617603956277633],[6.286659388893048,7.593801006793456],[6.3611945031495205,7.639643724318537],[6.398462060277756,7.697828711946525],[6.6166136141991405,7.859159814005946],[6.660243924983417,7.8441727717381315],[6.710236989423734,7.786869374831779],[6.688421834031597,7.780698239780326],[6.542987464750674,7.686368032565255],[6.503901978006426,7.6299462263805395],[6.434820652597987,7.609669639782908],[6.403006884317786,7.532089656278924],[6.327562805253307,7.547958289268374],[6.297566966589117,7.533852837722195]]]}},{"type":"Feature","id":"oru-east","properties":{"id":"oru-east","name":"Oru East","parentId":"imo","level":"lga"},"geometry":{"type":"Polygon","coordinates":[[[7.010195376065639,5.649893465585678],[6.954748522777287,5.626972106823137],[6.912027176801015,5.649893465585678],[6.942931980273212,5.696617773832395],[6.924752684113097,5.741578900635841],[6.956566452393298,5.763618668676745],[6.927479578537113,5.806816614036919],[6.982017467017458,5.794474343934012],[6.9811085022094534,5.776842529501288],[6.9747457485534134,5.711604816100211],[7.002923657601592,5.697499364554032],[7.002014692793585,5.685157094451125],[7.010195376065639,5.649893465585678]]]}},{"type":"Feature","id":"remo-north","properties":{"id":"remo-north","name":"Remo North","parentId":"ogun","level":"lga"},"geometry":{"type":"Polygon","coordinates":[[[3.825182688813432,7.082478388244471],[3.782461342837161,7.025174991338119],[3.794277885341236,6.989029771751037],[3.7615551522530284,6.945831826390863],[3.7179248414687516,6.919384104741778],[3.646116621636296,6.9899113624726725],[3.696109686076613,7.063083392368475],[3.7261055247408033,7.086004751131016],[3.825182688813432,7.082478388244471]]]}},{"type":"Feature","id":"karu","properties":{"id":"karu","name":"Karu","parentId":"nasarawa","level":"lga"},"geometry":{"type":"Polygon","coordinates":[[[7.55284736644508,8.761908712961395],[7.5946597476133455,8.856238920176466],[7.5892059587653105,9.101321140791324],[7.5882969939573055,9.128650453162045],[7.6673769322538075,9.304087006767645],[7.723732750350164,9.329653137695095],[7.792814075758603,9.275876103675287],[7.87280297886311,9.289981555221466],[7.919160184071405,9.317310867592187],[7.940975339463543,9.313784504705644],[8.060958694120304,9.266178605737291],[8.08731867355247,9.230914976871844],[8.070957307008367,9.154216584089495],[8.028235961032097,9.128650453162045],[7.97369807255175,9.064294330482605],[7.946429128311577,9.061649558317697],[7.8928002046392365,9.017570022235887],[7.862804365975046,8.923239815020816],[7.7882692517185745,8.888857776877005],[7.775543744406493,8.83243597069229],[7.7837244276785444,8.760145531518123],[7.84280714019892,8.750448033580124],[7.8928002046392365,8.797172341826842],[7.924613972919438,8.767198257291213],[7.935521550615508,8.723118721209403],[7.903707782335307,8.67992077584923],[7.900071923103283,8.643775556262147],[7.760091342670394,8.717829176879587],[7.727368609582188,8.693144636673772],[7.6801024395658875,8.702842134611771],[7.657378319365744,8.740750535642126],[7.55284736644508,8.761908712961395]]]}},{"type":"Feature","id":"ikenne","properties":{"id":"ikenne","name":"Ikenne","parentId":"ogun","level":"lga"},"geometry":{"type":"Polygon","coordinates":[[[3.6915648620365844,6.7924350408261684],[3.6915648620365844,6.834751395464705],[3.6124849237400825,6.909686606803779],[3.587033909115921,6.905278653195599],[3.59157873315595,6.952002961442316],[3.646116621636296,6.9899113624726725],[3.7179248414687516,6.919384104741778],[3.7615551522530284,6.945831826390863],[3.76337308186904,6.892054792371056],[3.7370131024368725,6.877067750103241],[3.6915648620365844,6.7924350408261684]]]}},{"type":"Feature","id":"ila","properties":{"id":"ila","name":"Ila","parentId":"osun","level":"lga"},"geometry":{"type":"Polygon","coordinates":[[[4.998656255948877,8.030188414003366],[4.970478346900698,7.9808193335917395],[4.923212176884398,7.951726839777745],[4.9459362970845415,7.901476168644483],[4.922303212076392,7.861804586170855],[4.865038429172029,7.8415279995732226],[4.84322327377989,7.863567767614127],[4.872310147636075,7.883844354211759],[4.893216338220208,7.934095025345021],[4.845950168203908,7.986990468643192],[4.809591575883677,7.99668796658119],[4.808682611075671,8.061925679982268],[4.85413085147596,8.095426127404442],[4.9268480361164215,8.079557494414992],[4.970478346900698,8.032833186168274],[4.998656255948877,8.030188414003366]]]}},{"type":"Feature","id":"doma","properties":{"id":"doma","name":"Doma","parentId":"nasarawa","level":"lga"},"geometry":{"type":"Polygon","coordinates":[[[8.215482711481284,7.834475273800133],[8.113678652984639,7.863567767614127],[8.040961468344177,7.896186624314666],[8.021873207376055,7.9446741140046555],[7.987332544671837,7.974648198540286],[7.98460565024782,8.024898869673548],[8.012783559295999,8.080439085136629],[8.039143538728165,8.094544536682807],[8.048233186808224,8.143032026372797],[8.026418031416085,8.180940427403153],[8.043688362768194,8.253230866577319],[8.073684201432386,8.289376086164403],[8.07459316624039,8.338745166576029],[8.183668943201083,8.42161469440983],[8.147310350880852,8.469220593378182],[8.222754429945331,8.484207635645998],[8.240933726105446,8.508010585130176],[8.330921242098016,8.483326044924361],[8.41181911001053,8.472746956264729],[8.466356998490875,8.416325150080013],[8.499988696387089,8.404864470698742],[8.509078344467147,8.261165183072045],[8.520894886971222,8.184466790289697],[8.51271420369917,8.15801906864061],[8.466356998490875,8.13950566348625],[8.390912919426396,8.078675903693355],[8.37091569365027,8.046057046992816],[8.348191573450126,7.9279238902935685],[8.389094989810385,7.892660261428121],[8.415454969242553,7.800093235656322],[8.385459130578363,7.76835596967742],[8.215482711481284,7.834475273800133]]]}},{"type":"Feature","id":"nafada","properties":{"id":"nafada","name":"Nafada","parentId":"gombe","level":"lga"},"geometry":{"type":"Polygon","coordinates":[[[10.981462622242832,11.179230471687802],[11.077812891891444,11.286784539727416],[11.09144736401153,11.225954779934519],[11.182343844812106,11.198625467563797],[11.224156225980371,11.165125020141623],[11.248698275796528,11.183638425295982],[11.341412686213117,11.16336183869835],[11.391405750653433,11.090189808802547],[11.378680243341352,11.039939137669286],[11.331414073325051,11.009083462412018],[11.322324425244995,10.96500392633021],[11.343230615829127,10.928858706743126],[11.345048545445138,10.871555309836776],[11.36413680641326,10.839818043857871],[11.34050372140511,10.795738507776063],[11.245062416564505,10.801028052105881],[11.205067965012251,10.81248873148715],[11.217793472324331,10.85656826756896],[11.102354941707599,10.933266660351308],[11.12144320267572,11.005557099525475],[11.055088771691299,11.089308218080912],[11.016003284947052,11.107821623235271],[11.008731566483005,11.149256387152171],[10.981462622242832,11.179230471687802]]]}},{"type":"Feature","id":"gwer-east","properties":{"id":"gwer-east","name":"Gwer East","parentId":"benue","level":"lga"},"geometry":{"type":"Polygon","coordinates":[[[8.696325094916334,7.6608019016378055],[8.76813331474879,7.652867585143079],[8.756316772244716,7.558537377928008],[8.647240995284024,7.48889171091875],[8.654512713748069,7.41748286246622],[8.63906031201197,7.356653102673324],[8.595430001227694,7.347837195456961],[8.513623168507175,7.3072840222616975],[8.483627329842985,7.249099034633709],[8.51907695735521,7.202374726386992],[8.527257640627262,7.127439515047916],[8.514532133315182,7.064846573811748],[8.422726687706598,7.052504303708841],[8.40545635635449,7.10363656556374],[8.360008115954201,7.119505198553191],[8.256386127841544,7.125676333604645],[8.234570972449406,7.175927004737906],[8.220027535521313,7.2711388026746135],[8.13458484356877,7.375166507827683],[8.195485485705158,7.434233086177308],[8.271838529577641,7.459799217104757],[8.258204057457556,7.487128529475479],[8.325467453249981,7.5603005593712815],[8.340010890178075,7.602616914009818],[8.396366708274432,7.619367137720905],[8.406365321162495,7.643170087205082],[8.451813561562783,7.578813964525641],[8.523621781395239,7.550603061433283],[8.601792754883736,7.569998057309279],[8.696325094916334,7.6608019016378055]]]}},{"type":"Feature","id":"efon","properties":{"id":"efon","name":"Efon","parentId":"ekiti","level":"lga"},"geometry":{"type":"Polygon","coordinates":[[[4.886853584564167,7.6898943954518],[4.915940458420351,7.8027380078212305],[4.972296276516709,7.763066425347603],[4.974114206132721,7.707526209884524],[5.016835552108992,7.666091445967623],[4.98502178382879,7.609669639782908],[4.93775561381249,7.617603956277633],[4.912304599188328,7.546195107825103],[4.864129464364023,7.62289350060745],[4.886853584564167,7.6898943954518]]]}},{"type":"Feature","id":"ihitteuboma","properties":{"id":"ihitteuboma","name":"Ihitte/Uboma","parentId":"imo","level":"lga"},"geometry":{"type":"Polygon","coordinates":[[[7.305608938667511,5.585537342906237],[7.3028820442434945,5.6014059758956884],[7.336513742139708,5.615511427441867],[7.363782686379881,5.70014413671894],[7.3819619825399965,5.705433681048758],[7.392869560236065,5.68868345733767],[7.431955046980313,5.609340292390414],[7.425592293324273,5.585537342906237],[7.356510967915835,5.605813929503869],[7.305608938667511,5.585537342906237]]]}},{"type":"Feature","id":"ekiti-west","properties":{"id":"ekiti-west","name":"Ekiti West","parentId":"ekiti","level":"lga"},"geometry":{"type":"Polygon","coordinates":[[[4.9459362970845415,7.901476168644483],[4.946845261892548,7.902357759366119],[4.942300437852519,7.859159814005946],[4.982294889404773,7.831830501635224],[4.96775145247668,7.79833005421305],[5.029561059421073,7.729565977925428],[5.06228379250928,7.750724155244696],[5.10318720886954,7.736618703698517],[5.1159127161816205,7.698710302668161],[5.102278244061534,7.636117361431992],[5.083189983093413,7.615840774834361],[5.075918264629367,7.540905563495285],[5.035014848269107,7.536497609887104],[4.975023170940727,7.561182150092917],[4.919576317652375,7.5215105676192895],[4.912304599188328,7.546195107825103],[4.93775561381249,7.617603956277633],[4.98502178382879,7.609669639782908],[5.016835552108992,7.666091445967623],[4.974114206132721,7.707526209884524],[4.972296276516709,7.763066425347603],[4.915940458420351,7.8027380078212305],[4.922303212076392,7.861804586170855],[4.9459362970845415,7.901476168644483]]]}},{"type":"Feature","id":"atisbo","properties":{"id":"atisbo","name":"Atisbo","parentId":"oyo","level":"lga"},"geometry":{"type":"Polygon","coordinates":[[[2.869860675599371,8.259402001628771],[2.746241461710587,8.228546326371506],[2.7098828693903565,8.326402896473123],[2.7244263063184486,8.431312192347828],[2.770783511526743,8.435720145956008],[2.8198676111590544,8.46745741193491],[2.9580302619759307,8.508892175851813],[3.0525626020085306,8.501839450078723],[3.145277012425119,8.44012809956419],[3.198905936097459,8.443654462450734],[3.213449373025551,8.508010585130176],[3.2743500151619376,8.53445830677926],[3.3352506572983236,8.52299762739799],[3.361610636730491,8.584708977912523],[3.4325098917549406,8.569721935644708],[3.44341746945101,8.551208530490348],[3.532496020635575,8.58559056863416],[3.583398049883898,8.554734893376892],[3.5933966627719616,8.49302354286236],[3.672476601068463,8.457759913996913],[3.68611107318855,8.432193783069463],[3.8106392518853394,8.546800576882166],[3.8742667884457433,8.553853302655256],[3.9315315713501064,8.469220593378182],[3.904262627109934,8.37312720471984],[3.8569964570936337,8.327284487194758],[3.797004779765253,8.342271529462574],[3.687929002804561,8.405746061420377],[3.5588560000677423,8.396930154204016],[3.477958132155229,8.361666525338569],[3.478867096963235,8.334337212967847],[3.361610636730491,8.309652672762034],[3.2516258949617933,8.37048243255493],[3.1952700768654356,8.376653567606384],[3.1843624991693664,8.340508348019302],[3.0671060389366227,8.315823807813487],[2.9816633469840808,8.330810850081303],[2.9280344233117406,8.352850618122208],[2.86804274598336,8.312297444926944],[2.869860675599371,8.259402001628771]]]}},{"type":"Feature","id":"isu","properties":{"id":"isu","name":"Isu","parentId":"imo","level":"lga"},"geometry":{"type":"Polygon","coordinates":[[[7.098364962442197,5.7292366305329345],[7.079276701474075,5.7186575418733],[7.089275314362139,5.670170052183311],[7.081094631090087,5.648130284142406],[7.029283637033759,5.649893465585678],[7.002014692793585,5.685157094451125],[7.002923657601592,5.697499364554032],[7.062915334929972,5.736289356306024],[7.076549807050059,5.734526174862752],[7.098364962442197,5.7292366305329345]]]}},{"type":"Feature","id":"ogbadibo","properties":{"id":"ogbadibo","name":"Ogbadibo","parentId":"benue","level":"lga"},"geometry":{"type":"Polygon","coordinates":[[[7.688283122837939,6.852383209897429],[7.658287284173749,6.868251842886879],[7.620110762237507,6.919384104741778],[7.577389416261235,6.932607965566321],[7.555574260869097,6.980213864534674],[7.530123246244937,7.032227717111208],[7.611021114157449,7.026938172781392],[7.601931466077392,7.090412704739197],[7.642834882437651,7.158295190305183],[7.7100982782300775,7.182979730510995],[7.740094116894268,7.164466325356637],[7.772816849982476,7.090412704739197],[7.763727201902418,7.0093063583486686],[7.6855562284139225,6.903515471752327],[7.711916207846089,6.86119911711379],[7.688283122837939,6.852383209897429]]]}},{"type":"Feature","id":"atakunmosa-east","properties":{"id":"atakunmosa-east","name":"Atakunmosa East","parentId":"osun","level":"lga"},"geometry":{"type":"Polygon","coordinates":[[[4.845041203395902,7.375166507827683],[4.755053687403331,7.361061056281504],[4.7450550745152675,7.31345515731315],[4.71233234142706,7.316099929478059],[4.665066171410761,7.384864005765682],[4.670519960258795,7.404259001641677],[4.645977910442639,7.444812174836942],[4.716877165467089,7.504760343908202],[4.7659612650994,7.503878753186566],[4.782322631643504,7.556774196484737],[4.820499153579746,7.568234875866007],[4.849586027435931,7.4880101201971145],[4.826861907235786,7.399851048033496],[4.845041203395902,7.375166507827683]]]}},{"type":"Feature","id":"akwanga","properties":{"id":"akwanga","name":"Akwanga","parentId":"nasarawa","level":"lga"},"geometry":{"type":"Polygon","coordinates":[[[8.155491034152904,9.041372971720065],[8.191849626473134,9.052833651101334],[8.232753042833394,9.10484750367787],[8.258204057457556,9.18330907790349],[8.345464679026108,9.193888166563124],[8.387277060194375,9.175374761408763],[8.473628716954922,9.073110237698966],[8.504533520427119,9.001701389246435],[8.529984535051279,8.880923460382279],[8.521803851779227,8.870344371722645],[8.421817722898593,8.886213004712097],[8.38182327134634,8.880923460382279],[8.361826045570213,8.839488696465379],[8.320922629209953,8.805988249043203],[8.226390289177353,8.838607105743742],[8.235479937257411,8.902963228423184],[8.1863958376251,8.95233230883481],[8.178215154353047,9.01933320367916],[8.155491034152904,9.041372971720065]]]}},{"type":"Feature","id":"rafi","properties":{"id":"rafi","name":"Rafi","parentId":"niger","level":"lga"},"geometry":{"type":"Polygon","coordinates":[[[6.092140919979814,10.521563793347212],[6.158495350964234,10.500405616027944],[6.174856717508338,10.442220628399955],[6.173038787892327,10.380509277885423],[6.235757359644724,10.384917231493603],[6.254845620612846,10.42723358613214],[6.285750424085042,10.414009725307597],[6.321200051597266,10.443102219121592],[6.315746262749232,10.48012902943031],[6.383009658541659,10.54007719850157],[6.40209791950978,10.574459236645382],[6.4948123299263685,10.615894000562282],[6.523899203782553,10.594735823243013],[6.540260570326657,10.545366742831387],[6.558439866486772,10.462497214997587],[6.551168148022725,10.391088366545056],[6.491176470694345,10.299402931494892],[6.428457898941947,10.3117452015978],[6.363921397573538,10.25620498613472],[6.376646904885618,10.206835905723095],[6.4157323916298665,10.20595431500146],[6.4584537376061375,10.123966377889293],[6.478450963382264,10.14336137376529],[6.525717133398564,10.11338728922966],[6.549350218406714,10.051675938715128],[6.559348831294777,9.984675043870777],[6.502084048390414,9.950293005726966],[6.497539224350385,9.895634380985523],[6.431184793365965,9.854199617068623],[6.341197277373394,9.910621423253339],[6.309383509093192,9.895634380985523],[6.234848394836719,9.89387119954225],[6.193944978476459,9.882410520160981],[6.137589160380102,9.812764853151723],[6.081233342283745,9.809238490265177],[5.9721575653230525,9.774856452121366],[5.849447316242274,9.79248826655409],[5.855810069898315,9.811883262430086],[5.950342409930914,9.924726874799518],[5.980338248595104,9.94235868923224],[6.003971333603254,10.002306858303502],[5.999426509563225,10.070189343869487],[6.024877524187387,10.195375226341824],[6.018514770531347,10.228875673764],[6.0585092220836,10.297639750051621],[6.044874749963514,10.314389973762708],[6.037603031499468,10.397259501596508],[6.053964398043572,10.453681307781224],[6.08214230709175,10.46866835004904],[6.092140919979814,10.521563793347212]]]}},{"type":"Feature","id":"odukpani","properties":{"id":"odukpani","name":"Odukpani","parentId":"cross-river","level":"lga"},"geometry":{"type":"Polygon","coordinates":[[[8.396366708274432,5.126228576933787],[8.368188799226253,5.078622677965433],[8.362735010378218,5.034543141883624],[8.29365368496978,5.040714276935077],[8.301834368241831,4.98693724291527],[8.222754429945331,4.934041799617099],[8.195485485705158,4.954318386214732],[8.160944823000937,4.969305428482547],[8.125495195488714,4.981647698585453],[8.09822625124854,5.043359049099986],[8.099135216056546,5.106833581057791],[8.083682814320449,5.125346986212151],[8.065503518160332,5.198519016107953],[8.016419418528022,5.247006505797944],[7.98006082620779,5.207334923324316],[7.94370223388756,5.245243324354671],[7.922796043303427,5.294612404766298],[7.841898175390915,5.336047168683198],[7.8800746973271565,5.366902843940464],[7.9773339317837735,5.354560573837558],[7.986423579863832,5.3704292068270085],[7.91370639522337,5.523825992391704],[7.992786333519872,5.555563258370607],[8.006420805639959,5.399521700641003],[8.041870433152182,5.345744666621195],[8.060049729312299,5.272572636725393],[8.100044180864552,5.272572636725393],[8.161853787808944,5.30783626559084],[8.17367033031302,5.241716961468127],[8.226390289177353,5.2117428769324965],[8.265475775921601,5.244361733633035],[8.33455710133004,5.207334923324316],[8.413637039626542,5.195874243943045],[8.396366708274432,5.126228576933787]]]}},{"type":"Feature","id":"gbako","properties":{"id":"gbako","name":"Gbako","parentId":"niger","level":"lga"},"geometry":{"type":"Polygon","coordinates":[[[6.201216696940506,9.461891745940523],[6.158495350964234,9.446904703672708],[6.1666760342362865,9.390482897487992],[6.143042949228136,9.249428382026203],[6.2212139227166325,9.230914976871844],[6.143042949228136,9.139229541821681],[6.125772617876027,9.078399782028784],[6.054873362851577,9.089860461410055],[5.9966996151392085,9.1348215882135],[5.91034795837866,9.158624537697676],[5.8376307737382,9.131295225326955],[5.830359055274153,9.171848398522219],[5.83308594969817,9.23355974903675],[5.862172823554355,9.369324720168724],[5.895804521450568,9.41869380058035],[5.9121658879946715,9.50156332841415],[5.95125137473892,9.550932408825776],[5.989427896675162,9.553577180990686],[6.036694066691462,9.530655822228145],[6.095776779211837,9.558866725320502],[6.189400154436431,9.512142417073784],[6.201216696940506,9.461891745940523]]]}},{"type":"Feature","id":"ukwuani","properties":{"id":"ukwuani","name":"Ukwuani","parentId":"delta","level":"lga"},"geometry":{"type":"Polygon","coordinates":[[[6.1666760342362865,5.7265918583680255],[6.149405702884177,5.75568435218202],[6.152132597308194,5.805053432593645],[6.121227793835998,5.839435470737457],[6.201216696940506,5.896738867643808],[6.243938042916777,5.967266125374703],[6.321200051597266,5.922304998571258],[6.362103467957526,5.85971205733509],[6.374828975269607,5.801527069707101],[6.296658001781111,5.76714503156329],[6.208488415404552,5.7627370779551095],[6.1666760342362865,5.7265918583680255]]]}},{"type":"Feature","id":"awka-south","properties":{"id":"awka-south","name":"Awka South","parentId":"anambra","level":"lga"},"geometry":{"type":"Polygon","coordinates":[[[7.138359413994451,6.211466755267925],[7.151084921306532,6.17796630784575],[7.076549807050059,6.117136548052853],[7.0120133056816485,6.140939497537031],[7.016558129721679,6.168268809907753],[7.029283637033759,6.236151295473738],[7.089275314362139,6.270533333617549],[7.138359413994451,6.211466755267925]]]}},{"type":"Feature","id":"gurara","properties":{"id":"gurara","name":"Gurara","parentId":"niger","level":"lga"},"geometry":{"type":"Polygon","coordinates":[[[7.092002208786157,9.21063839027421],[7.030192601841765,9.257362698520929],[7.015649164913672,9.268823377902198],[6.788407962912231,9.270586559345471],[6.723871461543821,9.289099964499831],[6.722962496735816,9.352574496457635],[6.797497610992288,9.371087901611997],[6.855671358704658,9.399298804704355],[6.938387156233182,9.371969492333632],[7.039282249921822,9.387838125323082],[7.104727716098237,9.453957429445797],[7.100182892058209,9.476878788208337],[7.219257281906964,9.492747421197787],[7.201077985746849,9.46012856449725],[7.231982789219044,9.317310867592187],[7.237436578067079,9.273231331510381],[7.207440739402889,9.24766520058293],[7.191079372858786,9.283810420170013],[7.150175956498526,9.270586559345471],[7.092002208786157,9.21063839027421]]]}},{"type":"Feature","id":"kontagora","properties":{"id":"kontagora","name":"Kontagora","parentId":"niger","level":"lga"},"geometry":{"type":"Polygon","coordinates":[[[5.167723710237949,10.283534298505442],[5.193174724862111,10.332021788195433],[5.244985718918439,10.361995872731063],[5.308613255478843,10.348772011906519],[5.3404270237590445,10.37169337066906],[5.354970460687137,10.414009725307597],[5.3277015164469645,10.478365847987039],[5.3222477275989295,10.555945831491023],[5.344062882991068,10.619420363448828],[5.406781454743466,10.559472194377566],[5.4622283080318175,10.56123537582084],[5.508585513240112,10.604433321181013],[5.529491703824244,10.687302849014813],[5.570395120184504,10.703171482004265],[5.599481994040689,10.67848694179845],[5.622206114240832,10.600906958294466],[5.673108143489156,10.54007719850157],[5.692196404457277,10.329377016030524],[5.663109530601092,10.298521340773258],[5.7167384542734325,10.236809990258724],[5.651292988097017,10.21477022221782],[5.540399281520314,10.216533403661092],[5.456774519183783,10.194493635620187],[5.406781454743466,10.246507488196723],[5.325883586830953,10.242981125310177],[5.167723710237949,10.283534298505442]]]}},{"type":"Feature","id":"mashegu","properties":{"id":"mashegu","name":"Mashegu","parentId":"niger","level":"lga"},"geometry":{"type":"Polygon","coordinates":[[[5.581302697880573,9.7025660129472],[5.515857231704158,9.704329194390471],[5.480407604191933,9.795133038718998],[5.4313235045596215,9.802185764492087],[5.355879425495143,9.690223742844292],[5.292251888934739,9.670828746968297],[5.255893296614508,9.589722400577768],[5.216807809870261,9.5685642232585],[5.1522713085018506,9.5685642232585],[5.138636836381765,9.528011050063235],[5.221352633910289,9.50861605418724],[5.185903006398064,9.468944471713613],[5.06864654616532,9.422220163466895],[5.020471411341015,9.388719716044719],[4.9459362970845415,9.356100859344181],[4.865947393980035,9.369324720168724],[4.823226048003764,9.426628117075076],[4.849586027435931,9.493629011919424],[4.823226048003764,9.553577180990686],[4.697788904498967,9.615288531505218],[4.567806936954144,9.599419898515766],[4.633252403130559,9.740474413977555],[4.638706191978593,9.794251447997361],[4.621435860626484,9.818935988203176],[4.6841544323788815,9.894752790263887],[4.694153045266945,9.93530596345915],[4.736874391243216,9.975859136654416],[4.794139174147579,9.998780495416955],[4.864129464364023,9.958227322221692],[4.904123915916276,9.984675043870777],[4.913213563996335,10.102808200570024],[4.928665965732432,10.164519551084558],[4.97865903017275,10.19890158922837],[5.108640997717574,10.232402036650544],[5.167723710237949,10.283534298505442],[5.325883586830953,10.242981125310177],[5.406781454743466,10.246507488196723],[5.456774519183783,10.194493635620187],[5.540399281520314,10.216533403661092],[5.651292988097017,10.21477022221782],[5.7167384542734325,10.236809990258724],[5.757641870633691,10.185677728403826],[5.807634935074009,10.16187477891965],[5.878534190098458,10.16628273252783],[5.93398104338681,10.137190238713837],[5.999426509563225,10.070189343869487],[6.003971333603254,10.002306858303502],[5.980338248595104,9.94235868923224],[5.950342409930914,9.924726874799518],[5.855810069898315,9.811883262430086],[5.849447316242274,9.79248826655409],[5.799454251801957,9.713145101606834],[5.710375700617392,9.740474413977555],[5.665836425025109,9.726368962431376],[5.586756486728607,9.729013734596286],[5.581302697880573,9.7025660129472]]]}},{"type":"Feature","id":"wushishi","properties":{"id":"wushishi","name":"Wushishi","parentId":"niger","level":"lga"},"geometry":{"type":"Polygon","coordinates":[[[5.9121658879946715,9.50156332841415],[5.864899717978372,9.490102649032881],[5.8203604423860895,9.509497644908876],[5.798545286993951,9.482168332538155],[5.742189468897593,9.526247868619963],[5.707648806193374,9.610880577897037],[5.6012999236567,9.67964465418466],[5.581302697880573,9.7025660129472],[5.586756486728607,9.729013734596286],[5.665836425025109,9.726368962431376],[5.710375700617392,9.740474413977555],[5.799454251801957,9.713145101606834],[5.849447316242274,9.79248826655409],[5.9721575653230525,9.774856452121366],[6.081233342283745,9.809238490265177],[6.137589160380102,9.812764853151723],[6.193944978476459,9.882410520160981],[6.234848394836719,9.89387119954225],[6.301202825821139,9.81540962531663],[6.303929720245158,9.775738042843003],[6.283023529661024,9.703447603668835],[6.216669098676604,9.710500329441924],[6.183037400780391,9.578261721196498],[6.2212139227166325,9.533300594393053],[6.189400154436431,9.512142417073784],[6.095776779211837,9.558866725320502],[6.036694066691462,9.530655822228145],[5.989427896675162,9.553577180990686],[5.95125137473892,9.550932408825776],[5.9121658879946715,9.50156332841415]]]}},{"type":"Feature","id":"shiroro","properties":{"id":"shiroro","name":"Shiroro","parentId":"niger","level":"lga"},"geometry":{"type":"Polygon","coordinates":[[[6.540260570326657,10.545366742831387],[6.647518417671337,10.593854232521377],[6.731143180007868,10.596499004686287],[6.7193266375037926,10.643223312933003],[6.802951399840323,10.643223312933003],[6.8293113792724895,10.624709907778644],[6.842036886584571,10.572696055202108],[6.912936141609022,10.538314017058298],[6.95383955796928,10.481892210873582],[6.922934754497085,10.382272459328695],[6.933842332193153,10.361114282009426],[7.020193988953702,10.354061556236337],[7.051098792425897,10.317034745927618],[7.010195376065639,10.250033851083266],[6.970200924513383,10.232402036650544],[6.954748522777287,10.19184886345528],[6.921116824881073,10.190967272733644],[6.885667197368848,10.150414099538379],[6.9011195991049465,10.07636047892094],[6.868396866016738,9.962635275829872],[6.847490675432606,9.922963693356245],[6.860216182744686,9.775738042843003],[6.874759619672778,9.746645549029008],[6.828402414464485,9.70961873872029],[6.8465817106246,9.63292034593794],[6.8465817106246,9.533300594393053],[6.777500385216161,9.558866725320502],[6.6829680451835625,9.532419003671418],[6.622067403047176,9.539471729444507],[6.653881171327377,9.59853830779413],[6.640246699207291,9.678763063463023],[6.578437092262899,9.721961008823197],[6.562075725718795,9.760751000575187],[6.609341895735095,9.782790768616092],[6.594798458807002,9.832159849027718],[6.615704649391136,9.861252342841713],[6.497539224350385,9.895634380985523],[6.502084048390414,9.950293005726966],[6.559348831294777,9.984675043870777],[6.549350218406714,10.051675938715128],[6.525717133398564,10.11338728922966],[6.478450963382264,10.14336137376529],[6.4584537376061375,10.123966377889293],[6.4157323916298665,10.20595431500146],[6.376646904885618,10.206835905723095],[6.363921397573538,10.25620498613472],[6.428457898941947,10.3117452015978],[6.491176470694345,10.299402931494892],[6.551168148022725,10.391088366545056],[6.558439866486772,10.462497214997587],[6.540260570326657,10.545366742831387]]]}},{"type":"Feature","id":"borgu","properties":{"id":"borgu","name":"Borgu","parentId":"niger","level":"lga"},"geometry":{"type":"Polygon","coordinates":[[[3.797004779765253,10.065781390261307],[3.7715537651410918,10.047267985106945],[3.7306503487808325,10.068426162426213],[3.684293143572538,10.156585234589834],[3.5815801202678865,10.275599982010718],[3.6370269735562384,10.411364953142687],[3.7061082989646765,10.447510172729771],[3.79336892053323,10.405193818091234],[3.855178527477622,10.585038325305016],[3.848815773821582,10.682894895406633],[3.754283433788982,10.794856917054428],[3.74610275051693,10.820423047981876],[3.7751896243731147,10.898884622207497],[3.76973583552508,10.920042799526765],[3.8024585686132877,10.94649052117585],[3.9324405361581123,10.942964158289305],[3.9933411782944988,11.016136188185108],[4.100599025639179,11.026715276844742],[4.225127204335969,11.019662551071654],[4.276938198392298,10.954424837670576],[4.314205755520534,10.950016884062395],[4.336020910912673,10.918279618083492],[4.312387825904523,10.84510758818769],[4.286027846472356,10.821304638703513],[4.36238089034484,10.756948516024071],[4.342383664568713,10.686421258293176],[4.3442015941847245,10.63264422427337],[4.309660931480505,10.55418265004775],[4.405102236321111,10.543603561388116],[4.498725611545705,10.592091051078105],[4.509633189241774,10.534787654171755],[4.479637350577584,10.421062451080687],[4.490544928273653,10.314389973762708],[4.559626253682091,10.267665665515992],[4.567806936954144,10.222704538712545],[4.527812485401889,10.14336137376529],[4.529630415017901,10.100163428405118],[4.57053383137816,10.06930775314785],[4.585986233114259,10.034044124282403],[4.572351760994172,9.975859136654416],[4.595075881194316,9.870068250058074],[4.621435860626484,9.818935988203176],[4.638706191978593,9.794251447997361],[4.633252403130559,9.740474413977555],[4.567806936954144,9.599419898515766],[4.547809711178016,9.559748316042139],[4.571442796186166,9.495392193362697],[4.6114372477384205,9.428391298518347],[4.609619318122409,9.361390403673997],[4.501452505969722,9.440733568621255],[4.443278758257353,9.509497644908876],[4.3505643478407645,9.587959219134497],[4.282391987240333,9.694631696452474],[4.171498280663629,9.819817578924813],[4.152410019695508,9.86213393356335],[4.0951452367911445,9.8780025665528],[4.0833286942870695,9.851554844903713],[4.021519087342678,9.856844389233531],[4.002430826374557,9.906213469645158],[3.934258465774124,9.927371646964424],[3.948801902702216,9.991727769643866],[3.890628154989847,10.015530719128044],[3.86426817555768,10.049912757271855],[3.797004779765253,10.065781390261307]]]}},{"type":"Feature","id":"lapai","properties":{"id":"lapai","name":"Lapai","parentId":"niger","level":"lga"},"geometry":{"type":"Polygon","coordinates":[[[6.40846067316582,8.603222383066882],[6.467543385686195,8.579419433582705],[6.5011750835824085,8.587353750077432],[6.535715746286628,8.627906923272697],[6.546623323982697,8.690499864508865],[6.53298885186261,8.735460991312308],[6.575710197838881,8.786593253167208],[6.5984343180390255,8.853594148011558],[6.579346057070905,8.932937312958813],[6.594798458807002,8.979661621205532],[6.545714359174691,9.066939102647513],[6.546623323982697,9.108373866564413],[6.524808168590559,9.177137942852035],[6.535715746286628,9.221217478933845],[6.5675295145668295,9.232678158315116],[6.682059080375556,9.219454297490572],[6.723871461543821,9.289099964499831],[6.788407962912231,9.270586559345471],[6.7802272796401795,8.580301024304342],[6.784772103680208,8.457759913996913],[6.82749344965648,8.457759913996913],[6.837492062544543,8.396930154204016],[6.807496223880351,8.342271529462574],[6.772046596368128,8.335218803689484],[6.761139018672058,8.272625862453314],[6.718417672695788,8.243533368639321],[6.691148728455614,8.182703608846424],[6.599343282847031,8.32463971502985],[6.503901978006426,8.412798787193466],[6.452999948758103,8.448062416058914],[6.40846067316582,8.603222383066882]]]}},{"type":"Feature","id":"akoko-south-west","properties":{"id":"akoko-south-west","name":"Akoko South West","parentId":"ondo","level":"lga"},"geometry":{"type":"Polygon","coordinates":[[[5.823087336810106,7.49594443669184],[5.846720421818256,7.394561503703679],[5.696741228497306,7.302876068653516],[5.669472284257132,7.300231296488608],[5.648566093673,7.308165612983334],[5.504040689200083,7.316099929478059],[5.599481994040689,7.450101719166758],[5.605844747696729,7.4730230779293],[5.610389571736757,7.48448375731057],[5.744916363321611,7.483602166588934],[5.823087336810106,7.49594443669184]]]}},{"type":"Feature","id":"rijau","properties":{"id":"rijau","name":"Rijau","parentId":"niger","level":"lga"},"geometry":{"type":"Polygon","coordinates":[[[5.333155305294999,11.356430206736674],[5.348607707031096,11.33879839230395],[5.404054560319448,11.146611614987263],[5.386784228967339,11.091952990245819],[5.388602158583351,11.037294365504376],[5.430414539751616,10.99057005725766],[5.430414539751616,10.964122335608574],[5.381330440119305,10.941200976846034],[5.355879425495143,10.876844854166592],[5.365878038383206,10.81513350365206],[5.354970460687137,10.78251464695152],[5.2377140004543925,10.709342617055718],[5.149544414077834,10.749895790250982],[5.101369279253529,10.761356469632252],[5.108640997717574,10.795738507776063],[5.046831390773182,10.824831001590058],[5.0250162353810435,10.890068714991134],[5.075918264629367,10.915634845918584],[5.081372053477401,10.950898474784031],[5.040468637117142,11.052281407772192],[4.995929361524859,11.054044589215465],[4.979567994980755,11.08049231086455],[4.908668739956306,11.082255492307823],[4.839587414547868,11.113992758286724],[4.802319857419631,11.113992758286724],[4.745964039323273,11.1474932057089],[4.703242693347002,11.228599552099428],[4.71233234142706,11.29736362838705],[4.791412279723562,11.326456122201044],[4.867765323596046,11.358193388179945],[4.897761162260236,11.38728588199394],[4.958661804396623,11.369654067561218],[4.988657643060813,11.313232261376502],[5.005019009604917,11.257692045913423],[5.045922425965177,11.272679088181237],[5.071373440589338,11.23741545931579],[5.233169176414364,11.218020463439792],[5.2495305429584675,11.309705898489955],[5.333155305294999,11.356430206736674]]]}},{"type":"Feature","id":"chanchaga","properties":{"id":"chanchaga","name":"Chanchaga","parentId":"niger","level":"lga"},"geometry":{"type":"Polygon","coordinates":[[[6.572074338606859,9.572090586145045],[6.50935576685446,9.562393088207047],[6.495721294734373,9.582669674804679],[6.5129916260864835,9.669065565525024],[6.572074338606859,9.63292034593794],[6.572074338606859,9.572090586145045]]]}},{"type":"Feature","id":"mariga","properties":{"id":"mariga","name":"Mariga","parentId":"niger","level":"lga"},"geometry":{"type":"Polygon","coordinates":[[[5.430414539751616,10.99057005725766],[5.50040482996806,10.975583014989844],[5.556760648064417,10.947372111897486],[5.584938557112595,10.966767107773482],[5.636749551168925,10.96500392633021],[5.7294639615855125,10.998504373752386],[5.800363216609963,11.082255492307823],[5.86762661240239,11.106940032513634],[5.914892782418689,11.144848433543991],[5.977611354171087,11.166888201584896],[6.015787876107329,11.137795707770902],[6.046692679579525,11.054044589215465],[6.113047110563946,11.061097314988555],[6.163040175004264,11.042583909834192],[6.266662163116921,10.965885517051845],[6.2093973802125575,10.901529394372405],[6.164858104620275,10.892713487156044],[6.163040175004264,10.85656826756896],[6.12304572345201,10.84510758818769],[6.098503673635854,10.701408300560992],[6.137589160380102,10.679368532520087],[6.114865040179958,10.60531491190265],[6.124863653068021,10.55418265004775],[6.092140919979814,10.521563793347212],[6.08214230709175,10.46866835004904],[6.053964398043572,10.453681307781224],[6.037603031499468,10.397259501596508],[6.044874749963514,10.314389973762708],[6.0585092220836,10.297639750051621],[6.018514770531347,10.228875673764],[6.024877524187387,10.195375226341824],[5.999426509563225,10.070189343869487],[5.93398104338681,10.137190238713837],[5.878534190098458,10.16628273252783],[5.807634935074009,10.16187477891965],[5.757641870633691,10.185677728403826],[5.7167384542734325,10.236809990258724],[5.663109530601092,10.298521340773258],[5.692196404457277,10.329377016030524],[5.673108143489156,10.54007719850157],[5.622206114240832,10.600906958294466],[5.599481994040689,10.67848694179845],[5.570395120184504,10.703171482004265],[5.529491703824244,10.687302849014813],[5.508585513240112,10.604433321181013],[5.4622283080318175,10.56123537582084],[5.406781454743466,10.559472194377566],[5.344062882991068,10.619420363448828],[5.313158079518871,10.635288996438279],[5.295887748166763,10.679368532520087],[5.2377140004543925,10.709342617055718],[5.354970460687137,10.78251464695152],[5.365878038383206,10.81513350365206],[5.355879425495143,10.876844854166592],[5.381330440119305,10.941200976846034],[5.430414539751616,10.964122335608574],[5.430414539751616,10.99057005725766]]]}},{"type":"Feature","id":"munya","properties":{"id":"munya","name":"Munya","parentId":"niger","level":"lga"},"geometry":{"type":"Polygon","coordinates":[[[7.253797944611183,10.03933366861222],[7.277431029619333,10.016412309849681],[7.2965192905874545,9.870068250058074],[7.292883431355431,9.81100167170845],[7.210167633826906,9.780145996451182],[7.204713844978873,9.758106228410279],[7.141995273226474,9.739592823255919],[7.202895915362861,9.661131249030298],[7.153811815730549,9.616170122226855],[7.072913947818035,9.657604886143755],[7.020193988953702,9.554458771712321],[6.98383539663347,9.565037860371955],[6.950203698737257,9.520958324290145],[6.8465817106246,9.533300594393053],[6.8465817106246,9.63292034593794],[6.828402414464485,9.70961873872029],[6.874759619672778,9.746645549029008],[6.860216182744686,9.775738042843003],[6.847490675432606,9.922963693356245],[6.868396866016738,9.962635275829872],[6.9011195991049465,10.07636047892094],[6.952021628353268,10.047267985106945],[7.064733264545984,10.042860031498765],[7.105636680906244,10.026109807787677],[7.253797944611183,10.03933366861222]]]}},{"type":"Feature","id":"bosso","properties":{"id":"bosso","name":"Bosso","parentId":"niger","level":"lga"},"geometry":{"type":"Polygon","coordinates":[[[6.476633033766253,9.440733568621255],[6.394826201045734,9.36756153872545],[6.289386283317064,9.424864935631803],[6.235757359644724,9.46718129027034],[6.201216696940506,9.461891745940523],[6.189400154436431,9.512142417073784],[6.2212139227166325,9.533300594393053],[6.183037400780391,9.578261721196498],[6.216669098676604,9.710500329441924],[6.283023529661024,9.703447603668835],[6.303929720245158,9.775738042843003],[6.301202825821139,9.81540962531663],[6.234848394836719,9.89387119954225],[6.309383509093192,9.895634380985523],[6.341197277373394,9.910621423253339],[6.431184793365965,9.854199617068623],[6.497539224350385,9.895634380985523],[6.615704649391136,9.861252342841713],[6.594798458807002,9.832159849027718],[6.609341895735095,9.782790768616092],[6.562075725718795,9.760751000575187],[6.578437092262899,9.721961008823197],[6.640246699207291,9.678763063463023],[6.653881171327377,9.59853830779413],[6.622067403047176,9.539471729444507],[6.49663025954238,9.513024007795421],[6.476633033766253,9.440733568621255]],[[6.572074338606859,9.572090586145045],[6.572074338606859,9.63292034593794],[6.5129916260864835,9.669065565525024],[6.495721294734373,9.582669674804679],[6.50935576685446,9.562393088207047],[6.572074338606859,9.572090586145045]]]}},{"type":"Feature","id":"suleja","properties":{"id":"suleja","name":"Suleja","parentId":"niger","level":"lga"},"geometry":{"type":"Polygon","coordinates":[[[7.179262830354711,9.144519086151497],[7.092002208786157,9.21063839027421],[7.150175956498526,9.270586559345471],[7.191079372858786,9.283810420170013],[7.207440739402889,9.24766520058293],[7.179262830354711,9.144519086151497]]]}},{"type":"Feature","id":"paikoro","properties":{"id":"paikoro","name":"Paikoro","parentId":"niger","level":"lga"},"geometry":{"type":"Polygon","coordinates":[[[7.204713844978873,9.758106228410279],[7.276522064811328,9.690223742844292],[7.305608938667511,9.627630801608124],[7.233800718835056,9.565037860371955],[7.251071050187166,9.520958324290145],[7.219257281906964,9.492747421197787],[7.100182892058209,9.476878788208337],[7.104727716098237,9.453957429445797],[7.039282249921822,9.387838125323082],[6.938387156233182,9.371969492333632],[6.855671358704658,9.399298804704355],[6.797497610992288,9.371087901611997],[6.722962496735816,9.352574496457635],[6.723871461543821,9.289099964499831],[6.682059080375556,9.219454297490572],[6.5675295145668295,9.232678158315116],[6.535715746286628,9.221217478933845],[6.487540611462322,9.296152690272919],[6.5066288724304435,9.376377445941813],[6.476633033766253,9.440733568621255],[6.49663025954238,9.513024007795421],[6.622067403047176,9.539471729444507],[6.6829680451835625,9.532419003671418],[6.777500385216161,9.558866725320502],[6.8465817106246,9.533300594393053],[6.950203698737257,9.520958324290145],[6.98383539663347,9.565037860371955],[7.020193988953702,9.554458771712321],[7.072913947818035,9.657604886143755],[7.153811815730549,9.616170122226855],[7.202895915362861,9.661131249030298],[7.141995273226474,9.739592823255919],[7.204713844978873,9.758106228410279]]]}},{"type":"Feature","id":"kanke","properties":{"id":"kanke","name":"Kanke","parentId":"plateau","level":"lga"},"geometry":{"type":"Polygon","coordinates":[[[9.484397583457334,9.475115606765065],[9.56893131060187,9.472470834600156],[9.577111993873922,9.522721505733418],[9.60983472696213,9.547406045939232],[9.648011248898372,9.522721505733418],[9.760722885091088,9.53859013872287],[9.774357357211175,9.384311762436539],[9.759813920283081,9.369324720168724],[9.783447005291231,9.293507918108013],[9.787082864523255,9.268823377902198],[9.688914665258633,9.24325724697475],[9.66982640429051,9.283810420170013],[9.620742304658199,9.253836335634384],[9.568022345793866,9.198296120171303],[9.513484457313519,9.178901124295308],[9.462582428065195,9.212401571717482],[9.447130026329098,9.251191563469476],[9.520756175777565,9.267060196458926],[9.537117542321669,9.41869380058035],[9.484397583457334,9.475115606765065]]]}},{"type":"Feature","id":"jos-north","properties":{"id":"jos-north","name":"Jos North","parentId":"plateau","level":"lga"},"geometry":{"type":"Polygon","coordinates":[[[8.939018698653875,10.026991398509313],[8.977195220590117,9.987319816035686],[8.969014537318065,9.966161638716418],[8.991738657518209,9.88946324593407],[8.981740044630145,9.860370752120076],[8.911749754413702,9.87094984077971],[8.890843563829568,9.900042334593703],[8.830851886501188,9.882410520160981],[8.803582942261015,9.905331878923521],[8.824489132845148,9.959108912943329],[8.902660106333643,10.022583444901134],[8.939018698653875,10.026991398509313]]]}},{"type":"Feature","id":"jos-east","properties":{"id":"jos-east","name":"Jos East","parentId":"plateau","level":"lga"},"geometry":{"type":"Polygon","coordinates":[[[9.271699818383984,9.846265300573897],[9.218979859519651,9.773093270678093],[9.15717025257526,9.740474413977555],[9.10717718813494,9.72107941810156],[9.086270997550809,9.689342152122656],[9.049912405230577,9.687578970679384],[9.022643460990405,9.747527139750645],[8.985375903862169,9.750171911915555],[8.983557974246157,9.803067355213724],[8.95265317077396,9.816291216038266],[8.981740044630145,9.860370752120076],[8.991738657518209,9.88946324593407],[8.969014537318065,9.966161638716418],[8.977195220590117,9.987319816035686],[9.085362032742802,10.025228217066042],[9.128083378719074,10.058728664488218],[9.214435035479621,10.017293900571316],[9.231705366831731,9.861252342841713],[9.271699818383984,9.846265300573897]]]}},{"type":"Feature","id":"oredo","properties":{"id":"oredo","name":"Oredo","parentId":"edo","level":"lga"},"geometry":{"type":"Polygon","coordinates":[[[5.644930234440976,6.370153085162437],[5.629477832704879,6.31902082330754],[5.6322047271288955,6.2581910635146425],[5.617661290200804,6.222045843927559],[5.575848909032539,6.213229936711198],[5.515857231704158,6.092452007847041],[5.464046237647829,6.098623142898494],[5.480407604191933,6.179729489289023],[5.5285827390162385,6.2775860593906385],[5.605844747696729,6.356047633616258],[5.644930234440976,6.370153085162437]]]}},{"type":"Feature","id":"patani","properties":{"id":"patani","name":"Patani","parentId":"delta","level":"lga"},"geometry":{"type":"Polygon","coordinates":[[[5.98124721340311,5.130636530541968],[5.988518931867157,5.184413564561775],[6.071234729395681,5.208216514045952],[6.161222245388252,5.235545826416673],[6.220304957908627,5.239072189303218],[6.202125661748511,5.179124020231958],[6.129408477108051,5.128873349098695],[6.0694167997796695,5.141215619201602],[6.062145081315624,5.103307218171246],[6.027604418611404,5.09537290167652],[5.98124721340311,5.130636530541968]]]}},{"type":"Feature","id":"shendam","properties":{"id":"shendam","name":"Shendam","parentId":"plateau","level":"lga"},"geometry":{"type":"Polygon","coordinates":[[[9.757087025859065,8.366956069668387],[9.664372615442476,8.382824702657837],[9.617106445426176,8.372245613998203],[9.601654043690079,8.392522200595835],[9.469854146529242,8.431312192347828],[9.355324580720515,8.483326044924361],[9.353506651104503,8.512418538738356],[9.40168178592881,8.618209425334697],[9.345325967832451,8.650828282035237],[9.336236319752395,8.688736683065592],[9.350779756680486,8.739868944920492],[9.345325967832451,8.788356434610481],[9.358051475144533,8.842133468630287],[9.339872178984418,8.904726409866456],[9.355324580720515,8.94087162945354],[9.321692882824301,9.004346161411345],[9.326237706864331,9.108373866564413],[9.405317645160833,9.097794777904781],[9.374412841688637,8.97789843976226],[9.451674850369127,8.987595937700256],[9.524392035009589,8.951450718113174],[9.583474747529962,8.969082532545897],[9.57983888829794,8.930292540793905],[9.645284354474356,8.920595042855908],[9.756178061051058,8.944397992340084],[9.785264934907243,8.88973936759864],[9.774357357211175,8.805106658321568],[9.750724272203025,8.757500759353213],[9.69164155968265,8.746921670693581],[9.654374002554412,8.673749640797777],[9.659827791402448,8.574129889252887],[9.705276031802736,8.463931049048366],[9.757087025859065,8.366956069668387]]]}},{"type":"Feature","id":"egor","properties":{"id":"egor","name":"Egor","parentId":"edo","level":"lga"},"geometry":{"type":"Polygon","coordinates":[[[5.641294375208954,6.414232621244246],[5.644930234440976,6.370153085162437],[5.605844747696729,6.356047633616258],[5.5285827390162385,6.2775860593906385],[5.527673774208233,6.341942182070079],[5.574939944224532,6.4001271696980675],[5.641294375208954,6.414232621244246]]]}},{"type":"Feature","id":"langtang-north","properties":{"id":"langtang-north","name":"Langtang North","parentId":"plateau","level":"lga"},"geometry":{"type":"Polygon","coordinates":[[[9.688914665258633,9.24325724697475],[9.787082864523255,9.268823377902198],[9.783447005291231,9.293507918108013],[9.879797274939843,9.259125879964202],[9.885251063787877,9.223862251098755],[9.930699304188165,9.20887520883094],[9.910702078412038,9.140992723264953],[9.938879987460217,9.105729094399505],[9.908884148796027,9.055478423266244],[9.866162802819757,9.034320245946976],[9.881615204555855,9.0008197985248],[9.8888869230199,8.894147321206823],[9.872525556475797,8.800698704713387],[9.832531104923543,8.820975291311019],[9.774357357211175,8.805106658321568],[9.785264934907243,8.88973936759864],[9.842529717811606,8.978780030483897],[9.788900794139266,9.01228047790607],[9.763449779515105,9.008754115019524],[9.742543588930973,9.097794777904781],[9.675280193138546,9.141874313986587],[9.636194706394297,9.148927039759677],[9.699822242954701,9.180664305738581],[9.688914665258633,9.24325724697475]]]}},{"type":"Feature","id":"jos-south","properties":{"id":"jos-south","name":"Jos South","parentId":"plateau","level":"lga"},"geometry":{"type":"Polygon","coordinates":[[[8.803582942261015,9.905331878923521],[8.830851886501188,9.882410520160981],[8.890843563829568,9.900042334593703],[8.911749754413702,9.87094984077971],[8.981740044630145,9.860370752120076],[8.95265317077396,9.816291216038266],[8.941745593077892,9.751935093358826],[8.909022859989683,9.72548737170974],[8.871755302861448,9.647025797484119],[8.84539532342928,9.626749210886487],[8.80267397745301,9.645262616040847],[8.784494681292895,9.614406940783581],[8.698143024532346,9.662012839751934],[8.697234059724341,9.733421688204466],[8.753589877820698,9.780145996451182],[8.778131927636855,9.803067355213724],[8.783585716484888,9.867423477893166],[8.803582942261015,9.905331878923521]]]}},{"type":"Feature","id":"mikang","properties":{"id":"mikang","name":"Mikang","parentId":"plateau","level":"lga"},"geometry":{"type":"Polygon","coordinates":[[[9.785264934907243,8.88973936759864],[9.756178061051058,8.944397992340084],[9.645284354474356,8.920595042855908],[9.57983888829794,8.930292540793905],[9.583474747529962,8.969082532545897],[9.524392035009589,8.951450718113174],[9.451674850369127,8.987595937700256],[9.374412841688637,8.97789843976226],[9.405317645160833,9.097794777904781],[9.436222448633028,9.103084322234597],[9.460764498449185,9.06076796759606],[9.503485844425455,9.097794777904781],[9.549843049633749,9.081926144915329],[9.583474747529962,9.126005680997139],[9.636194706394297,9.148927039759677],[9.675280193138546,9.141874313986587],[9.742543588930973,9.097794777904781],[9.763449779515105,9.008754115019524],[9.788900794139266,9.01228047790607],[9.842529717811606,8.978780030483897],[9.785264934907243,8.88973936759864]]]}},{"type":"Feature","id":"barkin-ladi","properties":{"id":"barkin-ladi","name":"Barkin Ladi","parentId":"plateau","level":"lga"},"geometry":{"type":"Polygon","coordinates":[[[8.67178304510018,9.251191563469476],[8.694507165300323,9.322600411922005],[8.69268923568431,9.382548580993266],[8.723594039156508,9.443378340786163],[8.864483584397401,9.558866725320502],[8.871755302861448,9.647025797484119],[8.909022859989683,9.72548737170974],[8.941745593077892,9.751935093358826],[8.95265317077396,9.816291216038266],[8.983557974246157,9.803067355213724],[8.985375903862169,9.750171911915555],[9.022643460990405,9.747527139750645],[9.049912405230577,9.687578970679384],[9.086270997550809,9.689342152122656],[9.118993730639016,9.680526244906295],[9.14171785083916,9.63556511810285],[9.11808476583101,9.580906493361407],[9.073545490238727,9.57561694903159],[9.016280707334365,9.525366277898328],[9.005373129638295,9.453957429445797],[8.899933211909627,9.408114711920716],[8.870846338053441,9.36050881295236],[8.833578780925205,9.362271994395634],[8.780858822060871,9.33317950058164],[8.76813331474879,9.273231331510381],[8.67178304510018,9.251191563469476]]]}},{"type":"Feature","id":"pankshin","properties":{"id":"pankshin","name":"Pankshin","parentId":"plateau","level":"lga"},"geometry":{"type":"Polygon","coordinates":[[[9.314421164360256,9.563274678928682],[9.350779756680486,9.532419003671418],[9.39713696188878,9.531537412949781],[9.42531487093696,9.476878788208337],[9.484397583457334,9.475115606765065],[9.537117542321669,9.41869380058035],[9.520756175777565,9.267060196458926],[9.447130026329098,9.251191563469476],[9.462582428065195,9.212401571717482],[9.513484457313519,9.178901124295308],[9.568022345793866,9.198296120171303],[9.620742304658199,9.253836335634384],[9.66982640429051,9.283810420170013],[9.688914665258633,9.24325724697475],[9.699822242954701,9.180664305738581],[9.636194706394297,9.148927039759677],[9.583474747529962,9.126005680997139],[9.549843049633749,9.081926144915329],[9.503485844425455,9.097794777904781],[9.460764498449185,9.06076796759606],[9.436222448633028,9.103084322234597],[9.405317645160833,9.097794777904781],[9.326237706864331,9.108373866564413],[9.31805702359228,9.12071613666732],[9.287152220120083,9.154216584089495],[9.281698431272048,9.200059301614576],[9.219888824327656,9.218572706768937],[9.22988743721572,9.271468150067108],[9.260792240687916,9.302323825324374],[9.273517747999996,9.35874563150909],[9.322601847632308,9.378140627385086],[9.298059797816153,9.488339467589608],[9.295332903392135,9.549169227382503],[9.314421164360256,9.563274678928682]]]}},{"type":"Feature","id":"bokkos","properties":{"id":"bokkos","name":"Bokkos","parentId":"plateau","level":"lga"},"geometry":{"type":"Polygon","coordinates":[[[8.658148572980092,9.207993618109303],[8.67178304510018,9.251191563469476],[8.76813331474879,9.273231331510381],[8.780858822060871,9.33317950058164],[8.833578780925205,9.362271994395634],[8.870846338053441,9.36050881295236],[8.899933211909627,9.408114711920716],[9.005373129638295,9.453957429445797],[9.01718967214237,9.419575391301986],[9.08172617351078,9.356100859344181],[9.1480806044952,9.313784504705644],[9.108086152942947,9.282928829448377],[9.112630976982976,9.232678158315116],[9.088997891974826,9.191243394398214],[9.14171785083916,9.131295225326955],[9.078090314278757,9.06782069336915],[9.079908243894769,9.028149110895521],[9.054457229270607,9.024622748008976],[8.918112508069742,9.017570022235887],[8.798129153412981,9.031675473782066],[8.799038118220986,9.071347056255695],[8.759952631476738,9.10484750367787],[8.765406420324773,9.165677263470766],[8.66723822106015,9.189480212954942],[8.658148572980092,9.207993618109303]]]}},{"type":"Feature","id":"wase","properties":{"id":"wase","name":"Wase","parentId":"plateau","level":"lga"},"geometry":{"type":"Polygon","coordinates":[[[10.560611916136162,9.390482897487992],[10.57788224748827,9.332297909860003],[10.579700177104282,9.245902019139658],[10.63605599520064,9.11895295522405],[10.626966347120582,9.01933320367916],[10.596970508456392,8.976135258318987],[10.463352681679545,8.962911397494445],[10.420631335703273,8.94351640161845],[10.325190030862668,8.856238920176466],[10.245201127758161,8.804225067599932],[10.116128125021342,8.67286805007614],[10.051591623652932,8.591761703685613],[9.994326840748569,8.61997260677797],[9.974329614972442,8.651709872756872],[9.907066219180015,8.657881007808326],[9.916155867260073,8.743395307807035],[9.872525556475797,8.800698704713387],[9.8888869230199,8.894147321206823],[9.881615204555855,9.0008197985248],[9.866162802819757,9.034320245946976],[9.908884148796027,9.055478423266244],[9.938879987460217,9.105729094399505],[9.910702078412038,9.140992723264953],[9.930699304188165,9.20887520883094],[10.001598559212615,9.254717926356019],[9.991599946324552,9.301442234602737],[10.036139221916834,9.302323825324374],[10.09703986405322,9.385193353158176],[10.143397069261516,9.430154479961619],[10.188845309661803,9.453957429445797],[10.23702044448611,9.417812209858713],[10.293376262582466,9.471589243878519],[10.304283840278536,9.417812209858713],[10.371547236070963,9.401943576869261],[10.377909989727003,9.351692905736],[10.426994089359313,9.327008365530187],[10.46426164648755,9.372851083055268],[10.560611916136162,9.390482897487992]]]}},{"type":"Feature","id":"bassa","properties":{"id":"bassa","name":"Bassa","parentId":"plateau","level":"lga"},"geometry":{"type":"Polygon","coordinates":[[[8.67996372837223,10.011122765519863],[8.67178304510018,10.146006145930198],[8.68632648202827,10.211243859331276],[8.734501616852578,10.274718391289081],[8.799038118220986,10.302929294381439],[8.818126379189108,10.380509277885423],[8.869937373245437,10.357587919122881],[8.935382839421852,10.348772011906519],[8.954471100389972,10.309100429432892],[8.929929050573817,10.21477022221782],[8.978104185398122,10.180388184074008],[8.968105572510058,10.102808200570024],[8.939018698653875,10.026991398509313],[8.902660106333643,10.022583444901134],[8.824489132845148,9.959108912943329],[8.803582942261015,9.905331878923521],[8.783585716484888,9.867423477893166],[8.778131927636855,9.803067355213724],[8.753589877820698,9.780145996451182],[8.635424452779949,9.757224637688644],[8.643605136052,9.834804621192626],[8.634515487971942,9.866541887171529],[8.67996372837223,10.011122765519863]]]}},{"type":"Feature","id":"orumba-south","properties":{"id":"orumba-south","name":"Orumba South","parentId":"anambra","level":"lga"},"geometry":{"type":"Polygon","coordinates":[[[7.271068275963293,6.079228147022498],[7.3092447978995345,6.079228147022498],[7.339240636563725,6.042201336713778],[7.318334445979593,5.999003391353606],[7.272886205579304,5.997240209910333],[7.261069663075229,5.939055222282345],[7.228346929987023,5.932884087230892],[7.202895915362861,5.920541817127986],[7.155629745346561,5.946107948055435],[7.138359413994451,6.005174526405058],[7.210167633826906,6.050135653208504],[7.264705522307253,6.054543606816685],[7.271068275963293,6.079228147022498]]]}},{"type":"Feature","id":"kanam","properties":{"id":"kanam","name":"Kanam","parentId":"plateau","level":"lga"},"geometry":{"type":"Polygon","coordinates":[[[9.97251168535643,9.699921240782292],[10.041593010764869,9.730776916039558],[10.10340261770926,9.719316236658287],[10.152486717341572,9.678763063463023],[10.26065352949426,9.68669737995775],[10.382454813767032,9.597656717072494],[10.488803696303707,9.55269559026905],[10.540614690360036,9.483931513981426],[10.566065704984197,9.465418108827066],[10.578791212296277,9.409877893363987],[10.560611916136162,9.390482897487992],[10.46426164648755,9.372851083055268],[10.426994089359313,9.327008365530187],[10.377909989727003,9.351692905736],[10.371547236070963,9.401943576869261],[10.304283840278536,9.417812209858713],[10.293376262582466,9.471589243878519],[10.23702044448611,9.417812209858713],[10.188845309661803,9.453957429445797],[10.143397069261516,9.430154479961619],[10.09703986405322,9.385193353158176],[10.036139221916834,9.302323825324374],[9.991599946324552,9.301442234602737],[10.001598559212615,9.254717926356019],[9.930699304188165,9.20887520883094],[9.885251063787877,9.223862251098755],[9.879797274939843,9.259125879964202],[9.783447005291231,9.293507918108013],[9.759813920283081,9.369324720168724],[9.774357357211175,9.384311762436539],[9.760722885091088,9.53859013872287],[9.807989055107388,9.58002490263977],[9.838893858579583,9.60118307995904],[9.980692368628484,9.623222847999944],[9.97251168535643,9.699921240782292]]]}},{"type":"Feature","id":"langtang-south","properties":{"id":"langtang-south","name":"Langtang South","parentId":"plateau","level":"lga"},"geometry":{"type":"Polygon","coordinates":[[[10.051591623652932,8.591761703685613],[9.890704852635912,8.448062416058914],[9.757087025859065,8.366956069668387],[9.705276031802736,8.463931049048366],[9.659827791402448,8.574129889252887],[9.654374002554412,8.673749640797777],[9.69164155968265,8.746921670693581],[9.750724272203025,8.757500759353213],[9.774357357211175,8.805106658321568],[9.832531104923543,8.820975291311019],[9.872525556475797,8.800698704713387],[9.916155867260073,8.743395307807035],[9.907066219180015,8.657881007808326],[9.974329614972442,8.651709872756872],[9.994326840748569,8.61997260677797],[10.051591623652932,8.591761703685613]]]}},{"type":"Feature","id":"mangu","properties":{"id":"mangu","name":"Mangu","parentId":"plateau","level":"lga"},"geometry":{"type":"Polygon","coordinates":[[[9.15717025257526,9.740474413977555],[9.22352468355968,9.682289426349566],[9.288061184928088,9.691986924287566],[9.2898791145441,9.614406940783581],[9.314421164360256,9.563274678928682],[9.295332903392135,9.549169227382503],[9.298059797816153,9.488339467589608],[9.322601847632308,9.378140627385086],[9.273517747999996,9.35874563150909],[9.260792240687916,9.302323825324374],[9.22988743721572,9.271468150067108],[9.219888824327656,9.218572706768937],[9.281698431272048,9.200059301614576],[9.287152220120083,9.154216584089495],[9.31805702359228,9.12071613666732],[9.27079085357598,9.112781820172595],[9.218979859519651,9.03343865522534],[9.156261287767252,9.025504338730613],[9.13081027314309,9.0422545624417],[9.079908243894769,9.028149110895521],[9.078090314278757,9.06782069336915],[9.14171785083916,9.131295225326955],[9.088997891974826,9.191243394398214],[9.112630976982976,9.232678158315116],[9.108086152942947,9.282928829448377],[9.1480806044952,9.313784504705644],[9.08172617351078,9.356100859344181],[9.01718967214237,9.419575391301986],[9.005373129638295,9.453957429445797],[9.016280707334365,9.525366277898328],[9.073545490238727,9.57561694903159],[9.11808476583101,9.580906493361407],[9.14171785083916,9.63556511810285],[9.118993730639016,9.680526244906295],[9.086270997550809,9.689342152122656],[9.10717718813494,9.72107941810156],[9.15717025257526,9.740474413977555]]]}},{"type":"Feature","id":"tafa","properties":{"id":"tafa","name":"Tafa","parentId":"niger","level":"lga"},"geometry":{"type":"Polygon","coordinates":[[[7.378326123307973,9.336705863468184],[7.221075211522976,9.115426592337503],[7.179262830354711,9.144519086151497],[7.207440739402889,9.24766520058293],[7.237436578067079,9.273231331510381],[7.231982789219044,9.317310867592187],[7.333786847715691,9.341113817076366],[7.378326123307973,9.336705863468184]]]}},{"type":"Feature","id":"magama","properties":{"id":"magama","name":"Magama","parentId":"kebbi","level":"lga"},"geometry":{"type":"Polygon","coordinates":[[[4.529630415017901,10.100163428405118],[4.625071719858506,10.102808200570024],[4.646886875250645,10.205072724279823],[4.696879939690962,10.24033635314527],[4.794139174147579,10.260612939742902],[4.87140118282807,10.218296585104365],[4.946845261892548,10.285297479948714],[4.950481121124571,10.389325185101784],[4.932301824964456,10.439575856235045],[4.853221886667954,10.460734033554314],[4.818681223963734,10.507458341801033],[4.8241350128117695,10.594735823243013],[4.795957103763591,10.629117861386824],[4.825952942427781,10.708461026334081],[4.894125303028213,10.706697844890808],[4.908668739956306,10.689947621179723],[5.101369279253529,10.761356469632252],[5.149544414077834,10.749895790250982],[5.2377140004543925,10.709342617055718],[5.295887748166763,10.679368532520087],[5.313158079518871,10.635288996438279],[5.344062882991068,10.619420363448828],[5.3222477275989295,10.555945831491023],[5.3277015164469645,10.478365847987039],[5.354970460687137,10.414009725307597],[5.3404270237590445,10.37169337066906],[5.308613255478843,10.348772011906519],[5.244985718918439,10.361995872731063],[5.193174724862111,10.332021788195433],[5.167723710237949,10.283534298505442],[5.108640997717574,10.232402036650544],[4.97865903017275,10.19890158922837],[4.928665965732432,10.164519551084558],[4.913213563996335,10.102808200570024],[4.904123915916276,9.984675043870777],[4.864129464364023,9.958227322221692],[4.794139174147579,9.998780495416955],[4.736874391243216,9.975859136654416],[4.694153045266945,9.93530596345915],[4.6841544323788815,9.894752790263887],[4.621435860626484,9.818935988203176],[4.595075881194316,9.870068250058074],[4.572351760994172,9.975859136654416],[4.585986233114259,10.034044124282403],[4.57053383137816,10.06930775314785],[4.529630415017901,10.100163428405118]]]}},{"type":"Feature","id":"agwara","properties":{"id":"agwara","name":"Agwara","parentId":"niger","level":"lga"},"geometry":{"type":"Polygon","coordinates":[[[4.336020910912673,10.918279618083492],[4.381469151312961,10.880371217053137],[4.450550476721399,10.885660761382955],[4.539629027905964,10.920042799526765],[4.599620705234345,10.889187124269498],[4.693244080458939,10.919161208805129],[4.7205130246991125,10.859213039733868],[4.696879939690962,10.790448963446245],[4.6905171860349215,10.662618308809],[4.634161367938564,10.611486046954102],[4.585077268306253,10.563880147985747],[4.509633189241774,10.534787654171755],[4.498725611545705,10.592091051078105],[4.405102236321111,10.543603561388116],[4.309660931480505,10.55418265004775],[4.3442015941847245,10.63264422427337],[4.342383664568713,10.686421258293176],[4.36238089034484,10.756948516024071],[4.286027846472356,10.821304638703513],[4.312387825904523,10.84510758818769],[4.336020910912673,10.918279618083492]]]}},{"type":"Feature","id":"riyom","properties":{"id":"riyom","name":"Riyom","parentId":"plateau","level":"lga"},"geometry":{"type":"Polygon","coordinates":[[[8.578159669875586,9.498918556249242],[8.55543554967544,9.581788084083044],[8.599065860459717,9.72813214387465],[8.635424452779949,9.757224637688644],[8.753589877820698,9.780145996451182],[8.697234059724341,9.733421688204466],[8.698143024532346,9.662012839751934],[8.784494681292895,9.614406940783581],[8.80267397745301,9.645262616040847],[8.84539532342928,9.626749210886487],[8.871755302861448,9.647025797484119],[8.864483584397401,9.558866725320502],[8.723594039156508,9.443378340786163],[8.69268923568431,9.382548580993266],[8.648149960092029,9.395772441817808],[8.578159669875586,9.498918556249242]]]}},{"type":"Feature","id":"rabah","properties":{"id":"rabah","name":"Rabah","parentId":"sokoto","level":"lga"},"geometry":{"type":"Polygon","coordinates":[[[6.033967172267444,12.78372558506565],[6.023968559379381,12.748461956200202],[5.961249987626983,12.754633091251655],[5.883079014138487,12.82075239537437],[5.852174210666291,12.810173306714736],[5.813088723922043,12.839265800528729],[5.734008785625542,12.826923530425823],[5.634931621552913,12.883345336610539],[5.588574416344619,12.804002171663281],[5.542217211136325,12.866595112899452],[5.556760648064417,12.920372146919258],[5.540399281520314,12.981201906712155],[5.514039302088146,13.034097350010326],[5.478589674575922,13.036742122175234],[5.455865554375777,13.109914152071036],[5.408599384359477,13.080821658257042],[5.361333214343178,13.112558924235945],[5.415871102823523,13.146940962379757],[5.5222199853601985,13.17867822835866],[5.634022656744907,13.256258211862642],[5.722192243121467,13.237744806708283],[5.7049219117693575,13.18573095413175],[5.721283278313461,13.107269379906128],[5.784910814873864,13.106387789184492],[5.853992140282303,13.121374831452307],[6.023059594571375,13.085229611865223],[6.046692679579525,13.031452577845418],[6.055782327659583,12.967096455165976],[6.005789263219266,12.919490556197621],[6.033967172267444,12.78372558506565]]]}},{"type":"Feature","id":"ikwo","properties":{"id":"ikwo","name":"Ikwo","parentId":"ebonyi","level":"lga"},"geometry":{"type":"Polygon","coordinates":[[[8.126404160296719,6.183255852175567],[8.18821376724111,6.21499311815447],[8.215482711481284,6.1885453965053845],[8.261839916689578,6.191190168670293],[8.340010890178075,6.261717426401187],[8.40091153231446,6.216756299597742],[8.37091569365027,6.19647971300011],[8.301834368241831,6.108320640836492],[8.286381966505735,6.016635205786329],[8.21457374667328,6.012227252178148],[8.17367033031302,5.9743188511477925],[8.113678652984639,5.938173631560709],[8.064594553352327,5.9434631758905265],[8.052778010848252,5.985779530529063],[8.013692524104004,5.9937138470237885],[8.006420805639959,6.022806340837782],[8.075502131048395,6.081872919187407],[8.126404160296719,6.183255852175567]]]}},{"type":"Feature","id":"safana","properties":{"id":"safana","name":"Safana","parentId":"katsina","level":"lga"},"geometry":{"type":"Polygon","coordinates":[[[7.334695812523696,12.320008865485018],[7.295610325779448,12.312956139711929],[7.263796557499246,12.347338177855741],[7.196533161706819,12.339403861361015],[7.171991111890664,12.45136588300881],[7.0656422293539904,12.431970887132815],[7.051098792425897,12.539524955172428],[7.044736038769857,12.658539702593313],[6.989289185481505,12.673526744861128],[7.042918109153845,12.71936946238621],[7.122907012258352,12.703500829396758],[7.121998047450347,12.669118791252947],[7.274704135195316,12.699092875788576],[7.295610325779448,12.677053107747673],[7.3692364752279165,12.680579470634218],[7.40468610274014,12.52541950362625],[7.421047469284245,12.394062486102458],[7.402868173124128,12.336759089196107],[7.334695812523696,12.320008865485018]]]}},{"type":"Feature","id":"ajeromiifelodun","properties":{"id":"ajeromiifelodun","name":"Ajeromi/Ifelodun","parentId":"lagos","level":"lga"},"geometry":{"type":"Polygon","coordinates":[[[3.338886516530347,6.474180790315507],[3.3370685869143353,6.438035570728424],[3.315253431522197,6.460075338769328],[3.338886516530347,6.474180790315507]]]}},{"type":"Feature","id":"koko-besse","properties":{"id":"koko-besse","name":"Koko-Besse","parentId":"kebbi","level":"lga"},"geometry":{"type":"Polygon","coordinates":[[[4.36874364400088,11.746974896421502],[4.37510639765692,11.714356039720963],[4.42691739171325,11.670276503639155],[4.419645673249203,11.613854697454439],[4.496907681929693,11.552143346939907],[4.482364245001602,11.531866760342274],[4.509633189241774,11.495721540755191],[4.565080042530126,11.46133950261138],[4.5505366056020335,11.400509742818482],[4.51690490770582,11.33879839230395],[4.515995942897814,11.267389543851419],[4.487818033849636,11.240060231480697],[4.46963873768952,11.148374796430534],[4.3378388405286845,11.18187524385271],[4.3196595443685695,11.17041456447144],[4.256032007808165,11.210086146945068],[4.231489957992009,11.270034316016329],[4.185132752783716,11.29031090261396],[4.176952069511664,11.330864075809224],[4.200585154519813,11.356430206736674],[4.245124430112096,11.354667025293402],[4.323295403600592,11.402272924261755],[4.367834679192875,11.410207240756481],[4.406920165937122,11.500129494363371],[4.394194658625041,11.557432891269723],[4.359653995920823,11.5812358407539],[4.311478861096517,11.580354250032265],[4.2469423597281075,11.612091516011166],[4.2287630635679925,11.659697414979519],[4.300571283400448,11.732869444875323],[4.36874364400088,11.746974896421502]]]}},{"type":"Feature","id":"epe","properties":{"id":"epe","name":"Epe","parentId":"lagos","level":"lga"},"geometry":{"type":"Polygon","coordinates":[[[4.085146623903081,6.679591428456737],[4.09605420159915,6.652262116086016],[4.054241820430885,6.615235305777295],[4.071512151782994,6.571155769695487],[4.101507990447185,6.557931908870944],[4.177861034319669,6.603774626396025],[4.236034782032038,6.5782084954685764],[4.232398922800016,6.54735282021131],[4.163317597391577,6.506799647016045],[4.259667867040188,6.444206705779877],[4.353291242264782,6.451259431552966],[4.36874364400088,6.438035570728424],[4.359653995920823,6.367508312997529],[4.278756128008309,6.378087401657163],[4.201494119327819,6.424811709903881],[4.109688673719237,6.423048528460608],[4.070603186974989,6.434509207841879],[3.9987949671425334,6.492694195469866],[3.895172979029876,6.533247368665132],[3.7879151316851956,6.499746921242956],[3.6670228122204285,6.4918126047482305],[3.6161207829721054,6.512970782067499],[3.6324821495162096,6.539418503716584],[3.700654510116642,6.597603491344572],[3.684293143572538,6.641683027426382],[3.6988365805006307,6.683999382064918],[3.903353662301928,6.681354609900009],[4.085146623903081,6.679591428456737]]]}},{"type":"Feature","id":"sumaila","properties":{"id":"sumaila","name":"Sumaila","parentId":"kano","level":"lga"},"geometry":{"type":"Polygon","coordinates":[[[9.033551038686474,11.528340397455729],[9.031733109070462,11.453405186116655],[9.04718551080656,11.42166792013775],[9.129901308335086,11.329100894365952],[9.026279320222429,11.277087041789418],[8.95265317077396,11.195099104677253],[8.925384226533788,11.180112062409439],[8.893570458253587,11.116637530451634],[8.818126379189108,11.097242534575637],[8.779949857252864,11.011728234576928],[8.789948470140928,10.947372111897486],[8.76631538513278,10.94208256756767],[8.745409194548646,10.979990968598024],[8.687235446836278,11.03905754694765],[8.688144411644283,11.065505268596734],[8.645423065668012,11.11487434900836],[8.643605136052,11.14044047993581],[8.683599587604254,11.139558889214173],[8.765406420324773,11.205678193336887],[8.716322320692461,11.213612509831613],[8.705414742996393,11.254165683026876],[8.77904089244486,11.314113852098139],[8.786312610908906,11.395220198488666],[8.84994014746931,11.429602236632476],[8.827216027269165,11.455168367559926],[8.86902840843743,11.496603131476826],[8.880844950941505,11.556551300548087],[8.91629457845373,11.57418311498081],[9.033551038686474,11.528340397455729]]]}},{"type":"Feature","id":"ogorimagongo","properties":{"id":"ogorimagongo","name":"Ogori/Magongo","parentId":"kogi","level":"lga"},"geometry":{"type":"Polygon","coordinates":[[[6.158495350964234,7.528563293392379],[6.225758746756661,7.4686151243211185],[6.186673260012413,7.438641039785488],[6.1121381457559405,7.448338537723487],[6.108502286523917,7.490654892362023],[6.158495350964234,7.528563293392379]]]}},{"type":"Feature","id":"amuwo-odofin","properties":{"id":"amuwo-odofin","name":"Amuwo Odofin","parentId":"lagos","level":"lga"},"geometry":{"type":"Polygon","coordinates":[[[3.3370685869143353,6.438035570728424],[3.3597927071144795,6.3974823975331585],[3.201632830521476,6.40189035114134],[3.2370824580337008,6.481233516088596],[3.2898024168980355,6.4918126047482305],[3.3216161851782373,6.495338967634775],[3.315253431522197,6.460075338769328],[3.3370685869143353,6.438035570728424]]]}},{"type":"Feature","id":"tsanyawa","properties":{"id":"tsanyawa","name":"Tsanyawa","parentId":"kano","level":"lga"},"geometry":{"type":"Polygon","coordinates":[[[7.999149087175912,12.163085717033779],[7.944611198695565,12.178072759301594],[7.876438838095133,12.235376156207945],[7.864622295591058,12.280337283011391],[7.9027988175273,12.332351135587926],[7.987332544671837,12.37290430878319],[8.048233186808224,12.412575891256818],[8.108224864136604,12.416102254143363],[8.119132441832672,12.406404756205365],[8.096408321632529,12.314719321155202],[8.140038632416806,12.27592932940321],[8.118223477024667,12.25300797064067],[8.119132441832672,12.20452048095068],[8.107315899328597,12.183362303631412],[8.041870433152182,12.181599122188139],[7.999149087175912,12.163085717033779]]]}},{"type":"Feature","id":"ibeju-lekki","properties":{"id":"ibeju-lekki","name":"Ibeju Lekki","parentId":"lagos","level":"lga"},"geometry":{"type":"Polygon","coordinates":[[[3.6670228122204285,6.4918126047482305],[3.7879151316851956,6.499746921242956],[3.895172979029876,6.533247368665132],[3.9987949671425334,6.492694195469866],[4.070603186974989,6.434509207841879],[4.109688673719237,6.423048528460608],[4.201494119327819,6.424811709903881],[4.278756128008309,6.378087401657163],[4.053332855622879,6.414232621244246],[3.8960819438378818,6.4336276171202424],[3.813366146309357,6.435390798563515],[3.6279373254761804,6.422166937738972],[3.6670228122204285,6.4918126047482305]]]}},{"type":"Feature","id":"ajaokuta","properties":{"id":"ajaokuta","name":"Ajaokuta","parentId":"kogi","level":"lga"},"geometry":{"type":"Polygon","coordinates":[[[6.292113177741083,7.500352390300021],[6.297566966589117,7.533852837722195],[6.327562805253307,7.547958289268374],[6.403006884317786,7.532089656278924],[6.434820652597987,7.609669639782908],[6.503901978006426,7.6299462263805395],[6.542987464750674,7.686368032565255],[6.688421834031597,7.780698239780326],[6.710236989423734,7.786869374831779],[6.757503159440034,7.750724155244696],[6.744777652127954,7.670499399575803],[6.699329411727666,7.589393053185275],[6.7075100949997175,7.48448375731057],[6.7084190598077225,7.368995372776229],[6.691148728455614,7.2764283470044315],[6.690239763647607,7.219124950098079],[6.637519804783274,7.294060161437155],[6.514809555702495,7.266730849066433],[6.499357153966397,7.327560608859329],[6.43209375817397,7.402495820198405],[6.379373799309636,7.398087866590224],[6.292113177741083,7.500352390300021]]]}},{"type":"Feature","id":"irepo","properties":{"id":"irepo","name":"Irepo","parentId":"oyo","level":"lga"},"geometry":{"type":"Polygon","coordinates":[[[3.6915648620365844,8.996411844916619],[3.743375856092913,9.046662516049881],[3.7533744689809767,9.12071613666732],[3.770644800333086,9.147163858316405],[3.8260916536214378,9.182427487181853],[3.921532958462043,9.172729989243855],[3.9442570786621873,9.148045449038042],[3.972434987710366,9.077518191307147],[4.01242943926262,9.034320245946976],[4.210583767407877,8.969964123267534],[4.173316210279641,8.92676617790736],[4.056968714854902,8.886213004712097],[3.976979811750395,8.875633916052461],[3.9369853601981415,8.88268664182555],[3.8833564365258013,8.916187089247726],[3.8769936828697604,8.95233230883481],[3.8415440553575357,8.977016849040623],[3.801549603805282,8.96643776038099],[3.7170158766607457,8.969082532545897],[3.6915648620365844,8.996411844916619]]]}},{"type":"Feature","id":"isoko-north","properties":{"id":"isoko-north","name":"Isoko North","parentId":"delta","level":"lga"},"geometry":{"type":"Polygon","coordinates":[[[6.0875960959397855,5.403929654249184],[6.062145081315624,5.439193283114631],[6.072143694203687,5.51324690373207],[6.116682969795969,5.5485105325975175],[6.1239546882600155,5.592590068679327],[6.163040175004264,5.594353250122599],[6.211215309828569,5.62168256249332],[6.277569740812989,5.622564153214957],[6.325744875637296,5.6375511954827715],[6.364830362381543,5.569668709916786],[6.3893724121977,5.463877823320444],[6.445728230294057,5.462996232598808],[6.4466371951020625,5.433022148063178],[6.382100693733653,5.44183805527954],[6.350286925453451,5.432140557341541],[6.3184731571732495,5.4929703171344375],[6.330289699677325,5.526470764556613],[6.285750424085042,5.5511553047624265],[6.236666324452731,5.50883895012389],[6.195762908092471,5.5432209882677],[6.125772617876027,5.44183805527954],[6.0875960959397855,5.403929654249184]]]}},{"type":"Feature","id":"ezeagu","properties":{"id":"ezeagu","name":"Ezeagu","parentId":"enugu","level":"lga"},"geometry":{"type":"Polygon","coordinates":[[[7.2901565369314145,6.278467650112274],[7.243799331723119,6.262599017122824],[7.160174569386589,6.303152190318087],[7.143813202842486,6.388666490316798],[7.032010531457777,6.4503778408313295],[7.032919496265782,6.463601701655873],[7.056552581273932,6.464483292377508],[7.138359413994451,6.520023507840588],[7.1874435136267625,6.502391693407865],[7.235618648451068,6.5729189511387585],[7.262887592691241,6.548234410932945],[7.274704135195316,6.481233516088596],[7.322879270019621,6.4918126047482305],[7.348330284643783,6.418640574852427],[7.376508193691961,6.4195221655740635],[7.386506806580025,6.3692714944408015],[7.361055791955863,6.355166042894623],[7.2901565369314145,6.278467650112274]]]}},{"type":"Feature","id":"irele","properties":{"id":"irele","name":"Irele","parentId":"ondo","level":"lga"},"geometry":{"type":"Polygon","coordinates":[[[4.865038429172029,6.438035570728424],[4.855039816283965,6.430982844955334],[4.828679836851798,6.462720110934237],[4.862311534748011,6.526194642892042],[4.867765323596046,6.586142811963302],[4.881399795716133,6.646090981034562],[4.9268480361164215,6.66284120474565],[5.00865486883694,6.646972571756198],[5.078645159053384,6.714855057322184],[5.1222754698376605,6.698986424332733],[5.111367892141592,6.630222348045111],[5.164087851005926,6.554405545984399],[5.154089238117862,6.500628511964592],[5.102278244061534,6.438035570728424],[5.1095499625255805,6.413351030522611],[5.027743129805061,6.345468544956624],[5.015926587300986,6.292573101658453],[4.956843874780612,6.352521270729714],[4.9268480361164215,6.446851477944785],[4.865038429172029,6.438035570728424]]]}},{"type":"Feature","id":"owo","properties":{"id":"owo","name":"Owo","parentId":"ondo","level":"lga"},"geometry":{"type":"Polygon","coordinates":[[[5.449502800719737,7.064846573811748],[5.485861393039968,7.1098077006151925],[5.433141434175633,7.115978835666646],[5.4195069620555465,7.169755869686453],[5.418597997247541,7.249980625355345],[5.388602158583351,7.283481072777521],[5.467682096879852,7.30199447793188],[5.504040689200083,7.316099929478059],[5.648566093673,7.308165612983334],[5.669472284257132,7.300231296488608],[5.726737067161496,7.194440409892266],[5.761277729865714,7.17063746040809],[5.694014334073287,7.130084287212825],[5.699468122921322,7.088649523295924],[5.644021269632971,7.065728164533384],[5.636749551168925,7.014595902678486],[5.579484768264561,6.974924320204858],[5.565850296144475,6.876186159381605],[5.53676342228829,6.885002066597966],[5.534036527864274,6.916739332576869],[5.492224146696008,6.9881481810294],[5.475862780151903,7.050741122265569],[5.449502800719737,7.064846573811748]]]}},{"type":"Feature","id":"dekina","properties":{"id":"dekina","name":"Dekina","parentId":"kogi","level":"lga"},"geometry":{"type":"Polygon","coordinates":[[[7.349239249451788,7.84681754390304],[7.441953659868377,7.688131214008527],[7.440135730252365,7.6299462263805395],[7.461041920836498,7.553247833598192],[7.450134343140428,7.513576251124563],[7.446498483908405,7.4492201284451225],[7.461041920836498,7.400732638755132],[7.378326123307973,7.375166507827683],[7.310153762707541,7.353126739786779],[7.148358026882514,7.355771511951687],[7.132905625146416,7.376048098549319],[7.137450449186446,7.438641039785488],[7.103818751290232,7.480957394424025],[7.04837189800188,7.481838985145661],[7.021102953761707,7.41748286246622],[6.845672745816595,7.414838090301311],[6.812950012728386,7.452746491331667],[6.7993155406082995,7.483602166588934],[6.821130696000438,7.570879648030916],[6.841127921776565,7.601735323288182],[6.949294733929252,7.642288496483446],[7.020193988953702,7.703999846997979],[7.1083635753302605,7.693420758338345],[7.206531774594884,7.785106193388508],[7.2910655017394195,7.776290286172145],[7.349239249451788,7.84681754390304]]]}},{"type":"Feature","id":"akoko-north-east","properties":{"id":"akoko-north-east","name":"Akoko North East","parentId":"ondo","level":"lga"},"geometry":{"type":"Polygon","coordinates":[[[5.940343797042851,7.644933268648355],[5.9966996151392085,7.559418968649645],[6.003971333603254,7.529444884114015],[5.95125137473892,7.501233981021657],[5.823087336810106,7.49594443669184],[5.744916363321611,7.483602166588934],[5.610389571736757,7.48448375731057],[5.618570255008809,7.563826922257826],[5.712193630233403,7.550603061433283],[5.78581977968187,7.554129424319828],[5.893077627026551,7.588511462463639],[5.940343797042851,7.644933268648355]]]}},{"type":"Feature","id":"oluyole","properties":{"id":"oluyole","name":"Oluyole","parentId":"oyo","level":"lga"},"geometry":{"type":"Polygon","coordinates":[[[3.909716415957968,7.342547651127145],[3.9260777825020723,7.337258106797327],[3.957891550782274,7.334613334632419],[3.996068072718516,7.266730849066433],[3.9851604950224466,7.227059266592805],[3.9987949671425334,7.12655792432628],[3.9388032898141527,7.084241569687744],[3.825182688813432,7.082478388244471],[3.7261055247408033,7.086004751131016],[3.794277885341236,7.139781785150824],[3.7624641170610342,7.242927899582256],[3.7361041376288666,7.301112887210245],[3.8415440553575357,7.3575346933949595],[3.8706309292137204,7.339902878962236],[3.909716415957968,7.342547651127145]]]}},{"type":"Feature","id":"ogbaegbemandoni","properties":{"id":"ogbaegbemandoni","name":"Ogba/Egbema/Ndoni","parentId":"rivers","level":"lga"},"geometry":{"type":"Polygon","coordinates":[[[6.684785974799573,5.2143876490974055],[6.578437092262899,5.177360838788686],[6.552986077638737,5.189703108891592],[6.531170922246599,5.284914906828299],[6.5629846905268,5.3201785356937465],[6.562075725718795,5.379245114043371],[6.48572268184631,5.379245114043371],[6.482995787422293,5.420679877960271],[6.524808168590559,5.438311692392995],[6.538442640710645,5.4762200934233505],[6.531170922246599,5.5317603088864296],[6.584799845918939,5.561734393422061],[6.62115843823917,5.642840739812589],[6.602070177271049,5.687801866616034],[6.668424608255469,5.689565048059306],[6.658425995367406,5.625208925379865],[6.639337734399286,5.493851907856074],[6.741141792895931,5.493851907856074],[6.762956948288069,5.410100789300637],[6.761139018672058,5.315770582085566],[6.724780426351828,5.293730814044661],[6.7202356023117975,5.2425985521897625],[6.684785974799573,5.2143876490974055]]]}},{"type":"Feature","id":"ovia-south-west","properties":{"id":"ovia-south-west","name":"Ovia South-West","parentId":"edo","level":"lga"},"geometry":{"type":"Polygon","coordinates":[[[5.270436733542601,6.054543606816685],[5.234987106030376,6.073057011971045],[5.216807809870261,6.1356499532072135],[5.1340920123417355,6.1691504006293885],[5.089552736749454,6.200887666608291],[5.063192757317286,6.248493565576645],[5.015926587300986,6.292573101658453],[5.027743129805061,6.345468544956624],[5.1095499625255805,6.413351030522611],[5.102278244061534,6.438035570728424],[5.154089238117862,6.500628511964592],[5.164087851005926,6.554405545984399],[5.111367892141592,6.630222348045111],[5.1222754698376605,6.698986424332733],[5.150453378885839,6.74571073257945],[5.196810584094134,6.773921635671808],[5.254984331806503,6.882357294433058],[5.272254663158613,6.888528429484511],[5.4595014136078,6.885883657319603],[5.42314282128757,6.7730400449501715],[5.386784228967339,6.733368462476544],[5.430414539751616,6.594077128458027],[5.495860005928031,6.529721005778587],[5.43586832859965,6.391311262481706],[5.4076904195514715,6.376324220213891],[5.450411765527742,6.282875603720456],[5.39950973627942,6.281112422277183],[5.350425636647108,6.234388114030466],[5.366787003191212,6.189426987227021],[5.3277015164469645,6.142702678980303],[5.286798100086704,6.144465860423575],[5.270436733542601,6.054543606816685]]]}},{"type":"Feature","id":"ndokwa-east","properties":{"id":"ndokwa-east","name":"Ndokwa East","parentId":"delta","level":"lga"},"geometry":{"type":"Polygon","coordinates":[[[6.48572268184631,5.379245114043371],[6.50299301319842,5.338691940848106],[6.40846067316582,5.305191493425932],[6.347560031029435,5.3201785356937465],[6.310292473901198,5.3034283119826595],[6.343015206989405,5.357205346002466],[6.350286925453451,5.432140557341541],[6.382100693733653,5.44183805527954],[6.4466371951020625,5.433022148063178],[6.445728230294057,5.462996232598808],[6.3893724121977,5.463877823320444],[6.364830362381543,5.569668709916786],[6.325744875637296,5.6375511954827715],[6.434820652597987,5.68427550372949],[6.47299717453423,5.714249588265119],[6.438456511830011,5.7433420820791135],[6.436638582213999,5.791829571769103],[6.477541998574258,5.869409555273087],[6.44300133587004,5.900265230530353],[6.47935992819027,5.984897939807427],[6.566620549758824,5.9963586191886975],[6.632974980743245,6.013990433621421],[6.7193266375037926,5.9963586191886975],[6.700238376535671,5.929357724344348],[6.673878397103504,5.888804551149083],[6.651154276903361,5.817395702696553],[6.639337734399286,5.739815719192569],[6.602070177271049,5.687801866616034],[6.62115843823917,5.642840739812589],[6.584799845918939,5.561734393422061],[6.531170922246599,5.5317603088864296],[6.538442640710645,5.4762200934233505],[6.524808168590559,5.438311692392995],[6.482995787422293,5.420679877960271],[6.48572268184631,5.379245114043371]]]}},{"type":"Feature","id":"saki-east","properties":{"id":"saki-east","name":"Saki East","parentId":"oyo","level":"lga"},"geometry":{"type":"Polygon","coordinates":[[[3.4188754196348543,8.862410055227919],[3.525224302171529,8.928529359350634],[3.599759416428002,8.956740262442992],[3.605213205276036,8.914423907804455],[3.646116621636296,8.846541422238468],[3.654297304908348,8.790119616053753],[3.7188338062767574,8.708131678941587],[3.8742667884457433,8.555616484098529],[3.8742667884457433,8.553853302655256],[3.8106392518853394,8.546800576882166],[3.68611107318855,8.432193783069463],[3.672476601068463,8.457759913996913],[3.5933966627719616,8.49302354286236],[3.583398049883898,8.554734893376892],[3.532496020635575,8.58559056863416],[3.4843208858112695,8.680802366570866],[3.4861388154272808,8.718710767601223],[3.4188754196348543,8.862410055227919]]]}},{"type":"Feature","id":"onicha","properties":{"id":"onicha","name":"Onicha","parentId":"ebonyi","level":"lga"},"geometry":{"type":"Polygon","coordinates":[[[7.726459644774183,6.114491775887945],[7.732822398430223,6.22645379753574],[7.775543744406493,6.236151295473738],[7.791905110950598,6.199124485165019],[7.850987823470971,6.231743341865557],[7.878256767711145,6.180611080010658],[7.900980887911288,6.110083822279765],[7.95460981158363,6.0695306490845],[8.009147700063975,6.064241104754683],[8.006420805639959,6.022806340837782],[8.013692524104004,5.9937138470237885],[7.992786333519872,5.98401634908579],[7.91370639522337,5.975200441869429],[7.835535421734875,6.077464965579225],[7.773725814790481,6.064241104754683],[7.726459644774183,6.114491775887945]]]}},{"type":"Feature","id":"ethiope-east","properties":{"id":"ethiope-east","name":"Ethiope East","parentId":"delta","level":"lga"},"geometry":{"type":"Polygon","coordinates":[[[6.149405702884177,5.75568435218202],[6.113047110563946,5.751276398573839],[6.092140919979814,5.716894360430028],[6.04123889073149,5.685157094451125],[6.0585092220836,5.62168256249332],[5.990336861483168,5.557326439813879],[5.923073465690742,5.562615984143696],[5.901258310298603,5.602287566617324],[5.906712099146637,5.6569461913587675],[5.853083175474297,5.702788908883849],[5.868535577210395,5.747750035687294],[5.9058031343386315,5.770671394449835],[5.924891395306753,5.7486316264089306],[5.982156178211116,5.747750035687294],[6.0394209611154785,5.764500259398382],[6.102139532867877,5.803290251150374],[6.121227793835998,5.839435470737457],[6.152132597308194,5.805053432593645],[6.149405702884177,5.75568435218202]]]}},{"type":"Feature","id":"obi","properties":{"id":"obi","name":"Obi","parentId":"nasarawa","level":"lga"},"geometry":{"type":"Polygon","coordinates":[[[8.959015924430002,8.281441769669676],[8.890843563829568,8.27350745317495],[8.808127766301045,8.288494495442766],[8.744500229740641,8.259402001628771],[8.641787206435989,8.26469154595859],[8.594521036419689,8.252349275855682],[8.509078344467147,8.261165183072045],[8.499988696387089,8.404864470698742],[8.58997621237966,8.412798787193466],[8.63269755835593,8.478918091316181],[8.706323707804398,8.482444454202726],[8.829033956885176,8.403982879977105],[8.955380065197978,8.406627652142014],[9.009008988870319,8.40045651709056],[9.012644848102342,8.320231761421669],[8.959015924430002,8.281441769669676]]]}},{"type":"Feature","id":"oyo-east","properties":{"id":"oyo-east","name":"Oyo East","parentId":"oyo","level":"lga"},"geometry":{"type":"Polygon","coordinates":[[[4.07878387024704,7.953490021221018],[4.087873518327099,7.942029341839747],[4.08969144794311,7.871502084108853],[3.93516743058213,7.801856417099595],[3.937894325006147,7.8582782232843105],[3.9560736211662624,7.862686176892491],[3.976070846942389,7.850343906789584],[4.031517700230741,7.88119958204685],[4.017883228110654,7.918226392355571],[4.07878387024704,7.953490021221018]]]}},{"type":"Feature","id":"ivo","properties":{"id":"ivo","name":"Ivo","parentId":"ebonyi","level":"lga"},"geometry":{"type":"Polygon","coordinates":[[[7.530123246244937,6.006056117126695],[7.572844592221207,5.969029306817975],[7.664650037829789,5.930239315065983],[7.707371383806061,5.933765677952528],[7.727368609582188,5.907317956303443],[7.683738298797911,5.822685247026369],[7.551938401637075,5.843843424345637],[7.534668070284965,5.8350275171292765],[7.50558119642878,5.8826334160976295],[7.512852914892827,5.9240681800145305],[7.530123246244937,6.006056117126695]]]}},{"type":"Feature","id":"etsako-east","properties":{"id":"etsako-east","name":"Etsako East","parentId":"edo","level":"lga"},"geometry":{"type":"Polygon","coordinates":[[[6.715690778271769,7.123031561439736],[6.677514256335527,7.033990898554482],[6.679332185951539,6.972279548039949],[6.55662193687076,7.0040168140188515],[6.527535063014575,7.028701354224664],[6.535715746286628,7.100991793398832],[6.505719907622437,7.151242464532094],[6.414823426821861,7.167111097521545],[6.292113177741083,7.192677228448994],[6.256663550228858,7.207664270716808],[6.266662163116921,7.352245149065142],[6.294840072165099,7.3601794655598685],[6.340288312565388,7.325797427416058],[6.387554482581688,7.377811279992592],[6.43209375817397,7.402495820198405],[6.499357153966397,7.327560608859329],[6.514809555702495,7.266730849066433],[6.637519804783274,7.294060161437155],[6.690239763647607,7.219124950098079],[6.692966658071626,7.216480177933171],[6.715690778271769,7.123031561439736]]]}},{"type":"Feature","id":"oshimili-south","properties":{"id":"oshimili-south","name":"Oshimili South","parentId":"delta","level":"lga"},"geometry":{"type":"Polygon","coordinates":[[[6.64479152324732,6.101267915063403],[6.688421834031597,6.108320640836492],[6.7129638838477526,6.1524001769183005],[6.687512869223591,6.1885453965053845],[6.705692165383706,6.261717426401187],[6.722962496735816,6.265243789287732],[6.762956948288069,6.185900624340476],[6.764774877904081,6.155926539804845],[6.757503159440034,6.134768362485577],[6.704783200575701,6.08099132846577],[6.7256893911598326,6.040438155270506],[6.7193266375037926,5.9963586191886975],[6.632974980743245,6.013990433621421],[6.566620549758824,5.9963586191886975],[6.572983303414864,6.07658337485759],[6.629339121511222,6.074820193414317],[6.64479152324732,6.101267915063403]]]}},{"type":"Feature","id":"izzi","properties":{"id":"izzi","name":"Izzi","parentId":"ebonyi","level":"lga"},"geometry":{"type":"Polygon","coordinates":[[[8.391821884234403,6.306678553204632],[8.320922629209953,6.318139232585903],[8.260930951881573,6.313731278977722],[8.153673104536892,6.2890467387719085],[8.136402773184782,6.356929224337895],[8.152764139728886,6.415114211965882],[8.141856562032817,6.476825562480416],[8.170034471080996,6.508562828459318],[8.14549242126484,6.621406440828749],[8.191849626473134,6.663722795467286],[8.191849626473134,6.728078918146727],[8.172761365505012,6.7730400449501715],[8.240933726105446,6.7924350408261684],[8.294562649777786,6.6787098377351],[8.340010890178075,6.5755637233036675],[8.390912919426396,6.523549870727133],[8.430907370978652,6.456548975882783],[8.457267350410818,6.428338072790425],[8.444541843098737,6.389548081038434],[8.403638426738478,6.365745131554257],[8.391821884234403,6.306678553204632]]]}},{"type":"Feature","id":"isoko-south","properties":{"id":"isoko-south","name":"Isoko South","parentId":"delta","level":"lga"},"geometry":{"type":"Polygon","coordinates":[[[6.259390444652874,5.227611509921948],[6.220304957908627,5.239072189303218],[6.161222245388252,5.235545826416673],[6.09486781440383,5.318415354250474],[6.0875960959397855,5.403929654249184],[6.125772617876027,5.44183805527954],[6.195762908092471,5.5432209882677],[6.236666324452731,5.50883895012389],[6.285750424085042,5.5511553047624265],[6.330289699677325,5.526470764556613],[6.3184731571732495,5.4929703171344375],[6.350286925453451,5.432140557341541],[6.343015206989405,5.357205346002466],[6.310292473901198,5.3034283119826595],[6.28393249446903,5.27080945528212],[6.259390444652874,5.227611509921948]]]}},{"type":"Feature","id":"ezza-south","properties":{"id":"ezza-south","name":"Ezza South","parentId":"ebonyi","level":"lga"},"geometry":{"type":"Polygon","coordinates":[[[8.03368974988013,6.203532438773199],[8.084591779128454,6.204414029494836],[8.126404160296719,6.183255852175567],[8.075502131048395,6.081872919187407],[8.006420805639959,6.022806340837782],[8.009147700063975,6.064241104754683],[7.95460981158363,6.0695306490845],[7.900980887911288,6.110083822279765],[7.878256767711145,6.180611080010658],[7.922796043303427,6.153281767639937],[7.9827877206318085,6.1691504006293885],[8.03368974988013,6.203532438773199]]]}},{"type":"Feature","id":"ofu","properties":{"id":"ofu","name":"Ofu","parentId":"kogi","level":"lga"},"geometry":{"type":"Polygon","coordinates":[[[6.7075100949997175,7.48448375731057],[6.754776265016018,7.480075803702389],[6.784772103680208,7.443930584115305],[6.812950012728386,7.452746491331667],[6.845672745816595,7.414838090301311],[7.021102953761707,7.41748286246622],[7.04837189800188,7.481838985145661],[7.103818751290232,7.480957394424025],[7.137450449186446,7.438641039785488],[7.132905625146416,7.376048098549319],[7.148358026882514,7.355771511951687],[7.310153762707541,7.353126739786779],[7.378326123307973,7.375166507827683],[7.396505419468088,7.306402431540061],[7.35560200310783,7.2975865243237],[7.330150988483668,7.207664270716808],[7.307426868283523,7.182979730510995],[7.227437965179016,7.173282232572998],[7.222893141138988,7.225296085149532],[7.064733264545984,7.252625397520254],[7.041100179537834,7.217361768654807],[6.99019815028951,7.194440409892266],[6.918389930457055,7.199729954222083],[6.812041047920381,7.2464542624688],[6.752958335400006,7.289652207828974],[6.737505933663908,7.24204630886062],[6.692966658071626,7.216480177933171],[6.690239763647607,7.219124950098079],[6.691148728455614,7.2764283470044315],[6.7084190598077225,7.368995372776229],[6.7075100949997175,7.48448375731057]]]}},{"type":"Feature","id":"aniocha-north","properties":{"id":"aniocha-north","name":"Aniocha North","parentId":"delta","level":"lga"},"geometry":{"type":"Polygon","coordinates":[[[6.362103467957526,6.384258536708616],[6.41300549720585,6.395719216089887],[6.522990238974547,6.48740465114005],[6.575710197838881,6.495338967634775],[6.579346057070905,6.414232621244246],[6.565711584950818,6.3278367305239005],[6.581163986686915,6.290809920215182],[6.517536450126512,6.304033781039724],[6.41936825086189,6.247611974855008],[6.375737940077613,6.239677658360283],[6.3911903418137115,6.310204916091177],[6.362103467957526,6.384258536708616]]]}},{"type":"Feature","id":"aniocha-south","properties":{"id":"aniocha-south","name":"Aniocha South","parentId":"delta","level":"lga"},"geometry":{"type":"Polygon","coordinates":[[[6.581163986686915,6.290809920215182],[6.6347929103592564,6.236151295473738],[6.6102508605431005,6.192953350113566],[6.6102508605431005,6.137413134650486],[6.64479152324732,6.101267915063403],[6.629339121511222,6.074820193414317],[6.572983303414864,6.07658337485759],[6.566620549758824,5.9963586191886975],[6.47935992819027,5.984897939807427],[6.3611945031495205,5.989305893415608],[6.319382121981255,6.018398387229602],[6.347560031029435,6.120662910939398],[6.343924171797411,6.1550449490832095],[6.385736552965676,6.184137442897203],[6.375737940077613,6.239677658360283],[6.41936825086189,6.247611974855008],[6.517536450126512,6.304033781039724],[6.581163986686915,6.290809920215182]]]}},{"type":"Feature","id":"igalamela-odolu","properties":{"id":"igalamela-odolu","name":"Igalamela-Odolu","parentId":"kogi","level":"lga"},"geometry":{"type":"Polygon","coordinates":[[[7.3510571790678,7.033109307832845],[7.316516516363581,7.010187949070305],[7.241072437299103,6.971397957318313],[7.202895915362861,6.90263388103069],[7.175626971122687,6.896462745979237],[7.081094631090087,6.800369357320894],[7.04200914434584,6.78273754288817],[6.991107115097517,6.785382315053079],[6.961111276433327,6.840922530516158],[6.965656100473355,6.901752290309054],[6.95383955796928,6.9537661428855895],[6.800224505416306,7.052504303708841],[6.789316927720236,7.1221499707181],[6.753867300208011,7.139781785150824],[6.715690778271769,7.123031561439736],[6.692966658071626,7.216480177933171],[6.737505933663908,7.24204630886062],[6.752958335400006,7.289652207828974],[6.812041047920381,7.2464542624688],[6.918389930457055,7.199729954222083],[6.99019815028951,7.194440409892266],[7.041100179537834,7.217361768654807],[7.064733264545984,7.252625397520254],[7.222893141138988,7.225296085149532],[7.227437965179016,7.173282232572998],[7.307426868283523,7.182979730510995],[7.283793783275373,7.115978835666646],[7.367418545611905,7.088649523295924],[7.366509580803898,7.0401620336059345],[7.3510571790678,7.033109307832845]]]}},{"type":"Feature","id":"ibiono-ibom","properties":{"id":"ibiono-ibom","name":"Ibiono Ibom","parentId":"akwa-ibom","level":"lga"},"geometry":{"type":"Polygon","coordinates":[[[7.833717492118863,5.033661551161988],[7.829172668078833,5.039832686213441],[7.843716105006926,5.247006505797944],[7.8073575126866945,5.289322860436481],[7.841898175390915,5.336047168683198],[7.922796043303427,5.294612404766298],[7.94370223388756,5.245243324354671],[7.98006082620779,5.207334923324316],[7.87734780290314,5.045122230543258],[7.833717492118863,5.033661551161988]]]}},{"type":"Feature","id":"obot-akara","properties":{"id":"obot-akara","name":"Obot Akara","parentId":"akwa-ibom","level":"lga"},"geometry":{"type":"Polygon","coordinates":[[[7.651015565709704,5.175597657345413],[7.5637549441411505,5.165018568685779],[7.532850140668954,5.1729528851805044],[7.539212894324994,5.294612404766298],[7.571935627413202,5.324586489301928],[7.621928691853519,5.317533763528838],[7.666467967445801,5.346626257342832],[7.721005855926148,5.297257176931206],[7.721914820734153,5.276980590333574],[7.647379706477681,5.22937469136522],[7.651015565709704,5.175597657345413]]]}},{"type":"Feature","id":"ogo-oluwa","properties":{"id":"ogo-oluwa","name":"Ogo Oluwa","parentId":"oyo","level":"lga"},"geometry":{"type":"Polygon","coordinates":[[[4.29148163532039,8.055754544930814],[4.339656770144696,7.942910932561384],[4.366925714384869,7.940266160396475],[4.396921553049059,7.896186624314666],[4.371470538424898,7.848580725346312],[4.327840227640621,7.934976616066658],[4.276029233584293,7.971121835653741],[4.191495506439756,7.910292075860845],[4.202403084135825,7.868857311943945],[4.146956230847473,7.849462316067948],[4.090600412751115,7.860041404727582],[4.08969144794311,7.871502084108853],[4.087873518327099,7.942029341839747],[4.138775547575421,8.023135688230276],[4.1378665827674155,8.027543641838456],[4.176043104703658,8.095426127404442],[4.2778471632003034,8.072504768641902],[4.29148163532039,8.055754544930814]]]}},{"type":"Feature","id":"atiba","properties":{"id":"atiba","name":"Atiba","parentId":"oyo","level":"lga"},"geometry":{"type":"Polygon","coordinates":[[[3.809730287077334,8.13950566348625],[3.853360597861611,8.22325678204169],[3.898808838261899,8.187111562454605],[3.98879635425447,8.188874743897877],[3.9806156709824183,8.13950566348625],[4.021519087342678,8.11658430472371],[4.049696996390856,8.019609325343731],[4.045152172350828,7.979937742870103],[4.07878387024704,7.953490021221018],[4.017883228110654,7.918226392355571],[3.9624363748223024,7.885607535655032],[3.9560736211662624,7.862686176892491],[3.937894325006147,7.8582782232843105],[3.9242598528860606,7.88119958204685],[3.94153018423817,7.933213434623386],[3.91789709923002,7.968477063488832],[3.866995069981697,7.98522728719992],[3.79973167418927,8.032833186168274],[3.809730287077334,8.13950566348625]]]}},{"type":"Feature","id":"ogbomosho-south","properties":{"id":"ogbomosho-south","name":"Ogbomosho South","parentId":"oyo","level":"lga"},"geometry":{"type":"Polygon","coordinates":[[[4.176043104703658,8.095426127404442],[4.197858260095796,8.126281802661708],[4.2414885708800725,8.128044984104982],[4.2778471632003034,8.072504768641902],[4.176043104703658,8.095426127404442]]]}},{"type":"Feature","id":"ovia-north-east","properties":{"id":"ovia-north-east","name":"Ovia North-East","parentId":"edo","level":"lga"},"geometry":{"type":"Polygon","coordinates":[[[5.443140047063697,6.041319745992142],[5.4131442083995065,6.021043159394511],[5.3277015164469645,6.018398387229602],[5.35860631991916,5.969910897539611],[5.304977396246819,5.917015454241441],[5.275890522390635,5.906436365581807],[5.248621578150463,5.98401634908579],[5.270436733542601,6.054543606816685],[5.286798100086704,6.144465860423575],[5.3277015164469645,6.142702678980303],[5.366787003191212,6.189426987227021],[5.350425636647108,6.234388114030466],[5.39950973627942,6.281112422277183],[5.450411765527742,6.282875603720456],[5.4076904195514715,6.376324220213891],[5.43586832859965,6.391311262481706],[5.495860005928031,6.529721005778587],[5.430414539751616,6.594077128458027],[5.386784228967339,6.733368462476544],[5.42314282128757,6.7730400449501715],[5.4595014136078,6.885883657319603],[5.53676342228829,6.885002066597966],[5.565850296144475,6.876186159381605],[5.54312617594433,6.825053897526707],[5.576757873840544,6.70427596866255],[5.6203881846248205,6.742184369692906],[5.70219501734534,6.736013234641453],[5.751279116977651,6.781855952166534],[5.8021811462259745,6.811830036702164],[5.870353506826406,6.796842994434349],[5.791273568529904,6.5958403099013],[5.756732905825686,6.552642364541127],[5.67856193233719,6.492694195469866],[5.644021269632971,6.453904203717874],[5.641294375208954,6.414232621244246],[5.574939944224532,6.4001271696980675],[5.527673774208233,6.341942182070079],[5.5285827390162385,6.2775860593906385],[5.480407604191933,6.179729489289023],[5.464046237647829,6.098623142898494],[5.443140047063697,6.041319745992142]]]}},{"type":"Feature","id":"afijio","properties":{"id":"afijio","name":"Afijio","parentId":"oyo","level":"lga"},"geometry":{"type":"Polygon","coordinates":[[[3.631573184708204,7.710170982049432],[3.684293143572538,7.696065530503253],[3.7333772432048495,7.800974826377958],[3.747011715324936,7.860041404727582],[3.8342723368934895,7.842409590294858],[3.8579054219016395,7.860041404727582],[3.8969909086458876,7.776290286172145],[3.93516743058213,7.801856417099595],[4.08969144794311,7.871502084108853],[4.090600412751115,7.860041404727582],[4.075148011015018,7.820369822253954],[4.061513538894931,7.74984256452306],[4.077874905439035,7.708407800606159],[4.076056975823024,7.652867585143079],[4.063331468510943,7.651104403699808],[4.029699770614729,7.666973036689258],[3.9942501431025046,7.6440516779267185],[3.9424391490461757,7.637880542875266],[3.940621219430164,7.673144171740712],[3.8888102253738355,7.676670534627257],[3.7670089411010625,7.6079064583396345],[3.6952007212686073,7.651104403699808],[3.6133938885480883,7.605261686174726],[3.588851838731933,7.681960078957074],[3.631573184708204,7.710170982049432]]]}},{"type":"Feature","id":"ogbomosho-north","properties":{"id":"ogbomosho-north","name":"Ogbomosho North","parentId":"oyo","level":"lga"},"geometry":{"type":"Polygon","coordinates":[[[4.279665092816315,8.208269739773874],[4.307843001864494,8.207388149052237],[4.326931262832615,8.145676798537705],[4.31511472032854,8.076031131528447],[4.29148163532039,8.055754544930814],[4.2778471632003034,8.072504768641902],[4.2414885708800725,8.128044984104982],[4.197858260095796,8.126281802661708],[4.197858260095796,8.19063792534115],[4.239670641264062,8.214440874825327],[4.279665092816315,8.208269739773874]]]}},{"type":"Feature","id":"ikwerre","properties":{"id":"ikwerre","name":"Ikwerre","parentId":"rivers","level":"lga"},"geometry":{"type":"Polygon","coordinates":[[[6.724780426351828,5.096254492398157],[6.722053531927809,5.105070399614519],[6.753867300208011,5.15796584291269],[6.7984065758002945,5.131518121263604],[6.831129308888501,5.172071294458869],[6.8102231183043695,5.227611509921948],[6.8165858719604095,5.25934877590085],[6.903846493528963,5.219677193427222],[6.943840945081217,5.228493100643584],[6.9411140506572,5.136807665593421],[6.972927818937402,5.0892017666250675],[6.980199537401447,5.0477670027081665],[7.012922270489655,5.006332238791266],[7.053825686849915,4.991345196523452],[7.028374672225754,4.938449753225281],[6.918389930457055,4.918173166627648],[6.899301669488935,4.904067715081469],[6.867487901208733,4.912883622297832],[6.8465817106246,4.95255520477146],[6.8465817106246,5.026608825388899],[6.724780426351828,5.096254492398157]]]}},{"type":"Feature","id":"esit-eket","properties":{"id":"esit-eket","name":"Esit Eket","parentId":"akwa-ibom","level":"lga"},"geometry":{"type":"Polygon","coordinates":[[[8.137311737992789,4.60168209756026],[8.002784946407935,4.60168209756026],[8.01005666487198,4.655459131580066],[8.034598714688137,4.681906853229152],[8.06186765892831,4.697775486218603],[8.099135216056546,4.696012304775331],[8.154582069344897,4.666919810961337],[8.137311737992789,4.60168209756026]]]}},{"type":"Feature","id":"obioakpor","properties":{"id":"obioakpor","name":"Obio/Akpor","parentId":"rivers","level":"lga"},"geometry":{"type":"Polygon","coordinates":[[[6.957475417201303,4.774473879000951],[6.929297508153125,4.78152660477404],[6.92384371930509,4.843237955288573],[6.899301669488935,4.904067715081469],[6.918389930457055,4.918173166627648],[7.028374672225754,4.938449753225281],[7.092911173594162,4.902304533638198],[7.106545645714249,4.851172271783299],[7.073822912626042,4.816790233639487],[7.06109740531396,4.80709273570149],[7.02473881299373,4.829132503742394],[6.976563678169425,4.80709273570149],[6.957475417201303,4.774473879000951]]]}},{"type":"Feature","id":"etche","properties":{"id":"etche","name":"Etche","parentId":"rivers","level":"lga"},"geometry":{"type":"Polygon","coordinates":[[[7.227437965179016,5.194992653221409],[7.177444900738699,5.037187914048532],[7.183807654394739,4.949910432606551],[7.146540097266502,4.896133398586744],[7.092911173594162,4.902304533638198],[7.028374672225754,4.938449753225281],[7.053825686849915,4.991345196523452],[7.012922270489655,5.006332238791266],[6.980199537401447,5.0477670027081665],[6.972927818937402,5.0892017666250675],[6.9411140506572,5.136807665593421],[6.943840945081217,5.228493100643584],[7.003832622409597,5.239953780024854],[7.040191214729829,5.249651277962852],[7.122907012258352,5.216150830540677],[7.227437965179016,5.194992653221409]]]}},{"type":"Feature","id":"askira-uba","properties":{"id":"askira-uba","name":"Askira Uba","parentId":"borno","level":"lga"},"geometry":{"type":"Polygon","coordinates":[[[13.087534082392192,10.940319386124397],[13.099350624896267,10.970293470660028],[13.160251267032654,10.958832791278756],[13.150252654144591,10.86097622117714],[13.20842640185696,10.86097622117714],[13.23660431090514,10.89800303148586],[13.327500791705715,10.865384174785321],[13.336590439785773,10.867147356228593],[13.335681474977768,10.800146461384244],[13.321138038049675,10.743724655199529],[13.232968451673116,10.55859060365593],[13.248420853409215,10.510984704687576],[13.234786381289128,10.463378805719223],[13.191156070504851,10.409601771699416],[13.122074745096413,10.443983809843228],[13.052084454879969,10.46426039644086],[13.010272073711704,10.513629476852486],[12.958461079655374,10.548011514996297],[12.87574528212685,10.573577645923745],[12.734855736885956,10.576222418088655],[12.652139939357431,10.43869426551341],[12.612145487805178,10.448391763451408],[12.59214826202905,10.489826527368308],[12.518522112580584,10.623828317057008],[12.464893188908244,10.63969695004646],[12.406719441195873,10.686421258293176],[12.452167681596162,10.737553520148076],[12.546700021628762,10.810725550043879],[12.588512402797027,10.757830106745708],[12.666683376285523,10.78251464695152],[12.733037807269945,10.721684887158624],[12.797574308638353,10.724329659323534],[12.900287331943005,10.703171482004265],[12.936645924263235,10.658210355200818],[12.991183812743582,10.672315806746997],[12.997546566399622,10.726092840766805],[13.05390238449598,10.814251912930423],[13.0884430472002,10.842462816022781],[13.087534082392192,10.940319386124397]]]}},{"type":"Feature","id":"gwadabawa","properties":{"id":"gwadabawa","name":"Gwadabawa","parentId":"sokoto","level":"lga"},"geometry":{"type":"Polygon","coordinates":[[[5.336791164527021,13.226284127327013],[5.295887748166763,13.215705038667378],[5.274072592774624,13.331193423201718],[5.167723710237949,13.336482967531536],[5.135000977149741,13.249205486089553],[5.077736194245379,13.30298252010936],[5.125911329069684,13.3356013768099],[5.118639610605637,13.425523630416789],[5.167723710237949,13.427286811860062],[5.184085076782052,13.51985383763186],[5.2858891352786985,13.520735428353497],[5.280435346430664,13.577157234538213],[5.323156692406935,13.616828817011841],[5.372240792039246,13.56834132732185],[5.354970460687137,13.500458841755865],[5.481316568999938,13.486353390209686],[5.488588287463985,13.57098609948676],[5.524946879784215,13.564814964435305],[5.534036527864274,13.506629976807318],[5.558578577680429,13.494287706704412],[5.504040689200083,13.394667955159523],[5.484952428231962,13.3770361407268],[5.42950557494361,13.31003524588245],[5.388602158583351,13.305627292274268],[5.336791164527021,13.226284127327013]]]}},{"type":"Feature","id":"hadejia","properties":{"id":"hadejia","name":"Hadejia","parentId":"jigawa","level":"lga"},"geometry":{"type":"Polygon","coordinates":[[[10.052500588460939,12.431970887132815],[10.027958538644782,12.440786794349176],[10.062499201349002,12.484866330430984],[10.052500588460939,12.431970887132815]]]}},{"type":"Feature","id":"kiri-kasama","properties":{"id":"kiri-kasama","name":"Kiri Kasama","parentId":"jigawa","level":"lga"},"geometry":{"type":"Polygon","coordinates":[[[10.187936344853798,12.695566512902031],[10.307010734702553,12.77667285929256],[10.351550010294835,12.774028087127652],[10.372456200878968,12.72818536960257],[10.364275517606917,12.654131748985131],[10.326098995670675,12.607407440738413],[10.310646593934576,12.528064275791158],[10.36336655279891,12.452247473730447],[10.338824502982755,12.441668385070813],[10.257926635070241,12.459300199503536],[10.225203901982034,12.433734068576086],[10.107038476941284,12.416983844865],[10.052500588460939,12.431970887132815],[10.062499201349002,12.484866330430984],[10.062499201349002,12.557156769605152],[10.158849470997612,12.568617448986423],[10.179755661581746,12.605644259295142],[10.151577752533568,12.640026297438952],[10.187936344853798,12.695566512902031]]]}},{"type":"Feature","id":"konduga","properties":{"id":"konduga","name":"Konduga","parentId":"borno","level":"lga"},"geometry":{"type":"Polygon","coordinates":[[[13.192065035312856,11.320284987149591],[13.100259589704274,11.339679983025587],[12.903923191175029,11.274442269624508],[12.829388076918555,11.35731179745831],[12.734855736885956,11.50718222013646],[12.74485434977402,11.651763098484794],[12.703041968605755,11.80692306549276],[12.640323396853356,11.871279188172203],[12.619417206269224,11.91359554281074],[12.695770250141708,11.959438260335823],[12.683953707637633,11.997346661366176],[12.752126068238065,12.001754614974358],[12.78121294209425,11.940043264459826],[12.839386689806618,11.910069179924196],[12.908468015215057,11.891555774769834],[12.954825220423352,11.904779635594378],[12.983912094279535,11.970017348995455],[12.95300729080734,12.002636205695994],[12.996637601591617,12.067873919097071],[13.070263751040084,12.042307788169623],[13.084807187968176,12.032610290231624],[13.091169941624216,11.914477133532376],[13.107531308168321,11.854528964461116],[13.092078906432222,11.835133968585119],[13.039358947567887,11.803396702606218],[13.04935756045595,11.770777845905679],[13.017543792175749,11.74256694281332],[13.080262363928147,11.7152376304426],[13.122983709904418,11.725816719102234],[13.142980935680544,11.758435575802771],[13.192974000120863,11.746974896421502],[13.230241557249098,11.711711267556055],[13.278416692073405,11.694961043844966],[13.302049777081555,11.710829676834418],[13.218425014745023,11.769014664462407],[13.247511888601208,11.811331019100944],[13.308412530737595,11.78223852528695],[13.335681474977768,11.725816719102234],[13.393855222690137,11.737277398483503],[13.441121392706437,11.776067390235497],[13.505657894074846,11.797225567554765],[13.55383302889915,11.770777845905679],[13.585646797179352,11.650881507763158],[13.638366756043688,11.630604921165526],[13.685632926059988,11.538919486115363],[13.645638474507734,11.50277426652828],[13.59473644525941,11.53274835106391],[13.572921289867272,11.52128767168264],[13.593827480451406,11.434891780962294],[13.542016486395077,11.41461519436466],[13.512020647730886,11.376706793334307],[13.505657894074846,11.31587703354141],[13.402035905962189,11.323811350036134],[13.347498017481842,11.381996337664123],[13.250238783025225,11.379351565499213],[13.192065035312856,11.320284987149591]]]}},{"type":"Feature","id":"jere","properties":{"id":"jere","name":"Jere","parentId":"borno","level":"lga"},"geometry":{"type":"Polygon","coordinates":[[[13.092078906432222,11.835133968585119],[13.076626504696124,11.787528069616766],[13.182066422424793,11.810449428379307],[13.153888513376614,11.898608500542924],[13.112985097016354,11.884503048996745],[13.091169941624216,11.914477133532376],[13.084807187968176,12.032610290231624],[13.070263751040084,12.042307788169623],[13.059356173344014,12.090795277859613],[13.10934923778433,12.176309577858323],[13.15479747818462,12.189533438682865],[13.224787768401065,12.127822088168331],[13.19570089454488,12.083742552086523],[13.261146360721295,12.030847108788352],[13.292051164193492,11.91624031497565],[13.28568841053745,11.861581690234205],[13.224787768401065,11.845713057244755],[13.247511888601208,11.811331019100944],[13.218425014745023,11.769014664462407],[13.302049777081555,11.710829676834418],[13.278416692073405,11.694961043844966],[13.230241557249098,11.711711267556055],[13.192974000120863,11.746974896421502],[13.142980935680544,11.758435575802771],[13.122983709904418,11.725816719102234],[13.080262363928147,11.7152376304426],[13.017543792175749,11.74256694281332],[13.04935756045595,11.770777845905679],[13.039358947567887,11.803396702606218],[13.092078906432222,11.835133968585119]]]}},{"type":"Feature","id":"eti-osa","properties":{"id":"eti-osa","name":"Eti Osa","parentId":"lagos","level":"lga"},"geometry":{"type":"Polygon","coordinates":[[[3.4034230178987563,6.4389171614500595],[3.404331982706762,6.458312157326056],[3.4225112788668772,6.468009655264053],[3.5043181115873963,6.453904203717874],[3.551584281603696,6.467128064542417],[3.6161207829721054,6.512970782067499],[3.6670228122204285,6.4918126047482305],[3.6279373254761804,6.422166937738972],[3.4297829973309235,6.422166937738972],[3.377063038466589,6.398363988254795],[3.4034230178987563,6.4389171614500595]]]}},{"type":"Feature","id":"kosofe","properties":{"id":"kosofe","name":"Kosofe","parentId":"lagos","level":"lga"},"geometry":{"type":"Polygon","coordinates":[[[3.3670644255785254,6.5588134995925795],[3.3834257921226296,6.593195537736391],[3.3725182144265604,6.640801436704745],[3.431600926946935,6.640801436704745],[3.4415995398349986,6.60730098928257],[3.407967841938785,6.583498039798393],[3.399787158666733,6.539418503716584],[3.3670644255785254,6.5588134995925795]]]}},{"type":"Feature","id":"ibadan-north","properties":{"id":"ibadan-north","name":"Ibadan North","parentId":"oyo","level":"lga"},"geometry":{"type":"Polygon","coordinates":[[[3.9369853601981415,7.422772406796037],[3.940621219430164,7.419246043909492],[3.898808838261899,7.379574461435864],[3.8651771403656854,7.425417178960945],[3.8860833309498184,7.45450967277494],[3.9369853601981415,7.422772406796037]]]}},{"type":"Feature","id":"akinyele","properties":{"id":"akinyele","name":"Akinyele","parentId":"oyo","level":"lga"},"geometry":{"type":"Polygon","coordinates":[[[4.063331468510943,7.651104403699808],[3.9860694598304525,7.594682597515092],[3.976979811750395,7.5603005593712815],[4.005157720798573,7.515339432567836],[3.9478929378942107,7.482720575867297],[3.9369853601981415,7.422772406796037],[3.8860833309498184,7.45450967277494],[3.886992295757824,7.492418073805295],[3.8469978442055703,7.508286706794746],[3.79336892053323,7.5576557872063725],[3.7670089411010625,7.6079064583396345],[3.8888102253738355,7.676670534627257],[3.940621219430164,7.673144171740712],[3.9424391490461757,7.637880542875266],[3.9942501431025046,7.6440516779267185],[4.029699770614729,7.666973036689258],[4.063331468510943,7.651104403699808]]]}},{"type":"Feature","id":"ido","properties":{"id":"ido","name":"Ido","parentId":"oyo","level":"lga"},"geometry":{"type":"Polygon","coordinates":[[[3.546130492755662,7.440404221228761],[3.547948422371673,7.480957394424025],[3.575217366611846,7.504760343908202],[3.6133938885480883,7.605261686174726],[3.6952007212686073,7.651104403699808],[3.7670089411010625,7.6079064583396345],[3.79336892053323,7.5576557872063725],[3.8469978442055703,7.508286706794746],[3.886992295757824,7.492418073805295],[3.8860833309498184,7.45450967277494],[3.8651771403656854,7.425417178960945],[3.854269562669616,7.383982415044045],[3.8415440553575357,7.3575346933949595],[3.7361041376288666,7.301112887210245],[3.714288982236728,7.304639250096789],[3.7197427710847633,7.38750877793059],[3.7070172637726824,7.44745694700185],[3.546130492755662,7.440404221228761]]]}},{"type":"Feature","id":"ibadan-north-west","properties":{"id":"ibadan-north-west","name":"Ibadan North West","parentId":"oyo","level":"lga"},"geometry":{"type":"Polygon","coordinates":[[[3.8651771403656854,7.425417178960945],[3.898808838261899,7.379574461435864],[3.891537119797853,7.3769296892709555],[3.854269562669616,7.383982415044045],[3.8651771403656854,7.425417178960945]]]}},{"type":"Feature","id":"ibadan-south-west","properties":{"id":"ibadan-south-west","name":"Ibadan South West","parentId":"oyo","level":"lga"},"geometry":{"type":"Polygon","coordinates":[[[3.8706309292137204,7.339902878962236],[3.8415440553575357,7.3575346933949595],[3.854269562669616,7.383982415044045],[3.891537119797853,7.3769296892709555],[3.8706309292137204,7.339902878962236]]]}},{"type":"Feature","id":"ibadan-south-east","properties":{"id":"ibadan-south-east","name":"Ibadan South East","parentId":"oyo","level":"lga"},"geometry":{"type":"Polygon","coordinates":[[[3.898808838261899,7.379574461435864],[3.909716415957968,7.342547651127145],[3.8706309292137204,7.339902878962236],[3.891537119797853,7.3769296892709555],[3.898808838261899,7.379574461435864]]]}},{"type":"Feature","id":"abeokuta-south","properties":{"id":"abeokuta-south","name":"Abeokuta South","parentId":"ogun","level":"lga"},"geometry":{"type":"Polygon","coordinates":[[[3.3316147980663007,7.135373831542642],[3.354338918266445,7.194440409892266],[3.3161623963302027,7.220888131541352],[3.354338918266445,7.234111992365895],[3.408876806746791,7.159176781026819],[3.3316147980663007,7.135373831542642]]]}},{"type":"Feature","id":"alimosho","properties":{"id":"alimosho","name":"Alimosho","parentId":"lagos","level":"lga"},"geometry":{"type":"Polygon","coordinates":[[[3.199814900905465,6.531484187221858],[3.193452147249424,6.5782084954685764],[3.2379914228417066,6.619643259385477],[3.257079683809828,6.692815289281279],[3.3061637834421393,6.6478541624778344],[3.3161623963302027,6.605537807839298],[3.3088906778661564,6.587905993406574],[3.2861665576660126,6.567629406808942],[3.2898024168980355,6.4918126047482305],[3.2370824580337008,6.481233516088596],[3.199814900905465,6.531484187221858]]]}},{"type":"Feature","id":"ifakoijaye","properties":{"id":"ifakoijaye","name":"Ifako/Ijaye","parentId":"lagos","level":"lga"},"geometry":{"type":"Polygon","coordinates":[[[3.257079683809828,6.692815289281279],[3.2779858743939605,6.693696880002916],[3.353429953458439,6.658433251137469],[3.3370685869143353,6.626695985158566],[3.3061637834421393,6.6478541624778344],[3.257079683809828,6.692815289281279]]]}},{"type":"Feature","id":"ikorodu","properties":{"id":"ikorodu","name":"Ikorodu","parentId":"lagos","level":"lga"},"geometry":{"type":"Polygon","coordinates":[[[3.44341746945101,6.68576256350819],[3.69247382684459,6.683117791343282],[3.6988365805006307,6.683999382064918],[3.684293143572538,6.641683027426382],[3.700654510116642,6.597603491344572],[3.6324821495162096,6.539418503716584],[3.5852159794999094,6.548234410932945],[3.5243153373635234,6.513852372789135],[3.46705055445916,6.53589214083004],[3.4415995398349986,6.60730098928257],[3.431600926946935,6.640801436704745],[3.439781610218987,6.675183474848556],[3.44341746945101,6.68576256350819]]]}},{"type":"Feature","id":"ifo","properties":{"id":"ifo","name":"Ifo","parentId":"ogun","level":"lga"},"geometry":{"type":"Polygon","coordinates":[[[3.081649475864715,6.761579365568902],[3.058016390856565,6.830343441856524],[3.1307335754970262,6.851501619175792],[3.205268689753499,6.833869804743069],[3.2379914228417066,6.845330484124339],[3.259806578233845,6.888528429484511],[3.3043458538261277,6.905278653195599],[3.362519601538497,6.8312250325781605],[3.3588837423064737,6.757171411960721],[3.393424405010693,6.684880972786554],[3.439781610218987,6.675183474848556],[3.431600926946935,6.640801436704745],[3.3725182144265604,6.640801436704745],[3.353429953458439,6.658433251137469],[3.2779858743939605,6.693696880002916],[3.2825306984339893,6.729842099589999],[3.24162728207373,6.762460956290537],[3.186180428785378,6.746592323301087],[3.081649475864715,6.761579365568902]]]}},{"type":"Feature","id":"ikeja","properties":{"id":"ikeja","name":"Ikeja","parentId":"lagos","level":"lga"},"geometry":{"type":"Polygon","coordinates":[[[3.3670644255785254,6.5588134995925795],[3.351612023842428,6.555287136706035],[3.3088906778661564,6.587905993406574],[3.3161623963302027,6.605537807839298],[3.3370685869143353,6.626695985158566],[3.353429953458439,6.658433251137469],[3.3725182144265604,6.640801436704745],[3.3834257921226296,6.593195537736391],[3.3670644255785254,6.5588134995925795]]]}},{"type":"Feature","id":"ewekoro","properties":{"id":"ewekoro","name":"Ewekoro","parentId":"ogun","level":"lga"},"geometry":{"type":"Polygon","coordinates":[[[3.1270977162650033,7.061320210925203],[3.2398093524577183,7.06660975525502],[3.3061637834421393,7.117742017109919],[3.3434313405703757,7.034872489276117],[3.2888934520900297,7.041925215049207],[3.313435501906185,6.949358189277408],[3.3043458538261277,6.905278653195599],[3.259806578233845,6.888528429484511],[3.2379914228417066,6.845330484124339],[3.205268689753499,6.833869804743069],[3.1307335754970262,6.851501619175792],[3.058016390856565,6.830343441856524],[3.088921194328761,6.883238885154695],[3.0516536372005247,6.944950235669227],[3.0407460595044555,6.994319316080853],[3.061652250088588,7.026056582059756],[3.1107363497208995,7.0295829449463],[3.1270977162650033,7.061320210925203]]]}},{"type":"Feature","id":"ojo","properties":{"id":"ojo","name":"Ojo","parentId":"lagos","level":"lga"},"geometry":{"type":"Polygon","coordinates":[[[3.1034646312568532,6.499746921242956],[3.199814900905465,6.531484187221858],[3.2370824580337008,6.481233516088596],[3.201632830521476,6.40189035114134],[3.0207488337283284,6.3974823975331585],[3.108918420104888,6.423930119182245],[3.092557053560784,6.468009655264053],[3.1034646312568532,6.499746921242956]]]}},{"type":"Feature","id":"badagry","properties":{"id":"badagry","name":"Badagry","parentId":"lagos","level":"lga"},"geometry":{"type":"Polygon","coordinates":[[[2.8916758309915096,6.5112076006242265],[2.9543944027439077,6.501510102686229],[3.1034646312568532,6.499746921242956],[3.092557053560784,6.468009655264053],[3.108918420104888,6.423930119182245],[3.0207488337283284,6.3974823975331585],[2.8189586463510485,6.389548081038434],[2.699884256502293,6.375442629492255],[2.704429080542322,6.460075338769328],[2.7935076317268868,6.4618385202126],[2.831684153663129,6.445088296501513],[2.8844041125274638,6.474180790315507],[2.8916758309915096,6.5112076006242265]]]}},{"type":"Feature","id":"obafemi-owode","properties":{"id":"obafemi-owode","name":"Obafemi Owode","parentId":"ogun","level":"lga"},"geometry":{"type":"Polygon","coordinates":[[[3.3061637834421393,7.117742017109919],[3.3316147980663007,7.135373831542642],[3.408876806746791,7.159176781026819],[3.482502956195258,7.192677228448994],[3.5434035983316443,7.180334958346087],[3.6715676362604572,7.183861321232632],[3.712471052620717,7.225296085149532],[3.7624641170610342,7.242927899582256],[3.794277885341236,7.139781785150824],[3.7261055247408033,7.086004751131016],[3.696109686076613,7.063083392368475],[3.646116621636296,6.9899113624726725],[3.59157873315595,6.952002961442316],[3.587033909115921,6.905278653195599],[3.5543111760277135,6.910568197525416],[3.536131879867598,6.871778205773424],[3.4834119210032637,6.832106623299796],[3.4406905750269927,6.751881867630903],[3.44341746945101,6.68576256350819],[3.439781610218987,6.675183474848556],[3.393424405010693,6.684880972786554],[3.3588837423064737,6.757171411960721],[3.362519601538497,6.8312250325781605],[3.3043458538261277,6.905278653195599],[3.313435501906185,6.949358189277408],[3.2888934520900297,7.041925215049207],[3.3434313405703757,7.034872489276117],[3.3061637834421393,7.117742017109919]]]}},{"type":"Feature","id":"ipokia","properties":{"id":"ipokia","name":"Ipokia","parentId":"ogun","level":"lga"},"geometry":{"type":"Polygon","coordinates":[[[2.8271393296231,6.816237990310345],[2.8071421038469735,6.773921635671808],[2.875314464447406,6.764224137733811],[2.8725875700233887,6.683999382064918],[2.8262303648150944,6.64432779959129],[2.887131006951481,6.567629406808942],[2.8916758309915096,6.5112076006242265],[2.8844041125274638,6.474180790315507],[2.831684153663129,6.445088296501513],[2.7935076317268868,6.4618385202126],[2.704429080542322,6.460075338769328],[2.699884256502293,6.508562828459318],[2.74351456728657,6.565866225365669],[2.7280621655504715,6.624051212993658],[2.778055229990789,6.691933698559644],[2.7871448780708468,6.750118686187632],[2.7289711303584774,6.772158454228536],[2.750786285750616,6.868251842886879],[2.7916897021108755,6.86119911711379],[2.8271393296231,6.816237990310345]]]}},{"type":"Feature","id":"ohimini","properties":{"id":"ohimini","name":"Ohimini","parentId":"benue","level":"lga"},"geometry":{"type":"Polygon","coordinates":[[[7.8009947590306545,7.292296979993882],[7.768272025942448,7.30199447793188],[7.802812688646666,7.364587419168049],[7.791905110950598,7.409548545971495],[7.815538195958746,7.408666955249858],[7.861895401167041,7.399851048033496],[7.856441612319006,7.364587419168049],[7.968244283703715,7.347837195456961],[8.019146312952039,7.331086971745874],[8.101862110480564,7.218243359376443],[8.07459316624039,7.192677228448994],[8.07459316624039,7.1538872366970025],[7.969153248511722,7.106281337728648],[7.934612585807502,7.147716101645549],[7.843716105006926,7.159176781026819],[7.829172668078833,7.192677228448994],[7.824627844038805,7.279954709890976],[7.8009947590306545,7.292296979993882]]]}},{"type":"Feature","id":"ilorin-west","properties":{"id":"ilorin-west","name":"Ilorin West","parentId":"kwara","level":"lga"},"geometry":{"type":"Polygon","coordinates":[[[4.533266274249924,8.524760808841261],[4.548718675986022,8.493905133583997],[4.560535218490097,8.480681272759455],[4.566897972146137,8.471865365543092],[4.5932579515783045,8.436601736677645],[4.597802775618334,8.426904238739645],[4.5750786554181895,8.408390833585287],[4.491453893081658,8.40310128925547],[4.4532773711454166,8.430430601626192],[4.43964289902533,8.482444454202726],[4.473274596921543,8.512418538738356],[4.533266274249924,8.524760808841261]]]}},{"type":"Feature","id":"asa","properties":{"id":"asa","name":"Asa","parentId":"kwara","level":"lga"},"geometry":{"type":"Polygon","coordinates":[[[4.637797227170587,8.327284487194758],[4.590531057154287,8.251467685134047],[4.597802775618334,8.186229971732969],[4.573260725802178,8.126281802661708],[4.527812485401889,8.076031131528447],[4.495089752313682,8.117465895445347],[4.48054631538559,8.210914511938782],[4.391467764201025,8.304363128432218],[4.268757515120246,8.555616484098529],[4.208765837791866,8.680802366570866],[4.19058654163175,8.753092805745034],[4.195131365671779,8.816567337702839],[4.234216852416027,8.805106658321568],[4.257849937424177,8.734579400590674],[4.3014802482084535,8.746921670693581],[4.342383664568713,8.690499864508865],[4.395103623433048,8.656117826365055],[4.427826356521255,8.583827387190887],[4.478728385769578,8.561787619149982],[4.473274596921543,8.512418538738356],[4.43964289902533,8.482444454202726],[4.4532773711454166,8.430430601626192],[4.491453893081658,8.40310128925547],[4.5750786554181895,8.408390833585287],[4.597802775618334,8.426904238739645],[4.599620705234345,8.408390833585287],[4.661430312178737,8.35902175317366],[4.637797227170587,8.327284487194758]]]}}]}